grant_id,post_id,award_date,award_year,organization,title,amount_usd,focus_areas,funding_type,url
grants-3003-0,3003,2012-07-01,2012,United States Cochrane Center,General Support,100000.0,Other Areas,Grants,https://coefficientgiving.org/grants/us-cochrane-center-general-support/
grants-2991-0,2991,2012-08-01,2012,Population Services International,Containment of Artemisinin Resistance in Eastern Myanmar,1000000.0,GiveWell-Recommended Charities; Global Health & Wellbeing Opportunities,Grants,https://coefficientgiving.org/grants/containment-of-artemisinin-resistance-in-eastern-myanmar/
grants-2863-0,2863,2012-12-28,2012,Schistosomiasis Control Initiative,General Support,250000.0,GiveWell-Recommended Charities; Global Health & Development; Global Health & Wellbeing Opportunities,Grants,https://coefficientgiving.org/grants/schistosomiasis-control-initiative-general-support-2012/
grants-2865-0,2865,2012-12-28,2012,GiveDirectly,General Support,500000.0,GiveWell-Recommended Charities; Global Health & Development; Global Health & Wellbeing Opportunities,Grants,https://coefficientgiving.org/grants/givedirectly-general-support-december-2012/
grants-2873-0,2873,2012-12-28,2012,Against Malaria Foundation,General Support,1250000.0,GiveWell-Recommended Charities; Global Health & Development; Global Health & Wellbeing Opportunities,Grants,https://coefficientgiving.org/grants/against-malaria-foundation-general-support-december-2012/
grants-2995-0,2995,2013-07-01,2013,Center for Global Development,General Support,300000.0,Global Health & Development; Global Health & Wellbeing Opportunities; Other Global Health & Development,Grants,https://coefficientgiving.org/grants/center-for-global-development-general-support/
grants-2855-0,2855,2013-12-18,2013,Schistosomiasis Control Initiative,General Support,750000.0,GiveWell-Recommended Charities; Global Health & Development; Global Health & Wellbeing Opportunities,Grants,https://coefficientgiving.org/grants/schistosomiasis-control-initiative-general-support-2013/
grants-2857-0,2857,2013-12-18,2013,Evidence Action,Deworm the World Initiative,1500000.0,GiveWell-Recommended Charities; Global Health & Development; Global Health & Wellbeing Opportunities,Grants,https://coefficientgiving.org/grants/deworm-the-world-initiative-general-support-december-2013/
grants-2853-0,2853,2014-01-13,2014,GiveDirectly,General Support,7000000.0,GiveWell-Recommended Charities; Global Health & Development; Global Health & Wellbeing Opportunities,Grants,https://coefficientgiving.org/grants/givedirectly-general-support-january-2014/
grants-2738-0,2738,2014-01-17,2014,New Incentives,General Support,100000.0,GiveWell-Recommended Charities; Global Health & Wellbeing Opportunities,Grants,https://coefficientgiving.org/grants/new-incentives-general-support-2014/
grants-2989-0,2989,2014-03-01,2014,Center for Global Development,Labor Mobility Research,1184720.0,,Grants,https://coefficientgiving.org/grants/center-for-global-development-labor-mobility-research/
grants-2999-0,2999,2014-03-01,2014,International Development Association,Service Delivery Indicators Project,500000.0,GiveWell-Recommended Charities; Global Health & Wellbeing Opportunities,Grants,https://coefficientgiving.org/grants/service-delivery-indicators-project/
grants-2736-0,2736,2014-03-21,2014,Evidence Action,Planning for Future Programs,250000.0,GiveWell-Recommended Charities; Global Health & Wellbeing Opportunities,Grants,https://coefficientgiving.org/grants/evidence-action-planning-for-future-programs/
grants-2680-0,2680,2014-05-01,2014,GiveWell,"Top Charity ""Participation"" Grants",500000.0,GiveWell-Recommended Charities; Global Health & Development; Global Health & Wellbeing Opportunities,Grants,https://coefficientgiving.org/grants/givewell-top-charity-participation-grants-2014/
grants-2993-0,2993,2014-06-01,2014,Cochrane Collaboration,General Support,300000.0,Science and Global Health R&D,Grants,https://coefficientgiving.org/grants/cochrane-collaboration-general-support/
grants-3005-0,3005,2014-07-01,2014,U.S. Association for International Migration,Seasonal Migration from Haiti,1310483.0,,Grants,https://coefficientgiving.org/grants/usaim-seasonal-migration-from-haiti/
grants-3012-0,3012,2014-07-01,2014,ImmigrationWorks Foundation,General Support,285000.0,,Grants,https://coefficientgiving.org/grants/immigrationworks-foundation-general-support/
grants-3014-0,3014,2014-07-01,2014,Alliance for Open Society International,Albanian Renaissance,500000.0,Global Health & Development; Global Health & Wellbeing Opportunities; Other Areas; Other Global Health & Development,Grants,https://coefficientgiving.org/grants/alliance-for-open-society-international-albanian-renaissance/
grants-2693-0,2693,2014-09-01,2014,IDinsight,Scaling Up a High-Potential Development Intervention,34382.0,GiveWell-Recommended Charities; Global Health & Wellbeing Opportunities,Grants,https://coefficientgiving.org/grants/idinsight-scaling-up-a-high-potential-development-intervention/
grants-3017-0,3017,2014-09-01,2014,WaitList Zero,Planning Grant,50000.0,Global Health & Wellbeing Opportunities,Grants,https://coefficientgiving.org/grants/waitlist-zero-planning-grant/
grants-2851-0,2851,2014-12-09,2014,Schistosomiasis Control Initiative,General Support,3000000.0,GiveWell-Recommended Charities; Global Health & Development; Global Health & Wellbeing Opportunities,Grants,https://coefficientgiving.org/grants/schistosomiasis-control-initiative-general-support-2014/
grants-2837-0,2837,2014-12-10,2014,GiveDirectly,General Support,5000000.0,GiveWell-Recommended Charities; Global Health & Development; Global Health & Wellbeing Opportunities,Grants,https://coefficientgiving.org/grants/givedirectly-general-support-december-2014/
grants-2839-0,2839,2014-12-10,2014,Living Goods,General Support,250000.0,GiveWell-Recommended Charities; Global Health & Development; Global Health & Wellbeing Opportunities,Grants,https://coefficientgiving.org/grants/living-goods-general-support-december-2014/
grants-2841-0,2841,2014-12-10,2014,Against Malaria Foundation,General Support,5000000.0,GiveWell-Recommended Charities; Global Health & Development; Global Health & Wellbeing Opportunities,Grants,https://coefficientgiving.org/grants/against-malaria-foundation-general-support-december-2014/
grants-2843-0,2843,2014-12-10,2014,Development Media International,General Support,250000.0,GiveWell-Recommended Charities; Global Health & Development; Global Health & Wellbeing Opportunities,Grants,https://coefficientgiving.org/grants/development-media-international-general-support-december-2014/
grants-2845-0,2845,2014-12-10,2014,Iodine Global Network,General Support,250000.0,GiveWell-Recommended Charities; Global Health & Development; Global Health & Wellbeing Opportunities,Grants,https://coefficientgiving.org/grants/iodine-global-network-general-support-december-2014/
grants-2847-0,2847,2014-12-10,2014,Global Alliance for Improved Nutrition,General Support,250000.0,GiveWell-Recommended Charities; Global Health & Development; Global Health & Wellbeing Opportunities,Grants,https://coefficientgiving.org/grants/global-alliance-for-improved-nutrition-general-support-december-2014/
grants-2849-0,2849,2014-12-10,2014,Evidence Action,Deworm the World Initiative,250000.0,GiveWell-Recommended Charities; Global Health & Development; Global Health & Wellbeing Opportunities,Grants,https://coefficientgiving.org/grants/deworm-the-world-initiative-general-support-december-2014/
grants-2678-0,2678,2015-01-01,2015,GiveWell,"Top Charity ""Participation"" Grants",500000.0,GiveWell-Recommended Charities; Global Health & Development; Global Health & Wellbeing Opportunities,Grants,https://coefficientgiving.org/grants/givewell-top-charity-participation-grants-2015/
grants-2763-0,2763,2015-02-01,2015,"Associated Students of the University of California, Berkeley","Effective Altruists of Berkeley ""DeCal"" University Course",10000.0,Global Catastrophic Risks Opportunities,Grants,https://coefficientgiving.org/grants/asuc-effective-altruists-of-berkeley-decal-university-course/
grants-2691-0,2691,2015-03-01,2015,New Incentives,General Support,100000.0,GiveWell-Recommended Charities; Global Health & Wellbeing Opportunities,Grants,https://coefficientgiving.org/grants/new-incentives-general-support-2015/
grants-3021-0,3021,2015-03-01,2015,Carnegie Endowment for International Peace,Work on India and China,100000.0,Global Health & Development; Global Health & Wellbeing Opportunities; Other Areas; Other Global Health & Development,Grants,https://coefficientgiving.org/grants/carnegie-endowment-for-international-peace-work-on-india-and-china/
grants-2532-0,2532,2015-03-11,2015,Evidence Action,Seasonal Income Support Project,170792.0,GiveWell-Recommended Charities; Global Health & Wellbeing Opportunities,Grants,https://coefficientgiving.org/grants/evidence-action-seasonal-income-support-project/
grants-2973-0,2973,2015-04-17,2015,Blue Ribbon Study Panel on Biodefense,General Support,300000.0,Biosecurity & Pandemic Preparedness,Grants,https://coefficientgiving.org/grants/blue-ribbon-study-panel-on-biodefense/
grants-2835-0,2835,2015-06-01,2015,GiveDirectly,General Support,25000000.0,GiveWell-Recommended Charities; Global Health & Development; Global Health & Wellbeing Opportunities,Grants,https://coefficientgiving.org/grants/givedirectly-general-support-june-2015/
grants-2986-0,2986,2015-06-01,2015,Brookings Institution,Work on China and India,100000.0,Global Health & Development; Other Areas; Other Global Health & Development,Grants,https://coefficientgiving.org/grants/brookings-institution-work-on-china-and-india/
grants-2982-0,2982,2015-07-01,2015,Smart Growth America,Greater Greater Washington Education Project (Predates Fund),275000.0,Abundance & Growth; Housing Policy Reform,Grants,https://coefficientgiving.org/grants/smart-growth-america-greater-greater-washington-education-project/
grants-2943-0,2943,2015-07-10,2015,Solar Radiation Management Governance Initiative,General Support,500000.0,Global Catastrophic Risks Opportunities,Grants,https://coefficientgiving.org/grants/solar-radiation-management-governance-initiative-general-support/
grants-2977-0,2977,2015-08-01,2015,Future of Life Institute,Artificial Intelligence Risk Reduction,1186000.0,Navigating Transformative AI,Grants,https://coefficientgiving.org/grants/future-of-life-institute-artificial-intelligence-risk-reduction/
grants-2979-0,2979,2015-08-01,2015,New York University,Support for a Labor Mobility RCT,30000.0,,Grants,https://coefficientgiving.org/grants/new-york-university-support-for-a-labor-mobility-rct/
grants-2981-0,2981,2015-08-01,2015,WaitList Zero,General Support,200000.0,Global Health & Wellbeing Opportunities,Grants,https://coefficientgiving.org/grants/waitlist-zero-general-support/
grants-2975-0,2975,2015-09-01,2015,Urban Institute,Land Use Convening (Predates Fund),97865.0,Abundance & Growth; Housing Policy Reform,Grants,https://coefficientgiving.org/grants/urban-institute-land-use-convening/
grants-2740-0,2740,2015-09-18,2015,Abdul Latif Jameel Poverty Action Lab,Support for Immunization Incentives RCTs,200000.0,GiveWell-Recommended Charities; Global Health & Wellbeing Opportunities,Grants,https://coefficientgiving.org/grants/j-pal-support-for-immunization-incentives-rcts/
grants-2972-0,2972,2015-10-16,2015,Niskanen Center,Research on Immigration Policy,360000.0,,Grants,https://coefficientgiving.org/grants/niskanen-center-research-on-immigration-policy/
grants-2833-0,2833,2015-10-22,2015,Global Alliance for Improved Nutrition,General Support,250000.0,GiveWell-Recommended Charities; Global Health & Development; Global Health & Wellbeing Opportunities,Grants,https://coefficientgiving.org/grants/global-alliance-for-improved-nutrition-general-support-october-2015/
grants-2962-0,2962,2015-10-23,2015,Sightline Institute,Housing and Urban Development (Predates Fund),400000.0,Abundance & Growth; Housing Policy Reform,Grants,https://coefficientgiving.org/grants/sightline-institute-housing-and-urban-development/
grants-2931-0,2931,2015-10-28,2015,MoveOn.org Civic Action,Syrian Refugee Advocacy,375000.0,,Grants,https://coefficientgiving.org/grants/moveon-civic-action-syrian-refugee-advocacy/
grants-2831-0,2831,2015-12-08,2015,Living Goods,General Support,250000.0,GiveWell-Recommended Charities; Global Health & Development; Global Health & Wellbeing Opportunities,Grants,https://coefficientgiving.org/grants/living-goods-general-support-december-2015/
grants-2827-0,2827,2015-12-10,2015,Iodine Global Network,General Support,250000.0,GiveWell-Recommended Charities; Global Health & Development; Global Health & Wellbeing Opportunities,Grants,https://coefficientgiving.org/grants/iodine-global-network-general-support-december-2015/
grants-2829-0,2829,2015-12-10,2015,Development Media International,General Support,250000.0,GiveWell-Recommended Charities; Global Health & Development; Global Health & Wellbeing Opportunities,Grants,https://coefficientgiving.org/grants/development-media-international-general-support-december-2015/
grants-2969-0,2969,2015-12-16,2015,ImmigrationWorks Foundation,General Support,150000.0,,Grants,https://coefficientgiving.org/grants/immigrationworks-foundation-general-support-2016/
grants-2819-0,2819,2016-01-06,2016,Against Malaria Foundation,General Support,22845518.0,GiveWell-Recommended Charities; Global Health & Wellbeing Opportunities,Grants,https://coefficientgiving.org/grants/against-malaria-foundation-general-support-january-2016/
grants-2821-0,2821,2016-01-06,2016,Evidence Action,Deworm the World Initiative,10790000.0,GiveWell-Recommended Charities; Global Health & Wellbeing Opportunities,Grants,https://coefficientgiving.org/grants/deworm-the-world-initiative-general-support-january-2016/
grants-2823-0,2823,2016-01-06,2016,Schistosomiasis Control Initiative,General Support,1000000.0,GiveWell-Recommended Charities; Global Health & Development; Global Health & Wellbeing Opportunities,Grants,https://coefficientgiving.org/grants/schistosomiasis-control-initiative-general-support-2016/
grants-2825-0,2825,2016-01-06,2016,GiveDirectly,General Support,9750000.0,GiveWell-Recommended Charities; Global Health & Development; Global Health & Wellbeing Opportunities,Grants,https://coefficientgiving.org/grants/givedirectly-general-support-january-2016/
grants-2960-0,2960,2016-01-15,2016,Rescuing Biomedical Research,General Support,299112.0,Science and Global Health R&D,Grants,https://coefficientgiving.org/grants/princeton-university-rescuing-biomedical-research-2016/
grants-5812-0,5812,2016-02-01,2016,Center for Global Development,General Support,3000000.0,Global Health & Development; Global Health & Wellbeing Opportunities; Other Global Health & Development,Grants,https://coefficientgiving.org/grants/center-for-global-development-general-support-2016/
grants-2936-0,2936,2016-02-17,2016,Humane Society of the United States,Corporate Cage-Free Campaigns,500000.0,Cage-Free Reforms; Farm Animal Welfare,Grants,https://coefficientgiving.org/grants/humane-society-of-the-united-states-corporate-cage-free-campaigns/
grants-2951-0,2951,2016-02-17,2016,The Humane League,Corporate Cage-Free Campaigns,1000000.0,Cage-Free Reforms; Farm Animal Welfare,Grants,https://coefficientgiving.org/grants/the-humane-league-corporate-cage-free-campaigns/
grants-2940-0,2940,2016-02-19,2016,Mercy For Animals,Corporate Cage-Free Campaigns,1000000.0,Cage-Free Reforms; Farm Animal Welfare,Grants,https://coefficientgiving.org/grants/mercy-for-animals-corporate-cage-free-campaigns-2016/
grants-2954-0,2954,2016-02-24,2016,Protect the People,Seasonal Migration from Haiti,550000.0,,Grants,https://coefficientgiving.org/grants/protect-the-people-seasonal-migration-from-haiti/
grants-2922-0,2922,2016-02-25,2016,Seattle for Everyone,General Support (Predates Fund),50000.0,Abundance & Growth; Housing Policy Reform,Grants,https://coefficientgiving.org/grants/seattle-for-everyone-general-support/
grants-20871-0,20871,2016-03-01,2016,Massachusetts Institute of Technology,Synthetic Neurobiology Group,2970000.0,Science and Global Health R&D; Transformative Science,Grants,https://coefficientgiving.org/grants/massachusetts-institute-of-technology-synthetic-neurobiology-group/
grants-2687-0,2687,2016-03-01,2016,Evidence Action,No Lean Season,812351.0,GiveWell-Recommended Charities; Global Health & Wellbeing Opportunities,Grants,https://coefficientgiving.org/grants/evidence-action-no-lean-season-march-2016/
grants-2689-0,2689,2016-03-01,2016,New Incentives,General Support,300000.0,GiveWell-Recommended Charities; Global Health & Wellbeing Opportunities,Grants,https://coefficientgiving.org/grants/new-incentives-general-support-2016/
grants-2966-0,2966,2016-03-11,2016,Future of Life Institute,General Support,100000.0,Global Catastrophic Risks Opportunities,Grants,https://coefficientgiving.org/grants/future-of-life-institute-general-support/
grants-2915-0,2915,2016-03-30,2016,University of Pennsylvania,Forecasting Projects (Philip Tetlock),500000.0,Forecasting,Grants,https://coefficientgiving.org/grants/university-of-pennsylvania-philip-tetlock-on-forecasting/
grants-5659-0,5659,2016-04-01,2016,Compassion in World Farming USA,General Support,550000.0,Broiler Chicken Welfare; Cage-Free Reforms; Farm Animal Welfare,Grants,https://coefficientgiving.org/grants/compassion-in-world-farming-usa-general-support-2016/
grants-2228-0,2228,2016-04-15,2016,University of Southern California,Genomic Research Methods,1738500.0,Science and Global Health R&D; Transformative Science,Grants,https://coefficientgiving.org/grants/university-of-southern-california-genomic-research-methods/
grants-2910-0,2910,2016-04-15,2016,Global Animal Partnership,General Support,500000.0,Farm Animal Welfare,Grants,https://coefficientgiving.org/grants/global-animal-partnership-general-support-2016/
grants-2958-0,2958,2016-04-25,2016,Future of Research,General Support,300000.0,Science and Global Health R&D,Grants,https://coefficientgiving.org/grants/future-of-research-general-support/
grants-2894-0,2894,2016-04-29,2016,Better Boulder,YIMBY 2016 (Predates Fund),37000.0,Abundance & Growth; Housing Policy Reform,Grants,https://coefficientgiving.org/grants/better-boulder-yimby-2016/
grants-2685-0,2685,2016-05-01,2016,Results for Development,Childhood Pneumonia Treatment Scale-Up,6400000.0,GiveWell-Recommended Charities; Global Health & Wellbeing Opportunities,Grants,https://coefficientgiving.org/grants/results-for-development-childhood-pneumonia-treatment-scale-up/
grants-2686-0,2686,2016-05-01,2016,Innovations for Poverty Action,Mindset Engagement in Cash Transfers,350000.0,GiveWell-Recommended Charities; Global Health & Wellbeing Opportunities,Grants,https://coefficientgiving.org/grants/innovations-for-poverty-action-mindset-engagement-in-cash-transfers/
grants-2748-0,2748,2016-05-01,2016,Free Migration Project,Planning Grant,24000.0,,Grants,https://coefficientgiving.org/grants/free-migration-project-planning-grant/
grants-2901-0,2901,2016-05-05,2016,International Genetically Engineered Machine Foundation,Synthetic Biology Safety and Security,520000.0,Biosecurity & Pandemic Preparedness,Grants,https://coefficientgiving.org/grants/igem-synthetic-biology-safety-and-security-2016/
grants-2908-0,2908,2016-05-06,2016,International Refugee Assistance Project,General Support,700000.0,,Grants,https://coefficientgiving.org/grants/international-refugee-assistance-project-general-support-2016/
grants-2916-0,2916,2016-05-06,2016,Forum for Climate Engineering Assessment,Academic Working Group,76234.0,Global Catastrophic Risks Opportunities,Grants,https://coefficientgiving.org/grants/american-university-forum-for-climate-engineering-assessment/
grants-2882-0,2882,2016-05-17,2016,Center for Applied Rationality,SPARC,304000.0,Global Catastrophic Risks Opportunities,Grants,https://coefficientgiving.org/grants/center-for-applied-rationality-sparc/
grants-2684-0,2684,2016-06-01,2016,IDinsight,General Support,1985000.0,GiveWell-Recommended Charities; Global Health & Wellbeing Opportunities,Grants,https://coefficientgiving.org/grants/idinsight-general-support/
grants-37787-0,37787,2016-06-15,2016,California Housing Defense Fund,General Support (Predates Fund),300000.0,Abundance & Growth; Housing Policy Reform,Grants,https://coefficientgiving.org/grants/general-support-predates-fund/
grants-2886-0,2886,2016-06-21,2016,George Mason University,Research into Future Artificial Intelligence Scenarios (Robin Hanson),277435.0,Navigating Transformative AI,Grants,https://coefficientgiving.org/grants/george-mason-university-research-into-future-artificial-intelligence-scenarios/
grants-2912-0,2912,2016-06-22,2016,California Housing and Defense Fund,California Renters Legal Advocacy and Education Fund,300000.0,Global Health & Wellbeing Opportunities; Other Areas,Grants,https://coefficientgiving.org/grants/california-renters-legal-advocacy-and-education-fund-general-support/
grants-2878-0,2878,2016-07-22,2016,Center for Applied Rationality,General Support,1035000.0,Global Catastrophic Risks Opportunities,Grants,https://coefficientgiving.org/grants/center-for-applied-rationality-general-support/
grants-2888-0,2888,2016-07-22,2016,Foundation for the National Institutes of Health,Working Group on Malaria Gene Drive Testing Path,1228845.0,Infectious Diseases; Science and Global Health R&D; Transformative Science,Grants,https://coefficientgiving.org/grants/foundation-for-the-national-institutes-of-health-working-group-on-malaria-gene-drive-testing-path/
grants-2785-0,2785,2016-07-26,2016,The Humane League,International Cage-Free Advocacy,1000000.0,Cage-Free Reforms; Farm Animal Welfare; Farm Animal Welfare in Asia; Farm Animal Welfare in Europe,Grants,https://coefficientgiving.org/grants/the-humane-league-international-cage-free-advocacy/
grants-2223-0,2223,2016-08-01,2016,Research Institute of Industrial Economics,Genomic Research Methods,500000.0,Science and Global Health R&D; Transformative Science,Grants,https://coefficientgiving.org/grants/research-institute-of-industrial-economics-genomic-research-methods/
grants-2772-0,2772,2016-08-03,2016,Blue Ribbon Study Panel on Biodefense,General Support,1300000.0,Biosecurity & Pandemic Preparedness,Grants,https://coefficientgiving.org/grants/blue-ribbon-study-panel-on-biodefense-general-support-2016/
grants-2779-0,2779,2016-08-05,2016,Animal Equality,International Cage-Free Advocacy,500000.0,Cage-Free Reforms; Farm Animal Welfare; Farm Animal Welfare in Asia; Farm Animal Welfare in Europe,Grants,https://coefficientgiving.org/grants/animal-equality-international-cage-free-advocacy/
grants-2781-0,2781,2016-08-10,2016,Mercy For Animals,International Cage-Free Advocacy,1000000.0,Cage-Free Reforms; Farm Animal Welfare; Farm Animal Welfare in Asia,Grants,https://coefficientgiving.org/grants/mercy-for-animals-international-cage-free-advocacy/
grants-2783-0,2783,2016-08-10,2016,Humane Society International,International Cage-Free Outreach,1000000.0,Cage-Free Reforms; Farm Animal Welfare; Farm Animal Welfare in Asia,Grants,https://coefficientgiving.org/grants/humane-society-international-international-cage-free-outreach/
grants-2880-0,2880,2016-08-16,2016,"University of California, Berkeley",Center for Human-Compatible AI,5555550.0,Navigating Transformative AI,Grants,https://coefficientgiving.org/grants/uc-berkeley-center-for-human-compatible-ai-2016/
grants-2807-0,2807,2016-08-26,2016,Machine Intelligence Research Institute,General Support,500000.0,Navigating Transformative AI,Grants,https://coefficientgiving.org/grants/machine-intelligence-research-institute-general-support-2016/
grants-2774-0,2774,2016-08-31,2016,People for Animals,International Cage-Free Advocacy,89392.0,Cage-Free Reforms; Farm Animal Welfare; Farm Animal Welfare in Asia,Grants,https://coefficientgiving.org/grants/people-for-animals-international-cage-free-advocacy/
grants-2676-0,2676,2016-09-01,2016,GiveWell,"Top Charity ""Participation"" Grants",500000.0,GiveWell-Recommended Charities; Global Health & Development; Global Health & Wellbeing Opportunities,Grants,https://coefficientgiving.org/grants/givewell-top-charity-participation-grants-2016/
grants-2769-0,2769,2016-09-09,2016,Project Peanut Butter,Ready-to-Use Therapeutic Food RCTpratc,724929.0,Policy and Practice; Science and Global Health R&D,Grants,https://coefficientgiving.org/grants/project-peanut-butter-ready-to-use-therapeutic-food-rct/
grants-2673-0,2673,2016-09-16,2016,CDC Foundation,Malaria Control Research,1214437.0,Science and Global Health R&D,Grants,https://coefficientgiving.org/grants/cdc-foundation-malaria-control-research-2016/
grants-2758-0,2758,2016-09-21,2016,The Good Food Institute,General Support,1000000.0,Alternatives to Animal Products; Farm Animal Welfare,Grants,https://coefficientgiving.org/grants/the-good-food-institute-general-support/
grants-2875-0,2875,2016-09-21,2016,University of Cape Town,Geomagnetics Research,493425.0,Global Catastrophic Risks Opportunities,Grants,https://coefficientgiving.org/grants/university-of-cape-town-geomagnetics-research/
grants-2651-0,2651,2016-09-22,2016,Future of Humanity Institute,Biosecurity and Pandemic Preparedness Work,115652.0,Biosecurity & Pandemic Preparedness,Grants,https://coefficientgiving.org/grants/future-of-humanity-institute-biosecurity-and-pandemic-preparedness/
grants-2760-0,2760,2016-09-30,2016,Founders Pledge,General Support,1032947.0,Global Catastrophic Risks Opportunities,Grants,https://coefficientgiving.org/grants/founders-pledge-general-support/
grants-2538-0,2538,2016-10-06,2016,Protect the People,Access to Seasonal Work (Exit Grant),50000.0,,Grants,https://coefficientgiving.org/grants/protect-the-people-exit-grant/
grants-2787-0,2787,2016-10-14,2016,Johns Hopkins Center for Health Security,Emerging Leaders in Biosecurity Initiative,2744000.0,Biosecurity & Pandemic Preparedness,Grants,https://coefficientgiving.org/grants/johns-hopkins-center-for-health-security-emerging-leaders-in-biosecurity-initiative/
grants-2752-0,2752,2016-10-19,2016,Center for International Security and Cooperation,Megan Palmer's Biosecurity Research,643415.0,Biosecurity & Pandemic Preparedness,Grants,https://coefficientgiving.org/grants/center-for-international-security-and-cooperation-megan-palmers-biosecurity-research-2016/
grants-2775-0,2775,2016-10-26,2016,Fórum Nacional de Proteção e Defesa Animal,International Cage-Free Advocacy,100000.0,Cage-Free Reforms; Farm Animal Welfare,Grants,https://coefficientgiving.org/grants/forum-nacional-de-protecao-e-defesa-animal-international-cage-free-advocacy/
grants-2682-0,2682,2016-11-01,2016,Charity Science Health,General Support,200000.0,GiveWell-Recommended Charities; Global Health & Wellbeing Opportunities,Grants,https://coefficientgiving.org/grants/charity-science-health-general-support/
grants-2683-0,2683,2016-11-01,2016,IDinsight,Embedded GiveWell Team,314752.0,GiveWell-Recommended Charities; Global Health & Wellbeing Opportunities,Grants,https://coefficientgiving.org/grants/idinsight-embedded-givewell-team/
grants-2731-0,2731,2016-11-04,2016,The Humane League,General Support,1000000.0,Farm Animal Welfare,Grants,https://coefficientgiving.org/grants/the-humane-league-general-support-2016/
grants-2725-0,2725,2016-11-09,2016,Mercy For Animals,Broiler Chicken Welfare Corporate Campaigns,1000000.0,Broiler Chicken Welfare; Farm Animal Welfare,Grants,https://coefficientgiving.org/grants/mercy-for-animals-broiler-chicken-welfare-corporate-campaigns-2016/
grants-2727-0,2727,2016-11-09,2016,Humane Society of the United States,Broiler Welfare Corporate Campaigns,1000000.0,Broiler Chicken Welfare; Farm Animal Welfare,Grants,https://coefficientgiving.org/grants/humane-society-of-the-united-states-broiler-welfare-corporate-campaigns/
grants-2729-0,2729,2016-11-09,2016,Electronic Frontier Foundation,Artificial Intelligence Scenarios and Social Impacts,199000.0,Navigating Transformative AI,Grants,https://coefficientgiving.org/grants/electronic-frontier-foundation-artificial-intelligence-scenarios-and-social-impacts/
grants-2536-0,2536,2016-11-17,2016,New Incentives,Cash Transfers Program (Exit Grant) and Immunizations Pilot,368587.0,GiveWell-Recommended Charities; Global Health & Wellbeing Opportunities,Grants,https://coefficientgiving.org/grants/new-incentives-exit-grant-and-immunizations-pilot/
grants-2633-0,2633,2016-11-30,2016,Impossible Foods,R&D Investment,,Other Scientific Research Areas; Science and Global Health R&D,Investments,https://coefficientgiving.org/grants/impossible-foods-rd-investment/
grants-2720-0,2720,2016-12-02,2016,Compassion Over Killing,U.S. Broiler Welfare Campaigns,500000.0,Broiler Chicken Welfare; Farm Animal Welfare,Grants,https://coefficientgiving.org/grants/compassion-over-killing-u-s-broiler-welfare-campaigns/
grants-2716-0,2716,2016-12-06,2016,Eurogroup for Animals,Fish Welfare,535699.0,Farm Animal Welfare; Farm Animal Welfare in Europe; Fish Welfare,Grants,https://coefficientgiving.org/grants/eurogroup-for-animals-fish-welfare-2016/
grants-2714-0,2714,2016-12-09,2016,AI Impacts,General Support,32000.0,Navigating Transformative AI,Grants,https://coefficientgiving.org/grants/ai-impacts-general-support-2016/
grants-2667-0,2667,2016-12-15,2016,"University of California, Berkeley",Plant Pathology Workshop (Brian Staskawicz),63000.0,Science and Global Health R&D,Grants,https://coefficientgiving.org/grants/uc-berkeley-plant-pathology-workshop-brian-staskawicz/
grants-2789-0,2789,2016-12-28,2016,Harvard University,Solar Geoengineering Research Program,2500000.0,Global Catastrophic Risks Opportunities,Grants,https://coefficientgiving.org/grants/harvard-university-solar-geoengineering-research-program/
grants-2534-0,2534,2016-12-29,2016,Evidence Action,No Lean Season,1687500.0,GiveWell-Recommended Charities; Global Health & Wellbeing Opportunities,Grants,https://coefficientgiving.org/grants/evidence-action-no-lean-season-december-2016/
grants-2602-0,2602,2016-12-29,2016,Iodine Global Network,General Support,250000.0,GiveWell-Recommended Charities; Global Health & Development; Global Health & Wellbeing Opportunities,Grants,https://coefficientgiving.org/grants/iodine-global-network-general-support-december-2016/
grants-2604-0,2604,2016-12-29,2016,Food Fortification Initiative,General Support,250000.0,GiveWell-Recommended Charities; Global Health & Development; Global Health & Wellbeing Opportunities,Grants,https://coefficientgiving.org/grants/food-fortification-initiative-general-support-december-2016/
grants-2605-0,2605,2016-12-29,2016,Development Media International,General Support,250000.0,GiveWell-Recommended Charities; Global Health & Development; Global Health & Wellbeing Opportunities,Grants,https://coefficientgiving.org/grants/development-media-international-general-support-december-2016/
grants-2708-0,2708,2016-12-29,2016,The Pollination Project,Global Animal Advocacy Movement,233000.0,Farm Animal Welfare,Grants,https://coefficientgiving.org/grants/the-pollination-project-global-animal-advocacy-movement-2016/
grants-2600-0,2600,2016-12-30,2016,The END Fund,Deworming Program,5000000.0,GiveWell-Recommended Charities; Global Health & Development; Global Health & Wellbeing Opportunities,Grants,https://coefficientgiving.org/grants/the-end-fund-deworming-december-2016/
grants-2596-0,2596,2017-01-04,2017,Project Healthy Children,General Support,250000.0,GiveWell-Recommended Charities; Global Health & Development; Global Health & Wellbeing Opportunities,Grants,https://coefficientgiving.org/grants/project-healthy-children-general-support-january-2017/
grants-2598-0,2598,2017-01-04,2017,Living Goods,General Support,250000.0,GiveWell-Recommended Charities; Global Health & Development; Global Health & Wellbeing Opportunities,Grants,https://coefficientgiving.org/grants/living-goods-general-support-january-2017/
grants-2586-0,2586,2017-01-10,2017,GiveDirectly,General Support,2500000.0,GiveWell-Recommended Charities; Global Health & Development; Global Health & Wellbeing Opportunities,Grants,https://coefficientgiving.org/grants/givedirectly-general-support-january-2017/
grants-2588-0,2588,2017-01-10,2017,Sightsavers,Deworming Program,2950000.0,GiveWell-Recommended Charities; Global Health & Development; Global Health & Wellbeing Opportunities,Grants,https://coefficientgiving.org/grants/sightsavers-deworming-january-2017/
grants-2590-0,2590,2017-01-10,2017,Schistosomiasis Control Initiative,General Support,13500000.0,GiveWell-Recommended Charities; Global Health & Development; Global Health & Wellbeing Opportunities,Grants,https://coefficientgiving.org/grants/schistosomiasis-control-initiative-general-support-2017/
grants-2594-0,2594,2017-01-10,2017,Against Malaria Foundation,General Support,15080000.0,GiveWell-Recommended Charities; Global Health & Development; Global Health & Wellbeing Opportunities,Grants,https://coefficientgiving.org/grants/against-malaria-foundation-general-support-january-2017/
grants-2584-0,2584,2017-01-11,2017,Evidence Action,General Support,4470000.0,GiveWell-Recommended Charities; Global Health & Development; Global Health & Wellbeing Opportunities,Grants,https://coefficientgiving.org/grants/deworm-the-world-initiative-general-support-january-2017/
grants-2777-0,2777,2017-01-11,2017,Albert Schweitzer Foundation,International Cage-Free Advocacy,111986.0,Cage-Free Reforms; Farm Animal Welfare; Farm Animal Welfare in Europe,Grants,https://coefficientgiving.org/grants/albert-schweitzer-foundation-international-cage-free-advocacy/
grants-2671-0,2671,2017-01-13,2017,Albert Schweitzer Foundation,Fish Welfare,317060.0,Farm Animal Welfare; Farm Animal Welfare in Europe; Fish Welfare,Grants,https://coefficientgiving.org/grants/albert-schweitzer-foundation-fish-welfare/
grants-2592-0,2592,2017-01-25,2017,Global Alliance for Improved Nutrition,Universal Salt Iodization Program,250000.0,GiveWell-Recommended Charities; Global Health & Development; Global Health & Wellbeing Opportunities,Grants,https://coefficientgiving.org/grants/global-alliance-for-improved-nutrition-universal-salt-iodization-january-2017/
grants-2660-0,2660,2017-01-25,2017,Blue Ribbon Study Panel on Biodefense,General Support,500000.0,Biosecurity & Pandemic Preparedness,Grants,https://coefficientgiving.org/grants/blue-ribbon-study-panel-on-biodefense-general-support-2017/
grants-2406-0,2406,2017-01-27,2017,Compassion in World Farming,Fish Welfare,1026253.0,Farm Animal Welfare; Farm Animal Welfare in Europe; Fish Welfare,Grants,https://coefficientgiving.org/grants/compassion-in-world-farming-fish-welfare/
grants-2659-0,2659,2017-01-31,2017,Farm Forward,Chicken Welfare Advocacy,100000.0,Farm Animal Welfare,Grants,https://coefficientgiving.org/grants/farm-forward-chicken-welfare-advocacy-2017/
grants-2764-0,2764,2017-01-31,2017,Johns Hopkins Center for Health Security,"Biosecurity, Global Health Security, and Global Catastrophic Risks",16000000.0,Biosecurity & Pandemic Preparedness,Grants,https://coefficientgiving.org/grants/johns-hopkins-center-for-health-security-biosecurity-global-health-security-and-global-catastrophic-risks-2017/
grants-2480-0,2480,2017-02-02,2017,"Georgetown University Initiative on Innovation, Development, and Evaluation",Zusha! Road Safety Campaign,900000.0,GiveWell-Recommended Charities; Global Health & Wellbeing Opportunities,Grants,https://coefficientgiving.org/grants/gui2de-zusha-road-safety-campaign-february-2017/
grants-2654-0,2654,2017-02-03,2017,Nuclear Threat Initiative,Planning Grant for Global Health Security Index,476859.0,Biosecurity & Pandemic Preparedness,Grants,https://coefficientgiving.org/grants/nuclear-threat-initiative-planning-grant-for-global-health-security-index/
grants-2666-0,2666,2017-02-03,2017,Dyrevernalliansen (The Norwegian Animal Protection Alliance),Fish Welfare,378000.0,Farm Animal Welfare; Farm Animal Welfare in Europe; Fish Welfare,Grants,https://coefficientgiving.org/grants/dyrevernalliansen-fish-welfare/
grants-2582-0,2582,2017-02-14,2017,Malaria Consortium,General Support,5000000.0,GiveWell-Recommended Charities; Global Health & Development; Global Health & Wellbeing Opportunities,Grants,https://coefficientgiving.org/grants/malaria-consortium-seasonal-malaria-chemoprevention-february-2017/
grants-2621-0,2621,2017-02-15,2017,Global Animal Partnership,General Support,200000.0,Farm Animal Welfare,Grants,https://coefficientgiving.org/grants/global-animal-partnership-general-support-2017/
grants-2082-0,2082,2017-02-16,2017,Global Animal Partnership,Broiler Chicken Welfare Research,515000.0,Broiler Chicken Welfare; Farm Animal Welfare,Grants,https://coefficientgiving.org/grants/global-animal-partnership-broiler-chicken-welfare-research/
grants-2561-0,2561,2017-02-16,2017,Genspace,DIYbio and FBI Meeting,15000.0,Biosecurity & Pandemic Preparedness,Grants,https://coefficientgiving.org/grants/genspace-diybio-and-fbi-meeting/
grants-34831-0,34831,2017-02-20,2017,UCLA School of Law,Climate Engineering Governance,776095.0,Global Catastrophic Risks Opportunities,Grants,https://coefficientgiving.org/grants/climate-engineering-governance/
grants-2620-0,2620,2017-03-01,2017,Humane Society International,East Asian and OIE Projects,1364000.0,Cage-Free Reforms; Farm Animal Welfare; Farm Animal Welfare in Asia,Grants,https://coefficientgiving.org/grants/humane-society-international-east-asian-and-oie-projects/
grants-2641-0,2641,2017-03-01,2017,Georgetown Center for Global Health Science and Security,General Support,3500000.0,Biosecurity & Pandemic Preparedness,Grants,https://coefficientgiving.org/grants/georgetown-center-for-global-health-science-and-security-general-support-2017/
grants-2648-0,2648,2017-03-01,2017,ClimateWorks Foundation; Global Alliance for Improved Nutrition,Kigali Cooling Efficiency Program,3000000.0,Global Catastrophic Risks Opportunities,Grants,https://coefficientgiving.org/grants/climateworks-foundation-kigali-cooling-efficiency-program/
grants-2804-0,2804,2017-03-01,2017,Future of Humanity Institute,General Support,1995425.0,Navigating Transformative AI,Grants,https://coefficientgiving.org/grants/future-of-humanity-institute-general-support/
grants-2529-0,2529,2017-03-07,2017,Stanford University,Percy Liang Planning Grant,25000.0,Navigating Transformative AI,Grants,https://coefficientgiving.org/grants/stanford-university-percy-liang-planning-grant/
grants-2555-0,2555,2017-03-08,2017,International Society for Applied Ethology,Travel Scholarships,40000.0,Farm Animal Welfare,Grants,https://coefficientgiving.org/grants/international-society-for-applied-ethology-travel-scholarships/
grants-2610-0,2610,2017-03-08,2017,Center for Global Development,Migration Program,1800000.0,,Grants,https://coefficientgiving.org/grants/center-for-global-development-migration-program/
grants-2569-0,2569,2017-03-09,2017,Distill Prize for Clarity in Machine Learning,General Support,25000.0,Navigating Transformative AI,Grants,https://coefficientgiving.org/grants/distill-prize-for-clarity-in-machine-learning-general-support/
grants-2617-0,2617,2017-03-17,2017,"80,000 Hours",General Support,1125000.0,Global Catastrophic Risks Opportunities,Grants,https://coefficientgiving.org/grants/80000-hours-general-support/
grants-2893-0,2893,2017-03-17,2017,Marc Bracke,Chicken Welfare Systematic Assessment,88345.0,Broiler Chicken Welfare; Farm Animal Welfare,Grants,https://coefficientgiving.org/grants/wageningen-university-research-chicken-welfare-systematic-assessment/
grants-2580-0,2580,2017-03-22,2017,Centre for Effective Altruism,General Support,2500000.0,Global Catastrophic Risks Opportunities,Grants,https://coefficientgiving.org/grants/centre-for-effective-altruism-general-support-2017/
grants-2557-0,2557,2017-03-24,2017,World Animal Protection,Broiler Chicken Welfare,517588.0,Broiler Chicken Welfare; Farm Animal Welfare,Grants,https://coefficientgiving.org/grants/world-animal-protection-broiler-chicken-welfare-2017/
grants-2657-0,2657,2017-03-27,2017,OpenAI,General Support,30000000.0,Navigating Transformative AI,Grants,https://coefficientgiving.org/grants/openai-general-support/
grants-2554-0,2554,2017-03-29,2017,Institute for Advancement of Animal Welfare Science,Planning Gift (Colorado State University),80400.0,Broiler Chicken Welfare; Farm Animal Welfare,Grants,https://coefficientgiving.org/grants/colorado-state-university-planning-gift/
grants-2460-0,2460,2017-04-03,2017,Center for Effective Global Action at UC Berkeley,KLPS-4 Survey,1104259.0,GiveWell-Recommended Charities; Global Health & Wellbeing Opportunities,Grants,https://coefficientgiving.org/grants/center-for-effective-global-action-at-uc-berkeley-klps-4-survey/
grants-2476-0,2476,2017-04-03,2017,New Incentives,General Support,820000.0,GiveWell-Recommended Charities; Global Health & Wellbeing Opportunities,Grants,https://coefficientgiving.org/grants/new-incentives-general-support-april-2017/
grants-2478-0,2478,2017-04-03,2017,Evidence Action,Operational Improvements and Deworm the World Initiative,2642300.0,GiveWell-Recommended Charities; Global Health & Wellbeing Opportunities,Grants,https://coefficientgiving.org/grants/evidence-action-strengthen-operations/
grants-2571-0,2571,2017-04-05,2017,Animal Charity Evaluators,General Support,500000.0,Farm Animal Welfare,Grants,https://coefficientgiving.org/grants/animal-charity-evaluators-general-support/
grants-2545-0,2545,2017-04-07,2017,BioBricks Foundation,Biosecurity Activities at SB7.0,152950.0,Biosecurity & Pandemic Preparedness,Grants,https://coefficientgiving.org/grants/biobricks-foundation-biosecurity-activities-at-sb7-0/
grants-2547-0,2547,2017-04-13,2017,East Bay Forward,YIMBYtown 2017 Conference (Predates Fund),40000.0,Abundance & Growth; Housing Policy Reform,Grants,https://coefficientgiving.org/grants/east-bay-forward-yimbytown-2017-conference/
grants-2573-0,2573,2017-04-14,2017,New Partnership for Africa’s Development,General Support,2350000.0,Infectious Diseases; Policy and Practice; Science and Global Health R&D,Grants,https://coefficientgiving.org/grants/new-partnership-for-africas-development-planning-and-coordinating-agency-general-support/
grants-2568-0,2568,2017-04-18,2017,The Greenfield Project,General Support,500000.0,Farm Animal Welfare,Grants,https://coefficientgiving.org/grants/the-greenfield-project-general-support/
grants-2607-0,2607,2017-04-19,2017,Foundation for Food and Agriculture Research,Farm Animal Welfare Research,1000000.0,Farm Animal Welfare,Grants,https://coefficientgiving.org/grants/foundation-for-food-and-agriculture-research-farm-animal-welfare-research-2017/
grants-2565-0,2565,2017-04-27,2017,Rockefeller University,Viral Histone Mimics (Alexander Tarakhovsky),1600000.0,Infectious Diseases; Science and Global Health R&D; Transformative Science,Grants,https://coefficientgiving.org/grants/rockefeller-university-viral-histone-mimics-alexander-tarakhovsky/
grants-2567-0,2567,2017-05-03,2017,"National Academies of Sciences, Engineering, and Medicine",International Meeting on Governance of Dual-Use Research,452545.0,Biosecurity & Pandemic Preparedness,Grants,https://coefficientgiving.org/grants/national-academies-of-sciences-engineering-and-medicine-international-meeting-on-governance-of-dual-use-research/
grants-2436-0,2436,2017-05-10,2017,IDinsight,Embedded GiveWell Team,2321617.0,GiveWell-Recommended Charities; Global Health & Wellbeing Opportunities,Grants,https://coefficientgiving.org/grants/idinsight-embedded-givewell-team-2017/
grants-2447-0,2447,2017-05-10,2017,Genspace,DIYbio Labs Project,454025.0,Biosecurity & Pandemic Preparedness,Grants,https://coefficientgiving.org/grants/genspace-diybio-labs-project/
grants-2525-0,2525,2017-05-10,2017,Mercy For Animals,Animal Welfare Reform (India),500000.0,Farm Animal Welfare; Farm Animal Welfare in Asia,Grants,https://coefficientgiving.org/grants/mercy-for-animals-india-animal-welfare-reform/
grants-2791-0,2791,2017-05-10,2017,Target Malaria,Gene Drives for Malaria Control,17500000.0,Infectious Diseases; Science and Global Health R&D; Transformative Science,Grants,https://coefficientgiving.org/grants/target-malaria-gene-drives-for-malaria-control/
grants-2506-0,2506,2017-05-12,2017,North Carolina State University,DIYbio Labs Project,252725.0,Biosecurity & Pandemic Preparedness,Grants,https://coefficientgiving.org/grants/north-carolina-state-university-diybio-labs-project/
grants-2543-0,2543,2017-05-17,2017,Center for Applied Rationality,European Summer Program on Rationality,340000.0,Global Catastrophic Risks Opportunities,Grants,https://coefficientgiving.org/grants/center-for-applied-rationality-european-summer-program-on-rationality/
grants-2523-0,2523,2017-05-19,2017,Animal Equality,Animal Welfare Reform (India),292000.0,Farm Animal Welfare; Farm Animal Welfare in Asia,Grants,https://coefficientgiving.org/grants/animal-equality-india-animal-welfare-reform/
grants-2541-0,2541,2017-05-19,2017,Future of Life Institute,General Support,100000.0,Global Catastrophic Risks Opportunities,Grants,https://coefficientgiving.org/grants/future-of-life-institute-general-support-2017/
grants-2516-0,2516,2017-05-23,2017,People for Animals Uttarakhand,Animal Welfare Reform (India),120000.0,Farm Animal Welfare; Farm Animal Welfare in Asia,Grants,https://coefficientgiving.org/grants/people-for-animals-india-animal-welfare-reform/
grants-2519-0,2519,2017-05-24,2017,Humane Society International India,Animal Welfare Reform,1100000.0,Farm Animal Welfare; Farm Animal Welfare in Asia,Grants,https://coefficientgiving.org/grants/humane-society-international-india-animal-welfare-reform-2017/
grants-2537-0,2537,2017-05-24,2017,Stanford University,Support for Percy Liang,1337600.0,Navigating Transformative AI,Grants,https://coefficientgiving.org/grants/stanford-university-support-for-percy-liang/
grants-2512-0,2512,2017-05-25,2017,Compassion in World Farming USA,Latin America Broiler Chicken Welfare Research,30000.0,Broiler Chicken Welfare; Farm Animal Welfare,Grants,https://coefficientgiving.org/grants/compassion-in-world-farming-usa-latin-america-broiler-chicken-welfare-research/
grants-2508-0,2508,2017-05-31,2017,UCLA School of Law,"AI Governance Work (Edward Parson, Richard Re)",1536222.0,Navigating Transformative AI,Grants,https://coefficientgiving.org/grants/ucla-school-of-law-ai-governance/
grants-2514-0,2514,2017-05-31,2017,Eurogroup for Animals,Broiler Chicken Welfare Campaign,14961.0,Broiler Chicken Welfare; Farm Animal Welfare; Farm Animal Welfare in Europe,Grants,https://coefficientgiving.org/grants/eurogroup-for-animals-broiler-chicken-welfare-campaign/
grants-2509-0,2509,2017-06-15,2017,Greater Greater Washington,Housing and Land Use Reform (Predates Fund),250000.0,Abundance & Growth; Housing Policy Reform,Grants,https://coefficientgiving.org/grants/greater-greater-washington-housing-and-land-use-reform-2017/
grants-2503-0,2503,2017-06-21,2017,"University of California, San Francisco",Organ Regenerative Surgery Research (Tammy Chang),825000.0,Human Health and Wellbeing; Science and Global Health R&D; Transformative Science,Grants,https://coefficientgiving.org/grants/ucsf-organ-regenerative-surgery-tammy-chang/
grants-2504-0,2504,2017-06-21,2017,Animal Welfare Action Lab,Meat Reduction and Elimination Messaging Study,79100.0,Farm Animal Welfare,Grants,https://coefficientgiving.org/grants/animal-welfare-action-lab-meat-reduction-and-elimination-messaging-study/
grants-2649-0,2649,2017-06-22,2017,Humane Slaughter Association,"Fish, Crustacean, and Cephalopod Welfare",2528678.0,Farm Animal Welfare; Fish Welfare,Grants,https://coefficientgiving.org/grants/humane-slaughter-association-fish-crustacean-and-cephalopod-welfare/
grants-2493-0,2493,2017-06-28,2017,University of Notre Dame,Nanopore Protein Sequencing (Gregory Timp),2054142.0,Science and Global Health R&D; Scientific Innovation: Tools and Techniques; Transformative Science,Grants,https://coefficientgiving.org/grants/university-of-notre-dame-nanopore-protein-sequencing-gregory-timp/
grants-2497-0,2497,2017-06-29,2017,Duke University,Co-Crystallization of Hsp70i and Inhibitor HS-72 (Timothy Haystead),81500.0,Science and Global Health R&D; Transformative Science,Grants,https://coefficientgiving.org/grants/duke-university-co-crystallization-of-hsp70i-and-inhibitor-hs-72-timothy-haystead/
grants-2492-0,2492,2017-07-07,2017,University of Pennsylvania,"“Making Conversations Smarter, Faster” Forecasting Project (Philip Tetlock)",1550000.0,Forecasting,Grants,https://coefficientgiving.org/grants/university-of-pennsylvania-philip-tetlocks-making-conversations-smarter-faster-forecasting-project/
grants-2722-0,2722,2017-07-07,2017,Montreal Institute for Learning Algorithms,AI Safety Research,2400000.0,Navigating Transformative AI,Grants,https://coefficientgiving.org/grants/montreal-institute-for-learning-algorithms-ai-safety-research/
grants-2518-0,2518,2017-07-11,2017,Federation of Indian Animal Protection Organisations,Animal Welfare Reform (India),332944.0,Broiler Chicken Welfare; Farm Animal Welfare; Farm Animal Welfare in Asia,Grants,https://coefficientgiving.org/grants/federation-of-indian-animal-protection-organisations-india-animal-welfare-reform/
grants-2465-0,2465,2017-07-12,2017,Charity Science Health,SMS Reminders for Immunization,357543.0,GiveWell-Recommended Charities; Global Health & Wellbeing Opportunities,Grants,https://coefficientgiving.org/grants/charity-science-health-sms-reminders-for-immunization/
grants-2656-0,2656,2017-07-13,2017,Smithsonian Institution,"""Outbreak"" Museum Exhibit",300000.0,Biosecurity & Pandemic Preparedness,Grants,https://coefficientgiving.org/grants/smithsonian-institution-outbreak-exhibit/
grants-2467-0,2467,2017-07-20,2017,Yale University,Research on the Global Politics of AI (Allan Dafoe),299320.0,Navigating Transformative AI,Grants,https://coefficientgiving.org/grants/yale-university-research-on-the-global-politics-of-ai/
grants-2462-0,2462,2017-07-25,2017,Center for Effective Global Action at UC Berkeley,Scoping RCTs for Follow-Up,492188.0,GiveWell-Recommended Charities; Global Health & Wellbeing Opportunities,Grants,https://coefficientgiving.org/grants/center-for-effective-global-action-at-uc-berkeley-scoping-rcts-for-follow-up/
grants-2488-0,2488,2017-07-26,2017,Future of Research,General Support (Exit Grant),150000.0,Policy and Practice; Science and Global Health R&D,Grants,https://coefficientgiving.org/grants/future-of-research-exit-grant/
grants-2484-0,2484,2017-07-28,2017,Berkeley Existential Risk Initiative,Core Support and CHAI Collaboration,403890.0,Navigating Transformative AI,Grants,https://coefficientgiving.org/grants/berkeley-existential-risk-initiative-core-support-and-chai-collaboration/
grants-2464-0,2464,2017-08-04,2017,Centre for Pesticide Suicide Prevention,General Support,1336409.0,Global Health & Wellbeing Opportunities,Grants,https://coefficientgiving.org/grants/centre-for-pesticide-suicide-prevention-general-support/
grants-2376-0,2376,2017-08-14,2017,"University of California, Berkeley",Aging Research (Irina Conboy),5000000.0,Noninfectious Diseases; Science and Global Health R&D; Transformative Science,Grants,https://coefficientgiving.org/grants/uc-berkeley-aging-research-irina-conboy-2017/
grants-2458-0,2458,2017-08-30,2017,Center for a New American Security,Technological Risks and National Security,260000.0,Navigating Transformative AI,Grants,https://coefficientgiving.org/grants/center-for-a-new-american-security-technological-risks-and-national-security/
grants-2456-0,2456,2017-09-07,2017,The Humane League,Open Wing Alliance,2000000.0,Broiler Chicken Welfare; Cage-Free Reforms; Farm Animal Welfare; Farm Animal Welfare in Europe,Grants,https://coefficientgiving.org/grants/the-humane-league-open-wing-alliance-2017/
grants-2454-0,2454,2017-09-18,2017,Global Animal Partnership,Fish Welfare Standards,285000.0,Farm Animal Welfare,Grants,https://coefficientgiving.org/grants/global-animal-partnership-fish-welfare-standards/
grants-2445-0,2445,2017-09-20,2017,Albert Schweitzer Foundation,General Support,1000000.0,Broiler Chicken Welfare; Farm Animal Welfare; Farm Animal Welfare in Europe,Grants,https://coefficientgiving.org/grants/albert-schweitzer-foundation-general-support/
grants-2439-0,2439,2017-09-25,2017,Solar Radiation Management Governance Initiative,General Support,2000000.0,Global Catastrophic Risks Opportunities,Grants,https://coefficientgiving.org/grants/solar-radiation-management-governance-initiative-general-support-2017/
grants-2430-0,2430,2017-09-26,2017,Eurogroup for Animals,EU Chicken Welfare Advocacy,625400.0,Broiler Chicken Welfare; Cage-Free Reforms; Farm Animal Welfare; Farm Animal Welfare in Europe,Grants,https://coefficientgiving.org/grants/eurogroup-for-animals-eu-chicken-welfare-advocacy-2017/
grants-2432-0,2432,2017-09-27,2017,Global Aquaculture Alliance,Fish Welfare Best Practices,435000.0,Farm Animal Welfare,Grants,https://coefficientgiving.org/grants/global-aquaculture-alliance-fish-welfare-best-practices/
grants-2420-0,2420,2017-10-03,2017,GiveWell,General Support,530764.0,GiveWell-Recommended Charities; Global Health & Wellbeing Opportunities,Grants,https://coefficientgiving.org/grants/givewell-general-support-2017/
grants-2414-0,2414,2017-10-04,2017,"University of California, Berkeley","AI Safety Research (Sergey Levine, Anca Dragan)",1450016.0,Navigating Transformative AI,Grants,https://coefficientgiving.org/grants/uc-berkeley-ai-safety-research/
grants-2410-0,2410,2017-10-06,2017,Machine Intelligence Research Institute,General Support,3750000.0,Navigating Transformative AI,Grants,https://coefficientgiving.org/grants/machine-intelligence-research-institute-general-support-2017/
grants-2418-0,2418,2017-10-12,2017,Royal Society for the Prevention of Cruelty to Animals,Chicken Welfare Campaign in the UK,374631.0,Broiler Chicken Welfare; Farm Animal Welfare; Farm Animal Welfare in Europe,Grants,https://coefficientgiving.org/grants/royal-society-for-the-prevention-of-cruelty-to-animals-chicken-welfare-campaign-in-the-uk/
grants-2388-0,2388,2017-10-19,2017,World Animal Net,Co-Organizing Workshops with the World Bank,50000.0,Farm Animal Welfare,Grants,https://coefficientgiving.org/grants/world-animal-net-co-organizing-workshops-with-the-world-bank/
grants-1872-0,1872,2017-10-24,2017,Harvard University,Animal Law and Policy Program,21200.0,Farm Animal Welfare,Grants,https://coefficientgiving.org/grants/harvard-university-animal-law-and-policy-program/
grants-2404-0,2404,2017-10-24,2017,Compassion in World Farming,End the Cage Age Campaign,1000000.0,Cage-Free Reforms; Farm Animal Welfare; Farm Animal Welfare in Europe,Grants,https://coefficientgiving.org/grants/compassion-in-world-farming-end-the-cage-age-campaign/
grants-2424-0,2424,2017-10-26,2017,Anima,Chicken Welfare Campaigns and Merger Support,683000.0,Broiler Chicken Welfare; Cage-Free Reforms; Farm Animal Welfare; Farm Animal Welfare in Europe,Grants,https://coefficientgiving.org/grants/anima-chicken-welfare-campaigns-and-merger-support/
grants-2381-0,2381,2017-10-27,2017,Sightline Institute,Housing and Urban Development (Predates Fund),350000.0,Abundance & Growth; Housing Policy Reform,Grants,https://coefficientgiving.org/grants/sightline-institute-housing-and-urban-development-2017/
grants-2385-0,2385,2017-10-30,2017,Nuclear Threat Initiative,Biosecurity Program Support,6000000.0,Biosecurity & Pandemic Preparedness,Grants,https://coefficientgiving.org/grants/nuclear-threat-initiative-biosecurity-program-support/
grants-2426-0,2426,2017-11-02,2017,Otwarte Klatki,Chicken Welfare Campaigns and Merger Support,472864.0,Broiler Chicken Welfare; Cage-Free Reforms; Farm Animal Welfare; Farm Animal Welfare in Europe,Grants,https://coefficientgiving.org/grants/otwarte-klatki-chicken-welfare-campaigns-and-merger-support/
grants-2428-0,2428,2017-11-02,2017,Animal Equality,EU Farm Animal Welfare,2110460.0,Farm Animal Welfare; Farm Animal Welfare in Europe,Grants,https://coefficientgiving.org/grants/animal-equality-eu-farm-animal-welfare/
grants-2412-0,2412,2017-11-09,2017,Aquaculture Stewardship Council,Fish Welfare Standard Development,533036.0,Farm Animal Welfare,Grants,https://coefficientgiving.org/grants/aquaculture-stewardship-council-fish-welfare-standard-development/
grants-2398-0,2398,2017-11-14,2017,InterAcademy Partnership,Side Event at the BWC Meeting of State Parties,14605.0,Biosecurity & Pandemic Preparedness,Grants,https://coefficientgiving.org/grants/interacademy-partnership-side-event-at-the-bwc-meeting-of-state-parties/
grants-2118-0,2118,2017-11-17,2017,New Incentives,General Support,5944203.0,GiveWell-Recommended Charities; Global Health & Wellbeing Opportunities,Grants,https://coefficientgiving.org/grants/new-incentives-general-support-november-2017/
grants-2362-0,2362,2017-11-28,2017,The Good Food Institute,General Support,1500000.0,Alternatives to Animal Products; Farm Animal Welfare,Grants,https://coefficientgiving.org/grants/the-good-food-institute-general-support-2017/
grants-2374-0,2374,2017-11-29,2017,Arizona State University,Canine Cancer Vaccine Clinical Trial (Stephen Johnston),7421402.0,Noninfectious Diseases; Science and Global Health R&D; Transformative Science,Grants,https://coefficientgiving.org/grants/arizona-state-university-canine-cancer-vaccine-clinical-trial-stephen-johnston/
grants-2297-0,2297,2017-11-30,2017,University of Washington (Institute for Protein Design),Universal Flu Vaccine and Computational Protein Design (David Baker and Neil King),11367500.0,Infectious Diseases; Science and Global Health R&D; Scientific Innovation: Tools and Techniques; Transformative Science,Grants,https://coefficientgiving.org/grants/university-of-washington-universal-flu-vaccine-and-computational-protein-design-david-baker-and-neil-king/
grants-2360-0,2360,2017-12-01,2017,protocols.io,Platform Improvements,200000.0,Policy and Practice; Science and Global Health R&D,Grants,https://coefficientgiving.org/grants/protocols-io-platform-improvements/
grants-2333-0,2333,2017-12-07,2017,Evidence Action,General Operating Support,800000.0,GiveWell-Recommended Charities; Global Health & Wellbeing Opportunities,Grants,https://coefficientgiving.org/grants/evidence-action-general-operating-support/
grants-2351-0,2351,2017-12-07,2017,The END Fund,Deworming Programs,2500000.0,GiveWell-Recommended Charities; Global Health & Development; Global Health & Wellbeing Opportunities,Grants,https://coefficientgiving.org/grants/the-end-fund-deworming-programs-december-2017/
grants-2354-0,2354,2017-12-07,2017,Evidence Action,Dispensers for Safe Water Program,100000.0,GiveWell-Recommended Charities; Global Health & Development; Global Health & Wellbeing Opportunities,Grants,https://coefficientgiving.org/grants/evidence-action-dispensers-for-safe-water-program-2017/
grants-2356-0,2356,2017-12-07,2017,Malaria Consortium,Seasonal Malaria Chemoprevention Programs,27900000.0,GiveWell-Recommended Charities; Global Health & Development; Global Health & Wellbeing Opportunities,Grants,https://coefficientgiving.org/grants/malaria-consortium-seasonal-malaria-chemoprevention-programs-december-2017/
grants-2358-0,2358,2017-12-07,2017,GiveDirectly,General Support,2500000.0,GiveWell-Recommended Charities; Global Health & Development; Global Health & Wellbeing Opportunities,Grants,https://coefficientgiving.org/grants/givedirectly-general-support-december-2017/
grants-2343-0,2343,2017-12-11,2017,Project Healthy Children,General Support,100000.0,GiveWell-Recommended Charities; Global Health & Development; Global Health & Wellbeing Opportunities,Grants,https://coefficientgiving.org/grants/project-healthy-children-general-support-december-2017/
grants-2345-0,2345,2017-12-12,2017,Global Alliance for Improved Nutrition,Universal Salt Iodization,100000.0,GiveWell-Recommended Charities; Global Health & Development; Global Health & Wellbeing Opportunities,Grants,https://coefficientgiving.org/grants/global-alliance-for-improved-nutrition-universal-salt-iodization-december-2017/
grants-2348-0,2348,2017-12-13,2017,Development Media International,General Support,100000.0,GiveWell-Recommended Charities; Global Health & Development; Global Health & Wellbeing Opportunities,Grants,https://coefficientgiving.org/grants/development-media-international-general-support-december-2017/
grants-2349-0,2349,2017-12-13,2017,Iodine Global Network,General Support,100000.0,GiveWell-Recommended Charities; Global Health & Development; Global Health & Wellbeing Opportunities,Grants,https://coefficientgiving.org/grants/iodine-global-network-general-support-december-2017/
grants-2335-0,2335,2017-12-14,2017,Carnegie Endowment for International Peace,Chinese and Indian Perspectives on Biotech Security Risks,613380.0,Biosecurity & Pandemic Preparedness,Grants,https://coefficientgiving.org/grants/carnegie-endowment-for-international-peace-chinese-and-indian-perspectives-on-biotech-security-risks/
grants-2366-0,2366,2017-12-14,2017,theguardian.org,Journalism on Factory Farming and Farm Animal Cruelty,886600.0,Farm Animal Welfare,Grants,https://coefficientgiving.org/grants/theguardian-org-journalism-on-factory-farming-and-farm-animal-cruelty/
grants-2316-0,2316,2017-12-19,2017,American Society for Microbiology,Biothreats Meeting,43149.0,Biosecurity & Pandemic Preparedness,Grants,https://coefficientgiving.org/grants/american-society-for-microbiology-biothreats-meeting/
grants-2325-0,2325,2017-12-19,2017,Against Malaria Foundation,General Support,2500000.0,GiveWell-Recommended Charities; Global Health & Development; Global Health & Wellbeing Opportunities,Grants,https://coefficientgiving.org/grants/against-malaria-foundation-general-support-december-2017/
grants-2327-0,2327,2017-12-19,2017,Evidence Action,No Lean Season,11500000.0,GiveWell-Recommended Charities; Global Health & Development; Global Health & Wellbeing Opportunities,Grants,https://coefficientgiving.org/grants/evidence-action-no-lean-season-december-2017/
grants-2329-0,2329,2017-12-20,2017,Evidence Action,Deworm the World Initiative,15200000.0,GiveWell-Recommended Charities; Global Health & Development; Global Health & Wellbeing Opportunities,Grants,https://coefficientgiving.org/grants/deworm-the-world-initiative-general-support-december-2017/
grants-2416-0,2416,2017-12-20,2017,fair-fish international association,Fish Welfare Standards for Aquaculture,453841.0,Farm Animal Welfare,Grants,https://coefficientgiving.org/grants/fair-fish-international-association-fish-welfare-standards-for-aquaculture/
grants-2443-0,2443,2017-12-22,2017,L214,Broiler Welfare Campaigns in France,1347742.0,Broiler Chicken Welfare; Farm Animal Welfare; Farm Animal Welfare in Europe,Grants,https://coefficientgiving.org/grants/l214-broiler-welfare-campaigns-in-france-2017/
grants-2331-0,2331,2017-12-26,2017,Food Fortification Initiative,General Support,100000.0,GiveWell-Recommended Charities; Global Health & Development; Global Health & Wellbeing Opportunities,Grants,https://coefficientgiving.org/grants/food-fortification-initiative-general-support-december-2017/
grants-1918-0,1918,2017-12-27,2017,Humane Society Legislative Fund,Opposing the King Amendment,395094.0,Farm Animal Welfare,Grants,https://coefficientgiving.org/grants/humane-society-legislative-fund-opposing-the-king-amendment/
grants-1903-0,1903,2017-12-28,2017,Family Farm Action,Opposing the King Amendment,153000.0,Farm Animal Welfare,Grants,https://coefficientgiving.org/grants/family-farm-action-opposing-the-king-amendment/
grants-2306-0,2306,2018-01-04,2018,Niskanen Center,Research on Immigration Policy,400000.0,,Grants,https://coefficientgiving.org/grants/niskanen-center-research-on-immigration-policy-2018/
grants-2308-0,2308,2018-01-04,2018,WaitList Zero,General Support,100000.0,Global Health & Wellbeing Opportunities,Grants,https://coefficientgiving.org/grants/waitlist-zero-general-support-january-2018/
grants-2341-0,2341,2018-01-05,2018,Living Goods,General Support,100000.0,GiveWell-Recommended Charities; Global Health & Development; Global Health & Wellbeing Opportunities,Grants,https://coefficientgiving.org/grants/living-goods-general-support-january-2018/
grants-2299-0,2299,2018-01-09,2018,Beth Israel Deaconess Medical Center,Sepsis Therapy Clinical Trial (Michael Donnino),2939400.0,Human Health and Wellbeing; Infectious Diseases; Science and Global Health R&D,Grants,https://coefficientgiving.org/grants/beth-israel-deaconess-medical-center-sepsis-therapy-clinical-trial-michael-donnino/
grants-2346-0,2346,2018-01-09,2018,Sightsavers,Deworming Programs,2500000.0,GiveWell-Recommended Charities; Global Health & Development; Global Health & Wellbeing Opportunities,Grants,https://coefficientgiving.org/grants/sightsavers-deworming-programs-january-2018/
grants-2353-0,2353,2018-01-09,2018,Helen Keller International,Vitamin A Supplementation,7200000.0,GiveWell-Recommended Charities; Global Health & Development; Global Health & Wellbeing Opportunities,Grants,https://coefficientgiving.org/grants/helen-keller-international-vitamin-a-supplementation-january-2018/
grants-2303-0,2303,2018-01-11,2018,Rescuing Biomedical Research,Rescuing Biomedical Research,409112.0,Policy and Practice; Science and Global Health R&D,Grants,https://coefficientgiving.org/grants/princeton-university-rescuing-biomedical-research-2018/
grants-2291-0,2291,2018-01-18,2018,Center for Applied Rationality,Summer Program on Applied Rationality and Cognition,560000.0,Global Catastrophic Risks Opportunities,Grants,https://coefficientgiving.org/grants/center-for-applied-rationality-sparc-2018/
grants-2281-0,2281,2018-01-22,2018,Blue Ribbon Study Panel on Biodefense,General Support,2588162.0,Biosecurity & Pandemic Preparedness,Grants,https://coefficientgiving.org/grants/blue-ribbon-study-panel-on-biodefense-general-support-2018/
grants-2287-0,2287,2018-01-22,2018,Center for Applied Rationality,General Support,1000000.0,Global Catastrophic Risks Opportunities,Grants,https://coefficientgiving.org/grants/center-for-applied-rationality-general-support-2018/
grants-20876-0,20876,2018-02-01,2018,Massachusetts Institute of Technology,Synthetic Neurobiology Group,3000000.0,Science and Global Health R&D; Transformative Science,Grants,https://coefficientgiving.org/grants/massachusetts-institute-of-technology-synthetic-neurobiology-group-2018/
grants-2189-0,2189,2018-02-06,2018,Cynthia Schuck & Wladimir Alonso,DALY Project (Contract),96130.0,Farm Animal Welfare,Grants,https://coefficientgiving.org/grants/cynthia-schuck-wladimir-alonso-daly-project/
grants-2265-0,2265,2018-02-06,2018,"80,000 Hours",General Support,510000.0,Global Catastrophic Risks Opportunities,Grants,https://coefficientgiving.org/grants/80000-hours-general-support-2018/
grants-2263-0,2263,2018-02-07,2018,"University of California, San Francisco",Research on Antiviral Drugs (Raul Andino),880000.0,Infectious Diseases; Science and Global Health R&D; Transformative Science,Grants,https://coefficientgiving.org/grants/ucsf-research-on-antiviral-drugs-raul-andino/
grants-2261-0,2261,2018-02-12,2018,Georgetown Center for Global Health Science and Security,General Support,44627.0,Biosecurity & Pandemic Preparedness,Grants,https://coefficientgiving.org/grants/georgetown-center-for-global-health-science-and-security-general-support-2018/
grants-2172-0,2172,2018-02-15,2018,Mamoreruinochi wo Mamorukai,Legal Aid for Scientists in Japan,40000.0,Policy and Practice; Science and Global Health R&D,Grants,https://coefficientgiving.org/grants/mamoreruinochi-wo-mamorukai-legal-aid-for-scientists-in-japan/
grants-2253-0,2253,2018-02-15,2018,Farm Forward,Leadership Circle,165691.0,Farm Animal Welfare,Grants,https://coefficientgiving.org/grants/farm-forward-leadership-circle-2018/
grants-2255-0,2255,2018-02-15,2018,Better Eating International,Millennial Vegan Survey,67110.0,Farm Animal Welfare,Grants,https://coefficientgiving.org/grants/better-eating-international-millennial-vegan-survey/
grants-2289-0,2289,2018-02-16,2018,AI Scholarships,Scholarship Support,159000.0,Navigating Transformative AI,Grants,https://coefficientgiving.org/grants/ai-scholarships-scholarship-support-2018/
grants-2240-0,2240,2018-02-23,2018,Center for Global Development,Pandemic Policy Project (Jeremy Konyndyk),49942.0,Biosecurity & Pandemic Preparedness; Global Health & Development; Global Health & Wellbeing Opportunities; Other Global Health & Development,Grants,https://coefficientgiving.org/grants/center-for-global-development-pandemic-policy-project-led-by-jeremy-konyndyk/
grants-2283-0,2283,2018-02-26,2018,Founders Pledge,General Support,5222653.0,Global Catastrophic Risks Opportunities,Grants,https://coefficientgiving.org/grants/founders-pledge-general-support-2018/
grants-2202-0,2202,2018-02-28,2018,Global Priorities Institute,General Support,3112969.0,Other Areas,Grants,https://coefficientgiving.org/grants/global-priorities-institute-general-support/
grants-2206-0,2206,2018-03-13,2018,Aquaculture Stewardship Council,Organizational Development,13813.0,Farm Animal Welfare,Grants,https://coefficientgiving.org/grants/aquaculture-stewardship-council-organizational-development/
grants-2221-0,2221,2018-03-13,2018,Centre for Effective Altruism,Discretionary Fund,5000000.0,Global Catastrophic Risks Opportunities,Grants,https://coefficientgiving.org/grants/centre-for-effective-altruism-new-discretionary-fund/
grants-2235-0,2235,2018-03-15,2018,Harborlight Community Partners,YIMBYtown 2018 Conference (Predates Fund),40000.0,Abundance & Growth; Housing Policy Reform,Grants,https://coefficientgiving.org/grants/harborlight-community-partners-yimbytown-2018-conference/
grants-2285-0,2285,2018-03-15,2018,Schistosomiasis Control Initiative,General Support,2500000.0,GiveWell-Recommended Charities; Global Health & Development; Global Health & Wellbeing Opportunities,Grants,https://coefficientgiving.org/grants/schistosomiasis-control-initiative-general-support-2018/
grants-2210-0,2210,2018-03-29,2018,Compassion in World Farming USA,General Support,1500000.0,Broiler Chicken Welfare; Cage-Free Reforms; Farm Animal Welfare,Grants,https://coefficientgiving.org/grants/compassion-in-world-farming-usa-general-support-2018/
grants-2200-0,2200,2018-04-02,2018,VasoRX,Atherosclerosis Investment,5400000.0,Human Health and Wellbeing; Noninfectious Diseases; Science and Global Health R&D,Investments,https://coefficientgiving.org/grants/vasorx-atherosclerosis-investment/
grants-2204-0,2204,2018-04-02,2018,Stanford University,NIPS Workshop on Machine Learning Security,6771.0,Navigating Transformative AI,Grants,https://coefficientgiving.org/grants/stanford-university-nips-workshop-on-machine-learning-security/
grants-2187-0,2187,2018-04-04,2018,California YIMBY,General Support (Predates Fund),500000.0,Abundance & Growth; Housing Policy Reform,Grants,https://coefficientgiving.org/grants/california-yimby-general-support-april-2018/
grants-2205-0,2205,2018-04-23,2018,Changing Tastes,Market Insights and Business Engagement on Fish Welfare (Contract),50000.0,Farm Animal Welfare; Fish Welfare,Grants,https://coefficientgiving.org/grants/changing-tastes-market-insights-and-business-engagement-on-fish-welfare/
grants-2198-0,2198,2018-04-24,2018,Life Sciences Research Foundation,Early-career Investigators,780000.0,Science and Global Health R&D; Transformative Science,Grants,https://coefficientgiving.org/grants/life-sciences-research-foundation-young-investigators-2018/
grants-2192-0,2192,2018-04-25,2018,International Society for Applied Ethology,Advance Farm Animal Welfare Science in Developing Nations,135412.0,Farm Animal Welfare,Grants,https://coefficientgiving.org/grants/international-society-for-applied-ethology-advance-farm-animal-welfare-science-in-developing-nations-2018/
grants-2125-0,2125,2018-04-26,2018,IDinsight,Embedded GiveWell Team,1196729.0,GiveWell-Recommended Charities; Global Health & Wellbeing Opportunities,Grants,https://coefficientgiving.org/grants/idinsight-embedded-givewell-team-2018/
grants-2196-0,2196,2018-05-01,2018,Early-Career Funding for Global Catastrophic Biological Risks,Scholarship Support,570000.0,Biosecurity & Pandemic Preparedness,Grants,https://coefficientgiving.org/grants/early-career-funding-for-global-catastrophic-biological-risks-scholarship-support-2018/
grants-2164-0,2164,2018-05-08,2018,Nick Otis,Forecasting Research (Contract),10000.0,Forecasting,Grants,https://coefficientgiving.org/grants/nick-otis-forecasting-research/
grants-2359-0,2359,2018-05-14,2018,Ought,General Support,525000.0,Navigating Transformative AI,Grants,https://coefficientgiving.org/grants/ought-general-support-2018/
grants-2178-0,2178,2018-05-16,2018,Open Phil AI Fellowship,2018 Class,1245000.0,Navigating Transformative AI,Grants,https://coefficientgiving.org/grants/open-phil-ai-fellowship-2018-class/
grants-2214-0,2214,2018-05-18,2018,Royal Society for the Prevention of Cruelty to Animals,Broiler Breed Study,231677.0,Broiler Chicken Welfare; Farm Animal Welfare,Grants,https://coefficientgiving.org/grants/royal-society-for-the-prevention-of-cruelty-to-animals-broiler-breed-study/
grants-2167-0,2167,2018-05-23,2018,Mercy For Animals,US Broiler Chicken Welfare Corporate Campaigns,375000.0,Broiler Chicken Welfare; Farm Animal Welfare,Grants,https://coefficientgiving.org/grants/mercy-for-animals-us-broiler-chicken-welfare-corporate-campaigns-2018/
grants-2144-0,2144,2018-06-06,2018,Fortify Health,General Support,295217.0,GiveWell-Recommended Charities; Global Health & Wellbeing Opportunities,Grants,https://coefficientgiving.org/grants/fortify-health-general-support/
grants-2171-0,2171,2018-06-07,2018,AI Impacts,General Support,100000.0,Navigating Transformative AI,Grants,https://coefficientgiving.org/grants/ai-impacts-general-support-2018/
grants-2233-0,2233,2018-06-07,2018,Centre for Effective Altruism,General Support,2688000.0,Global Catastrophic Risks Opportunities,Grants,https://coefficientgiving.org/grants/centre-for-effective-altruism-general-support-2018/
grants-2162-0,2162,2018-06-08,2018,Machine Intelligence Research Institute,AI Safety Retraining Program,150000.0,Navigating Transformative AI,Grants,https://coefficientgiving.org/grants/machine-intelligence-research-institute-ai-safety-retraining-program/
grants-2181-0,2181,2018-06-12,2018,Compassion in World Farming,Organizational Development,10720.0,Farm Animal Welfare,Grants,https://coefficientgiving.org/grants/compassion-in-world-farming-organizational-development/
grants-2147-0,2147,2018-06-14,2018,Future of Life Institute,General Support,250000.0,Global Catastrophic Risks Opportunities,Grants,https://coefficientgiving.org/grants/future-of-life-institute-general-support-2018/
grants-2142-0,2142,2018-06-22,2018,Evidence Action,Iron and Folic Acid Supplementation,320000.0,GiveWell-Recommended Charities; Global Health & Wellbeing Opportunities,Grants,https://coefficientgiving.org/grants/evidence-action-beta-iron-and-folic-acid-supplementation/
grants-2149-0,2149,2018-06-25,2018,Animal Equality,Corporate Animal Welfare Campaigns,2772430.0,Broiler Chicken Welfare; Cage-Free Reforms; Farm Animal Welfare,Grants,https://coefficientgiving.org/grants/animal-equality-corporate-animal-welfare-campaigns/
grants-2154-0,2154,2018-06-25,2018,Commonwealth Veterinary Association,Animal Welfare Workshop (Contract),31355.0,Farm Animal Welfare; Farm Animal Welfare in Asia,Grants,https://coefficientgiving.org/grants/commonwealth-veterinary-association-animal-welfare-workshop/
grants-2138-0,2138,2018-06-26,2018,GiveWell,General Support,751179.0,GiveWell-Recommended Charities; Global Health & Wellbeing Opportunities,Grants,https://coefficientgiving.org/grants/givewell-general-support-2018/
grants-2133-0,2133,2018-06-29,2018,Johns Hopkins Center for Health Security,SynBioBeta 2018 Meeting,169600.0,Biosecurity & Pandemic Preparedness,Grants,https://coefficientgiving.org/grants/johns-hopkins-center-for-health-security-synbiobeta-2018-meeting/
grants-2137-0,2137,2018-07-02,2018,University of Oxford,Research on the Global Politics of AI (Allan Dafoe),429770.0,Navigating Transformative AI,Grants,https://coefficientgiving.org/grants/oxford-university-research-on-the-global-politics-of-ai/
grants-2140-0,2140,2018-07-02,2018,Nuclear Threat Initiative,Global Health Security Index,3556773.0,Biosecurity & Pandemic Preparedness,Grants,https://coefficientgiving.org/grants/nuclear-threat-initiative-global-health-security-index/
grants-2127-0,2127,2018-07-10,2018,One for the World,General Support,153750.0,Effective Giving & Careers,Grants,https://coefficientgiving.org/grants/one-for-the-world-general-support/
grants-2129-0,2129,2018-07-10,2018,The Wilson Center,AI Policy Seminar Series,400000.0,Navigating Transformative AI,Grants,https://coefficientgiving.org/grants/wilson-center-ai-policy-seminar-series/
grants-2177-0,2177,2018-07-12,2018,Stanford University,"Machine Learning Security Research (Dan Boneh, Florian Tramer)",100000.0,Navigating Transformative AI,Grants,https://coefficientgiving.org/grants/stanford-university-machine-learning-security-research-led-by-dan-boneh-and-florian-tramer/
grants-2136-0,2136,2018-07-23,2018,Charity Science,Development of New Animal Welfare Charities,265000.0,Farm Animal Welfare,Grants,https://coefficientgiving.org/grants/charity-science-development-of-new-animal-welfare-charities/
grants-2097-0,2097,2018-07-24,2018,Evidence Action Beta,Incubator Program,5069866.0,GiveWell-Recommended Charities; Global Health & Wellbeing Opportunities,Grants,https://coefficientgiving.org/grants/evidence-action-beta-incubator-program/
grants-2122-0,2122,2018-07-30,2018,Future of Humanity Institute,Work on Global Catastrophic Risks,12250810.0,Global Catastrophic Risks Opportunities,Grants,https://coefficientgiving.org/grants/future-of-humanity-institute-work-on-global-catastrophic-risks/
grants-2095-0,2095,2018-08-20,2018,"University of California, San Francisco",Chronic Pain Research (Allan Basbaum),1021318.0,Noninfectious Diseases; Science and Global Health R&D; Transformative Science,Grants,https://coefficientgiving.org/grants/ucsf-chronic-pain-research-allan-basbaum/
grants-2084-0,2084,2018-08-21,2018,GoalsRL,Workshop on Goal Specifications for Reinforcement Learning,7500.0,Navigating Transformative AI,Grants,https://coefficientgiving.org/grants/goalsrl-workshop-on-goal-specifications-for-reinforcement-learning/
grants-2115-0,2115,2018-08-22,2018,Plant Based Foods Association,State-Level Policy,250000.0,Alternatives to Animal Products; Farm Animal Welfare,Grants,https://coefficientgiving.org/grants/plant-based-foods-association-state-level-policy-2018/
grants-2091-0,2091,2018-08-28,2018,Fórum Nacional de Proteção e Defesa Animal,Crate- and Cage-Free Campaigning in Brazil,200000.0,Farm Animal Welfare,Grants,https://coefficientgiving.org/grants/forum-nacional-de-protecao-e-defesa-animal-crate-and-cage-free-campaigning-in-brazil/
grants-2089-0,2089,2018-08-30,2018,The Humane League,General Support,10000000.0,Cage-Free Reforms; Farm Animal Welfare,Grants,https://coefficientgiving.org/grants/the-humane-league-general-support-2018/
grants-2087-0,2087,2018-08-31,2018,California YIMBY,General Support (Predates Fund),350000.0,Abundance & Growth; Housing Policy Reform,Grants,https://coefficientgiving.org/grants/california-yimby-general-support-august-2018/
grants-2085-0,2085,2018-09-17,2018,Eurogroup for Animals,Fish Welfare,990000.0,Farm Animal Welfare; Farm Animal Welfare in Europe; Fish Welfare,Grants,https://coefficientgiving.org/grants/eurogroup-for-animals-fish-welfare-2018/
grants-2075-0,2075,2018-09-25,2018,Center for a New American Security,Outreach on Technological Risk Led by Richard Danzig,400352.0,Navigating Transformative AI,Grants,https://coefficientgiving.org/grants/center-for-a-new-american-security-outreach-on-technological-risk-led-by-richard-danzig/
grants-2079-0,2079,2018-09-27,2018,Better Eating International,Organizational Development,12690.0,Farm Animal Welfare,Grants,https://coefficientgiving.org/grants/better-eating-international-organizational-development/
grants-2077-0,2077,2018-10-02,2018,Oxford Uehiro Centre for Practical Ethics,Animal Sentience Workshop,6683.0,Farm Animal Welfare,Grants,https://coefficientgiving.org/grants/oxford-uehiro-centre-for-practical-ethics-animal-sentience-workshop/
grants-2081-0,2081,2018-10-02,2018,Prevent Cruelty California,"""Yes on Prop 12"" Campaign",4000000.0,Cage-Free Reforms; Farm Animal Welfare,Grants,https://coefficientgiving.org/grants/prevent-cruelty-california-yes-on-prop-12-campaign/
grants-2073-0,2073,2018-10-03,2018,"University of California, Berkeley",Research on Drought-Tolerant Rice (Brian Staskawicz),200000.0,Other Scientific Research Areas; Science and Global Health R&D,Grants,https://coefficientgiving.org/grants/uc-berkeley-research-on-drought-tolerant-rice-brian-staskawicz/
grants-2068-0,2068,2018-10-04,2018,CDC Foundation,Malaria Control Research Project,1044501.0,Infectious Diseases; Science and Global Health R&D; Transformative Science,Grants,https://coefficientgiving.org/grants/cdc-foundation-malaria-control-research-project-2018/
grants-2025-0,2025,2018-10-09,2018,Otwarte Klatki,CARE Conference Travel Grants,10350.0,Farm Animal Welfare; Farm Animal Welfare in Europe,Grants,https://coefficientgiving.org/grants/otwarte-klatki-care-conference-travel-grants/
grants-2065-0,2065,2018-10-09,2018,University of Michigan,Support for David Manley,46696.0,Other Areas,Grants,https://coefficientgiving.org/grants/university-of-michigan-support-for-david-manley/
grants-2070-0,2070,2018-10-09,2018,Duke University,CRISPR-Based Epigenome Editing Tools (Charles Gersbach),2550171.0,Science and Global Health R&D; Scientific Innovation: Tools and Techniques; Transformative Science,Grants,https://coefficientgiving.org/grants/duke-university-crispr-based-epigenome-editing-tools-charles-gersbach/
grants-2072-0,2072,2018-10-09,2018,University of Oxford,D.Phil Support for Andrew Snyder-Beattie,26086.0,Biosecurity & Pandemic Preparedness,Grants,https://coefficientgiving.org/grants/oxford-university-d-phil-support-for-andrew-snyder-beattie/
grants-2048-0,2048,2018-10-10,2018,Food Frontier,General Support,100000.0,Alternatives to Animal Products; Farm Animal Welfare,Grants,https://coefficientgiving.org/grants/food-frontier-general-support/
grants-2046-0,2046,2018-10-11,2018,University of Edinburgh,Scholarship Program in Applied Animal Behavior and Animal Welfare,102041.0,Farm Animal Welfare,Grants,https://coefficientgiving.org/grants/university-of-edinburgh-scholarship-program-in-applied-animal-behavior-and-animal-welfare/
grants-2058-0,2058,2018-10-24,2018,Boston Children's Hospital,Chronic Pain Research (Yi Zhang),2695376.0,Noninfectious Diseases; Science and Global Health R&D; Transformative Science,Grants,https://coefficientgiving.org/grants/boston-childrens-hospital-chronic-pain-research-yi-zhang/
grants-2034-0,2034,2018-11-05,2018,"University of California, Berkeley","AI Safety Research (Pieter Abbeel, Aviv Tamar)",1145000.0,Navigating Transformative AI,Grants,https://coefficientgiving.org/grants/uc-berkeley-ai-safety-research-2018/
grants-2035-0,2035,2018-11-05,2018,Global Animal Partnership,Farm Animal Welfare Activities,500000.0,Farm Animal Welfare,Grants,https://coefficientgiving.org/grants/global-animal-partnership-farm-animal-welfare-activities-2018/
grants-14733-0,14733,2018-11-08,2018,Viroclinics Biosciences,Broad-Spectrum Antivirals (Contract),421969.0,Infectious Diseases; Science and Global Health R&D; Science Supporting Biosecurity and Pandemic Preparedness,Grants,https://coefficientgiving.org/grants/viroclinics-biosciences-broad-spectrum-antivirals/
grants-1996-0,1996,2018-11-08,2018,"EicOsis Human Health, Inc.",Pain Research (Investment),5000000.0,Human Health and Wellbeing; Noninfectious Diseases; Science and Global Health R&D,Investments,https://coefficientgiving.org/grants/eicosis-human-health-inc-pain-research/
grants-2038-0,2038,2018-11-13,2018,Mike Toscano,Higher Welfare Cage-Free Systems,150000.0,Cage-Free Reforms; Farm Animal Welfare,Grants,https://coefficientgiving.org/grants/university-of-bern-higher-welfare-cage-free-systems/
grants-1720-0,1720,2018-11-16,2018,Daniel Kang,Study of the Robustness of Machine Learning Models (Contract),2351.0,Navigating Transformative AI,Grants,https://coefficientgiving.org/grants/daniel-kang-jacob-steinhardt-yi-sun-and-alex-zhai-study-of-the-robustness-of-machine-learning-models/
grants-2032-0,2032,2018-11-16,2018,Nuclear Threat Initiative,Projects to Reduce Global Catastrophic Biological Risks,1904942.0,Biosecurity & Pandemic Preparedness,Grants,https://coefficientgiving.org/grants/nuclear-threat-initiative-projects-to-reduce-global-catastrophic-biological-risks/
grants-2023-0,2023,2018-11-20,2018,International Genetically Engineered Machine Foundation,Synthetic Biology Safety and Security,420000.0,Biosecurity & Pandemic Preparedness,Grants,https://coefficientgiving.org/grants/igem-synthetic-biology-safety-and-security-2018/
grants-1956-0,1956,2018-11-27,2018,Evidence Action Beta,Iron and Folic Acid Supplementation,3408259.0,GiveWell-Recommended Charities; Global Health & Wellbeing Opportunities,Grants,https://coefficientgiving.org/grants/evidence-action-beta-iron-and-folic-acid-supplementation-phase-2/
grants-2013-0,2013,2018-12-05,2018,"University of Minnesota, Twin Cities",Nanomaterials Research (Claudia Schmidt-Dannert),150000.0,Science and Global Health R&D; Transformative Science,Grants,https://coefficientgiving.org/grants/university-of-minnesota-twin-cities-nanomaterials-research-claudia-schmidt-dannert/
grants-1963-0,1963,2018-12-11,2018,Project Healthy Children,General Support,100000.0,GiveWell-Recommended Charities; Global Health & Development; Global Health & Wellbeing Opportunities,Grants,https://coefficientgiving.org/grants/project-healthy-children-general-support-december-2018/
grants-1945-0,1945,2018-12-12,2018,The Humane League,Latin America Regional Summit,22000.0,Farm Animal Welfare,Grants,https://coefficientgiving.org/grants/the-humane-league-latin-america-regional-summit/
grants-1970-0,1970,2018-12-12,2018,Food Fortification Initiative,General Support,100000.0,GiveWell-Recommended Charities; Global Health & Development; Global Health & Wellbeing Opportunities,Grants,https://coefficientgiving.org/grants/food-fortification-initiative-general-support-december-2018/
grants-1971-0,1971,2018-12-12,2018,Development Media International,General Support,100000.0,GiveWell-Recommended Charities; Global Health & Development; Global Health & Wellbeing Opportunities,Grants,https://coefficientgiving.org/grants/development-media-international-general-support-december-2018/
grants-1974-0,1974,2018-12-12,2018,The END Fund,Deworming Programs,2500000.0,GiveWell-Recommended Charities; Global Health & Development; Global Health & Wellbeing Opportunities,Grants,https://coefficientgiving.org/grants/the-end-fund-deworming-programs-december-2018/
grants-1992-0,1992,2018-12-12,2018,Evidence Action,General Support,10400000.0,GiveWell-Recommended Charities; Global Health & Development; Global Health & Wellbeing Opportunities,Grants,https://coefficientgiving.org/grants/deworm-the-world-initiative-general-support-december-2018/
grants-1962-0,1962,2018-12-13,2018,"Georgetown University Initiative on Innovation, Development, and Evaluation",Zusha! Road Safety Campaign,100000.0,GiveWell-Recommended Charities; Global Health & Development; Global Health & Wellbeing Opportunities,Grants,https://coefficientgiving.org/grants/gui2de-zusha-road-safety-campaign-december-2018/
grants-2029-0,2029,2018-12-13,2018,University of Sydney,2019 Global Health Security Conference,32621.0,Biosecurity & Pandemic Preparedness,Grants,https://coefficientgiving.org/grants/the-university-of-sydney-2019-global-health-security-conference/
grants-1978-0,1978,2018-12-18,2018,Against Malaria Foundation,General Support,2500000.0,GiveWell-Recommended Charities; Global Health & Development; Global Health & Wellbeing Opportunities,Grants,https://coefficientgiving.org/grants/against-malaria-foundation-general-support-december-2018/
grants-1954-0,1954,2018-12-19,2018,Foundation for Food and Agriculture Research,Egg Tech Challenge,3000000.0,Cage-Free Reforms; Farm Animal Welfare,Grants,https://coefficientgiving.org/grants/foundation-for-food-and-agriculture-research-egg-tech-challenge/
grants-2007-0,2007,2018-12-19,2018,Georgia Institute of Technology,Biology Research (Saad Bhamla),50000.0,Science and Global Health R&D; Transformative Science,Grants,https://coefficientgiving.org/grants/georgia-institute-of-technology-biology-research-saad-bhamla/
grants-1984-0,1984,2018-12-20,2018,Malaria Consortium,Seasonal Malaria Chemoprevention Programs,26600000.0,GiveWell-Recommended Charities; Global Health & Development; Global Health & Wellbeing Opportunities,Grants,https://coefficientgiving.org/grants/malaria-consortium-seasonal-malaria-chemoprevention-programs-december-2018/
grants-1908-0,1908,2018-12-21,2018,Biosecure Ltd,Campaign Against Bioweapons Research (Contract),25000.0,Biosecurity & Pandemic Preparedness,Grants,https://coefficientgiving.org/grants/biosecure-ltd-campaign-against-bioweapons-research/
grants-1967-0,1967,2018-12-21,2018,Global Alliance for Improved Nutrition,Universal Salt Iodization,100000.0,GiveWell-Recommended Charities; Global Health & Development; Global Health & Wellbeing Opportunities,Grants,https://coefficientgiving.org/grants/global-alliance-for-improved-nutrition-universal-salt-iodization-december-2018/
grants-1972-0,1972,2018-12-21,2018,GiveDirectly,General Support,2500000.0,GiveWell-Recommended Charities; Global Health & Development; Global Health & Wellbeing Opportunities,Grants,https://coefficientgiving.org/grants/givedirectly-general-support-december-2018/
grants-1980-0,1980,2018-12-21,2018,Helen Keller International,Vitamin A Supplementation,6500000.0,GiveWell-Recommended Charities; Global Health & Development; Global Health & Wellbeing Opportunities,Grants,https://coefficientgiving.org/grants/helen-keller-international-vitamin-a-supplementation-december-2018/
grants-1990-0,1990,2018-12-28,2018,Evidence Action,Dispensers for Safe Water Program,100000.0,GiveWell-Recommended Charities; Global Health & Development; Global Health & Wellbeing Opportunities,Grants,https://coefficientgiving.org/grants/evidence-action-dispensers-for-safe-water-program-2018/
grants-1986-0,1986,2019-01-02,2019,Sherlock Biosciences,Research on Viral Diagnostics (Investment),17500000.0,Infectious Diseases; Science and Global Health R&D; Science Supporting Biosecurity and Pandemic Preparedness,Investments,https://coefficientgiving.org/grants/sherlock-biosciences-research-on-viral-diagnostics/
grants-2004-0,2004,2019-01-02,2019,Center for International Security and Cooperation,Megan Palmer’s Biosecurity Research,1625000.0,Biosecurity & Pandemic Preparedness,Grants,https://coefficientgiving.org/grants/center-for-international-security-and-cooperation-megan-palmers-biosecurity-research-2019/
grants-1965-0,1965,2019-01-03,2019,Living Goods,General Support,100000.0,GiveWell-Recommended Charities; Global Health & Development; Global Health & Wellbeing Opportunities,Grants,https://coefficientgiving.org/grants/living-goods-general-support-january-2019/
grants-1968-0,1968,2019-01-03,2019,Iodine Global Network,General Support,100000.0,GiveWell-Recommended Charities; Global Health & Development; Global Health & Wellbeing Opportunities,Grants,https://coefficientgiving.org/grants/iodine-global-network-general-support-january-2019/
grants-1937-0,1937,2019-01-04,2019,Compassion Over Killing,Farm Animal Welfare Outreach and Investigations (Exit Grant),250000.0,Farm Animal Welfare,Grants,https://coefficientgiving.org/grants/compassion-over-killing-exit-grant/
grants-1982-0,1982,2019-01-10,2019,Sightsavers,Deworming Programs,9700000.0,GiveWell-Recommended Charities; Global Health & Development; Global Health & Wellbeing Opportunities,Grants,https://coefficientgiving.org/grants/sightsavers-deworming-programs-january-2019/
grants-1988-0,1988,2019-01-10,2019,Berkeley Existential Risk Initiative,CHAI ML Engineers,250000.0,Navigating Transformative AI,Grants,https://coefficientgiving.org/grants/berkeley-existential-risk-initiative-chai-ml-engineers/
grants-1907-0,1907,2019-01-14,2019,Farm Forward,Higher-welfare Commitments (Exit Grant),166000.0,Farm Animal Welfare,Grants,https://coefficientgiving.org/grants/farm-forward-exit-grant/
grants-2000-0,2000,2019-01-14,2019,Center for Global Development,Gene Drive Research,348550.0,Infectious Diseases; Science and Global Health R&D; Transformative Science,Grants,https://coefficientgiving.org/grants/center-for-global-development-gene-drive-research/
grants-1807-0,1807,2019-01-17,2019,Cynthia Schuck & Wladimir Alonso,DALY Project (Contract),100000.0,Farm Animal Welfare,Grants,https://coefficientgiving.org/grants/cynthia-schuck-wladimir-alonso-daly-project-2019/
grants-1998-0,1998,2019-01-17,2019,"University of California, Berkeley",Alternative Meats Lab,131579.0,Alternatives to Animal Products; Farm Animal Welfare,Grants,https://coefficientgiving.org/grants/uc-berkeley-alternative-meats-lab-january-2019/
grants-1915-0,1915,2019-01-18,2019,Mercy For Animals,Broiler Welfare Campaigns,261000.0,Broiler Chicken Welfare; Farm Animal Welfare,Grants,https://coefficientgiving.org/grants/mercy-for-animals-broiler-welfare-campaigns/
grants-1905-0,1905,2019-01-23,2019,Royal Veterinary College,Halal Poultry Slaughter Research,130850.0,Broiler Chicken Welfare; Farm Animal Welfare; Farm Animal Welfare in Europe,Grants,https://coefficientgiving.org/grants/royal-veterinary-college-halal-poultry-slaughter-research/
grants-1933-0,1933,2019-01-23,2019,The Humane League,Broiler Welfare Campaigns,750000.0,Broiler Chicken Welfare; Farm Animal Welfare,Grants,https://coefficientgiving.org/grants/the-humane-league-broiler-welfare-campaigns/
grants-1717-0,1717,2019-01-24,2019,Results for Development,Childhood Pneumonia Treatment Program,5605398.0,Global Health & Development; Global Health & Wellbeing Opportunities,Grants,https://coefficientgiving.org/grants/results-for-development-childhood-pneumonia-treatment-program-2019/
grants-1943-0,1943,2019-01-24,2019,Animal Equality,Broiler Welfare Campaigns,215000.0,Farm Animal Welfare,Grants,https://coefficientgiving.org/grants/animal-equality-broiler-welfare-campaigns/
grants-2145-0,2145,2019-01-24,2019,International Refugee Assistance Project,General Support,1000000.0,,Grants,https://coefficientgiving.org/grants/international-refugee-assistance-project-general-support-2019/
grants-2002-0,2002,2019-01-25,2019,Center for Security and Emerging Technology,Center for Security and Emerging Technology,55000000.0,Navigating Transformative AI,Grants,https://coefficientgiving.org/grants/georgetown-university-center-for-security-and-emerging-technology/
grants-1838-0,1838,2019-02-01,2019,Princeton University,Animal Liberation,100000.0,Farm Animal Welfare,Grants,https://coefficientgiving.org/grants/princeton-university-animal-liberation/
grants-1921-0,1921,2019-02-01,2019,University Health Network,Preterm Birth Research,2778879.0,Maternal and Newborn Health; Science and Global Health R&D,Grants,https://coefficientgiving.org/grants/university-health-network-preterm-birth-research-2019/
grants-1819-0,1819,2019-02-07,2019,University of Pennsylvania,Research on Mammalian Reproduction (Kotaro Sasaki),660000.0,Science and Global Health R&D; Transformative Science,Grants,https://coefficientgiving.org/grants/university-of-pennsylvania-research-on-mammalian-reproduction-kotaro-sasaki-2019/
grants-1910-0,1910,2019-02-07,2019,We Animals Media,Content for Farm Animal Welfare Advocacy,240000.0,Farm Animal Welfare,Grants,https://coefficientgiving.org/grants/we-animals-content-for-farm-animal-welfare-advocacy-2019/
grants-1994-0,1994,2019-02-07,2019,The Center for Election Science,General Support,1800000.0,Other Areas,Grants,https://coefficientgiving.org/grants/the-center-for-election-science-general-support-2019/
grants-1948-0,1948,2019-02-08,2019,Essere Animali,Farm Animal Welfare Work in Italy,150000.0,Broiler Chicken Welfare; Farm Animal Welfare; Farm Animal Welfare in Europe; Fish Welfare,Grants,https://coefficientgiving.org/grants/essere-animali-farm-animal-welfare-work-in-italy/
grants-1895-0,1895,2019-02-11,2019,Sightline Institute,Housing and Urban Development (Predates Fund),150000.0,Abundance & Growth; Housing Policy Reform,Grants,https://coefficientgiving.org/grants/sightline-institute-housing-and-urban-development-february-2019/
grants-1736-0,1736,2019-02-12,2019,"University of California, Berkeley",Deworming and Cash Transfers,170000.0,"Global Health & Development; Global Health & Wellbeing Opportunities; Learning, Experimentation, and Exploration",Grants,https://coefficientgiving.org/grants/uc-berkeley-deworming-and-cash-transfers-2019/
grants-1946-0,1946,2019-02-21,2019,Centre for Effective Altruism,General Support,2756250.0,Other Areas,Grants,https://coefficientgiving.org/grants/centre-for-effective-altruism-general-support-2019/
grants-1958-0,1958,2019-02-22,2019,Machine Intelligence Research Institute,General Support,2652500.0,Navigating Transformative AI,Grants,https://coefficientgiving.org/grants/machine-intelligence-research-institute-general-support-2019/
grants-1960-0,1960,2019-02-22,2019,"80,000 Hours",General Support,4795803.0,Global Catastrophic Risks Opportunities,Grants,https://coefficientgiving.org/grants/80000-hours-general-support-2019/
grants-1913-0,1913,2019-02-26,2019,California Housing and Defense Fund,General Support (Predates Fund),340000.0,Abundance & Growth; Housing Policy Reform,Grants,https://coefficientgiving.org/grants/california-renters-legal-advocacy-and-education-fund-general-support-2019/
grants-1912-0,1912,2019-03-01,2019,Rethink Priorities,Farm Animal Welfare Research,200000.0,Farm Animal Welfare,Grants,https://coefficientgiving.org/grants/rethink-priorities-farm-animal-welfare-research/
grants-1923-0,1923,2019-03-01,2019,The Humane League,Open Wing Alliance,1565000.0,Cage-Free Reforms; Farm Animal Welfare,Grants,https://coefficientgiving.org/grants/the-humane-league-open-wing-alliance-2019/
grants-1832-0,1832,2019-03-05,2019,Sinergia Animal,General Support,245000.0,Broiler Chicken Welfare; Cage-Free Reforms; Farm Animal Welfare,Grants,https://coefficientgiving.org/grants/sinergia-animal-general-support-2019/
grants-1886-0,1886,2019-03-07,2019,Yale University,Vascular Therapy Research,180000.0,Human Health and Wellbeing; Noninfectious Diseases; Science and Global Health R&D; Transformative Science,Grants,https://coefficientgiving.org/grants/yale-university-school-of-medicine-vascular-therapy-research/
grants-1941-0,1941,2019-03-12,2019,Center for Global Development,Labor Mobility Partnerships,709888.0,,Grants,https://coefficientgiving.org/grants/center-for-global-development-labor-mobility-partnerships/
grants-1727-0,1727,2019-03-13,2019,IDinsight,Beneficiary Preferences Survey,474374.0,"Global Health & Development; Global Health & Wellbeing Opportunities; Learning, Experimentation, and Exploration",Grants,https://coefficientgiving.org/grants/idinsight-beneficiary-preferences-survey/
grants-1729-0,1729,2019-03-13,2019,IDinsight,New Incentives RCT,184324.0,GiveWell-Recommended Charities; Global Health & Wellbeing Opportunities,Grants,https://coefficientgiving.org/grants/idinsight-new-incentives-rct/
grants-1885-0,1885,2019-03-13,2019,Humane Slaughter Association,Wild-Caught Fish Welfare,570402.0,Farm Animal Welfare; Fish Welfare,Grants,https://coefficientgiving.org/grants/humane-slaughter-association-wild-caught-fish-welfare/
grants-1887-0,1887,2019-03-13,2019,Josh Tasoff,Leafleting Study,57000.0,Farm Animal Welfare,Grants,https://coefficientgiving.org/grants/claremont-graduate-university-leafleting-study/
grants-1927-0,1927,2019-03-18,2019,University of Michigan,Research on Mammalian Gamete Development,2500000.0,Science and Global Health R&D; Transformative Science,Grants,https://coefficientgiving.org/grants/university-of-michigan-research-on-mammalian-gamete-development-sue-hammoud/
grants-1976-0,1976,2019-03-18,2019,Schistosomiasis Control Initiative,General Support,2500000.0,GiveWell-Recommended Charities; Global Health & Development; Global Health & Wellbeing Opportunities,Grants,https://coefficientgiving.org/grants/schistosomiasis-control-initiative-general-support-2019/
grants-1878-0,1878,2019-03-19,2019,Soko Tierschutz,Factory Farm Investigations,100000.0,Farm Animal Welfare; Farm Animal Welfare in Europe,Grants,https://coefficientgiving.org/grants/soko-tierschutz-factory-farm-investigations/
grants-1890-0,1890,2019-03-19,2019,Becca Franks,Work on Fish Welfare,125840.0,Farm Animal Welfare; Fish Welfare,Grants,https://coefficientgiving.org/grants/new-york-university-work-on-fish-welfare-2019/
grants-1950-0,1950,2019-03-19,2019,Evidence Action,"Impact Evaluation of Iron and Folic Acid Supplementation (""Phase 2"")",800000.0,GiveWell-Recommended Charities; Global Health & Wellbeing Opportunities,Grants,https://coefficientgiving.org/grants/evidence-action-impact-evaluation-of-iron-and-folic-acid-supplementation-phase-2/
grants-1952-0,1952,2019-03-19,2019,Evidence Action,Strengthening Operations,7751915.0,GiveWell-Recommended Charities; Global Health & Wellbeing Opportunities,Grants,https://coefficientgiving.org/grants/evidence-action-strengthen-operations-2019/
grants-1853-0,1853,2019-03-21,2019,Massachusetts Institute of Technology Media Lab,Kevin Esvelt's Research,1000000.0,Biosecurity & Pandemic Preparedness,Grants,https://coefficientgiving.org/grants/massachusetts-institute-of-technology-media-lab-kevin-esvelts-research-2019/
grants-1882-0,1882,2019-04-01,2019,Tampere University,Work on Global Catastrophic Risks,15000.0,Global Catastrophic Risks Opportunities,Grants,https://coefficientgiving.org/grants/tampere-university-work-on-global-catastrophic-risks/
grants-1939-0,1939,2019-04-01,2019,Kyoto University,Research on Reproductive Biology (Mitinori Saitou),4000000.0,Science and Global Health R&D; Transformative Science,Grants,https://coefficientgiving.org/grants/kyoto-university-research-on-reproductive-biology-mitinori-saitou/
grants-1831-0,1831,2019-04-15,2019,Research Institute of Industrial Economics,Genomic Research Methods,1500000.0,Science and Global Health R&D; Transformative Science,Grants,https://coefficientgiving.org/grants/research-institute-of-industrial-economics-genomic-research-methods-2019/
grants-1857-0,1857,2019-04-17,2019,Rita Allen Foundation,Fellowship Support,495000.0,Human Health and Wellbeing; Noninfectious Diseases; Science and Global Health R&D,Grants,https://coefficientgiving.org/grants/rita-allen-foundation-fellowship-support/
grants-1860-0,1860,2019-04-17,2019,World Animal Protection,Broiler Chicken Welfare,781498.0,Broiler Chicken Welfare; Farm Animal Welfare; Farm Animal Welfare in Asia,Grants,https://coefficientgiving.org/grants/world-animal-protection-broiler-chicken-welfare-april-2019/
grants-1864-0,1864,2019-04-18,2019,FAI Farms,Tilapia Welfare (Contract),426000.0,Farm Animal Welfare; Fish Welfare,Grants,https://coefficientgiving.org/grants/fai-farms-tilapia-welfare/
grants-1842-0,1842,2019-04-23,2019,Life Sciences Research Foundation,Early-career Investigators,1170000.0,Science and Global Health R&D; Transformative Science,Grants,https://coefficientgiving.org/grants/life-sciences-research-foundation-young-investigators-2019/
grants-1858-0,1858,2019-04-26,2019,"University of California, Los Angeles",Epigenetic Clock Research (Steve Horvath),2368300.0,Noninfectious Diseases; Science and Global Health R&D; Transformative Science,Grants,https://coefficientgiving.org/grants/university-of-california-los-angeles-epigenetic-clock-research-steve-horvath/
grants-1846-0,1846,2019-04-28,2019,Anima,Movement Building,367222.0,Farm Animal Welfare,Grants,https://coefficientgiving.org/grants/anima-movement-building/
grants-1870-0,1870,2019-04-30,2019,California YIMBY,General Support (Predates Fund),2000000.0,Abundance & Growth; Housing Policy Reform,Grants,https://coefficientgiving.org/grants/california-yimby-general-support-2019/
grants-1820-0,1820,2019-05-01,2019,Engineers Without Borders USA,Off-Grid Refrigeration Challenge,500000.0,Science and Global Health R&D,Grants,https://coefficientgiving.org/grants/engineers-without-borders-usa-off-grid-refrigeration-challenge/
grants-1718-0,1718,2019-05-02,2019,Animal Kingdom Foundation,Corporate Campaigns,17000.0,Cage-Free Reforms; Farm Animal Welfare; Farm Animal Welfare in Asia,Grants,https://coefficientgiving.org/grants/animal-kingdom-foundation-corporate-campaigns-may-2019/
grants-1850-0,1850,2019-05-03,2019,International Refugee Assistance Project,Family Reunification,75000.0,,Grants,https://coefficientgiving.org/grants/international-refugee-assistance-project-family-reunification/
grants-1834-0,1834,2019-05-07,2019,The Greenfield Project,General Support,250000.0,Farm Animal Welfare,Grants,https://coefficientgiving.org/grants/the-greenfield-project-general-support-2019/
grants-1869-0,1869,2019-05-09,2019,Open Phil AI Fellowship,2019 Class,2325000.0,Navigating Transformative AI,Grants,https://coefficientgiving.org/grants/open-phil-ai-fellowship-2019-class/
grants-1852-0,1852,2019-05-13,2019,Altruistic Technology Labs,Work on Biological Risk Prevention,440525.0,Biosecurity & Pandemic Preparedness,Grants,https://coefficientgiving.org/grants/altruistic-technology-labs-work-on-biological-risk-prevention/
grants-1841-0,1841,2019-05-29,2019,Global Catastrophic Risks Scholarships,Scholarship Support,547800.0,Global Catastrophic Risks Opportunities,Grants,https://coefficientgiving.org/grants/global-catastrophic-risks-scholarships-scholarship-support-2019/
grants-1808-0,1808,2019-06-05,2019,Federation of Indian Animal Protection Organisations,India Farm Animal Welfare,445000.0,Broiler Chicken Welfare; Farm Animal Welfare; Farm Animal Welfare in Asia; Fish Welfare,Grants,https://coefficientgiving.org/grants/federation-of-indian-animal-protection-organisations-india-farm-animal-welfare-2019/
grants-1802-0,1802,2019-06-07,2019,Penn State University,Emergency Food Research (Charles Anderson),109063.0,Other Scientific Research Areas; Science and Global Health R&D,Grants,https://coefficientgiving.org/grants/penn-state-university-emergency-food-research-charles-anderson/
grants-1826-0,1826,2019-06-07,2019,"University of California, Berkeley",Aging Research (Irina Conboy),304000.0,Noninfectious Diseases; Science and Global Health R&D; Transformative Science,Grants,https://coefficientgiving.org/grants/uc-berkeley-aging-research-irina-conboy-2019/
grants-1806-0,1806,2019-06-10,2019,Animals Australia Federation,Pig Welfare in Indonesia,48324.0,Farm Animal Welfare; Farm Animal Welfare in Asia,Grants,https://coefficientgiving.org/grants/animals-australia-federation-pig-welfare-in-indonesia/
grants-1827-0,1827,2019-06-10,2019,Sinergia Animal,Animal Welfare in Southeast Asia,187600.0,Cage-Free Reforms; Farm Animal Welfare; Farm Animal Welfare in Asia,Grants,https://coefficientgiving.org/grants/sinergia-animal-southeast-asia-animal-welfare/
grants-1800-0,1800,2019-06-24,2019,Center for Global Development,General Support,3000000.0,Global Health & Development; Global Health & Wellbeing Opportunities; Other Global Health & Development,Grants,https://coefficientgiving.org/grants/center-for-global-development-general-support-2019/
grants-1814-0,1814,2019-06-25,2019,Sentient Media,Digital Content Optimization Work,100000.0,Farm Animal Welfare,Grants,https://coefficientgiving.org/grants/sentient-media-digital-content-optimization-work/
grants-1815-0,1815,2019-06-25,2019,Sightline Institute,YIMBYtown (Predates Fund),50000.0,Abundance & Growth; Housing Policy Reform,Grants,https://coefficientgiving.org/grants/sightline-institute-yimbytown-2019/
grants-1797-0,1797,2019-06-28,2019,Humane Society International India,Animal Welfare Reform,1039124.0,Farm Animal Welfare; Farm Animal Welfare in Asia,Grants,https://coefficientgiving.org/grants/humane-society-international-india-animal-welfare-reform-2019/
grants-1764-0,1764,2019-07-01,2019,Eurogroup for Animals,European Union Trade Strategy,700000.0,Farm Animal Welfare; Farm Animal Welfare in Europe,Grants,https://coefficientgiving.org/grants/eurogroup-for-animals-european-union-trade-strategy/
grants-1812-0,1812,2019-07-02,2019,Project Peanut Butter,Ready-to-Use Therapeutic Food RCT,484785.0,Policy and Practice; Science and Global Health R&D,Grants,https://coefficientgiving.org/grants/project-peanut-butter-ready-to-use-therapeutic-food-rct-2019/
grants-1765-0,1765,2019-07-05,2019,European Summer Program on Rationality,General Support,510000.0,Global Catastrophic Risks Opportunities,Grants,https://coefficientgiving.org/grants/european-summer-program-on-rationality-general-support/
grants-1795-0,1795,2019-07-09,2019,Mercy For Animals,Corporate Campaigns,6638000.0,Broiler Chicken Welfare; Cage-Free Reforms; Farm Animal Welfare,Grants,https://coefficientgiving.org/grants/mercy-for-animals-corporate-campaigns-2019/
grants-1737-0,1737,2019-07-10,2019,Sankalpa,Farm Animal Welfare Workshop,22000.0,Cage-Free Reforms; Farm Animal Welfare,Grants,https://coefficientgiving.org/grants/sankalpa-farm-animal-welfare-workshop/
grants-1780-0,1780,2019-07-11,2019,Animal Rights Center Japan,Broiler and Layer Hen Campaigns,274000.0,Broiler Chicken Welfare; Cage-Free Reforms; Farm Animal Welfare; Farm Animal Welfare in Asia,Grants,https://coefficientgiving.org/grants/animal-rights-center-japan-broiler-and-layer-hen-campaigns/
grants-7058-0,7058,2019-07-16,2019,Metaculus,AI Forecasting Tournament (Contract),100000.0,Forecasting,Grants,https://coefficientgiving.org/grants/metaculus-ai-forecasting-tournament/
grants-1798-0,1798,2019-07-18,2019,Effective Altruism Foundation,Research and Operations,1000000.0,Global Catastrophic Risks Opportunities,Grants,https://coefficientgiving.org/grants/effective-altruism-foundation-research-and-operations/
grants-1767-0,1767,2019-07-26,2019,Group Nine Media,Factory Farming Videos,215000.0,Farm Animal Welfare,Grants,https://coefficientgiving.org/grants/group-nine-media-factory-farming-videos-2019/
grants-1787-0,1787,2019-07-31,2019,California Institute of Technology,Research on Reproductive Biology (Magdalena Zernicka-Goetz),2000000.0,Science and Global Health R&D; Transformative Science,Grants,https://coefficientgiving.org/grants/california-institute-of-technology-research-on-reproductive-biology-magdalena-zernicka-goetz/
grants-1793-0,1793,2019-07-31,2019,The Pollination Project,Global Animal Advocacy Movement,362000.0,Farm Animal Welfare,Grants,https://coefficientgiving.org/grants/the-pollination-project-global-animal-advocacy-movement-2019/
grants-1544-0,1544,2019-08-12,2019,IDinsight,Endline Evaluation of New Incentives RCT,2105962.0,GiveWell-Recommended Charities; Global Health & Wellbeing Opportunities,Grants,https://coefficientgiving.org/grants/idinsight-endline-evaluation-of-new-incentives-rct/
grants-1760-0,1760,2019-08-14,2019,Albert Schweitzer Foundation,General Support,1600000.0,Broiler Chicken Welfare; Cage-Free Reforms; Farm Animal Welfare; Farm Animal Welfare in Europe; Fish Welfare,Grants,https://coefficientgiving.org/grants/albert-schweitzer-foundation-general-support-2019/
grants-1768-0,1768,2019-08-15,2019,Greater Greater Washington,Housing and Land Use Reform (Predates Fund),300000.0,Abundance & Growth; Housing Policy Reform,Grants,https://coefficientgiving.org/grants/greater-greater-washington-housing-and-land-use-reform-2019/
grants-1785-0,1785,2019-08-15,2019,World Animal Protection,Broiler Chicken Welfare,557446.0,Broiler Chicken Welfare; Farm Animal Welfare,Grants,https://coefficientgiving.org/grants/world-animal-protection-broiler-chicken-welfare-august-2019/
grants-1789-0,1789,2019-08-15,2019,Kyushu University,Research on Mammalian Reproduction (Katsuhiko Hayashi),2500000.0,Science and Global Health R&D; Transformative Science,Grants,https://coefficientgiving.org/grants/kyushu-university-research-on-mammalian-reproduction-katsuhiko-hayashi/
grants-1774-0,1774,2019-08-22,2019,Crate Free USA,Campaigning Against Gestation Crates,94720.0,Farm Animal Welfare,Grants,https://coefficientgiving.org/grants/crate-free-illinois-campaigning-against-gestation-crates/
grants-1703-0,1703,2019-09-09,2019,Compassion in World Farming,Fish Welfare and Efforts to End Cages,2169429.0,Farm Animal Welfare,Grants,https://coefficientgiving.org/grants/compassion-in-world-farming-fish-welfare-and-efforts-to-end-cages/
grants-1587-0,1587,2019-09-17,2019,EA Scholarships,Scholarship Support,49676.0,Global Catastrophic Risks Opportunities,Grants,https://coefficientgiving.org/grants/ea-scholarships-scholarship-support-2019/
grants-1734-0,1734,2019-09-18,2019,Johns Hopkins Center for Health Security,"Biosecurity, Global Health Security, and Global Catastrophic Risks",20192755.0,Biosecurity & Pandemic Preparedness,Grants,https://coefficientgiving.org/grants/johns-hopkins-center-for-health-security-biosecurity-global-health-security-and-global-catastrophic-risks-2019/
grants-1705-0,1705,2019-09-19,2019,Plant Based Foods Association,State-Level Policy,625000.0,Alternatives to Animal Products; Farm Animal Welfare,Grants,https://coefficientgiving.org/grants/plant-based-foods-association-state-level-policy-2019/
grants-1719-0,1719,2019-09-19,2019,Animal Kingdom Foundation,Corporate Campaigns,237866.0,Farm Animal Welfare; Farm Animal Welfare in Asia,Grants,https://coefficientgiving.org/grants/animal-kingdom-foundation-corporate-campaigns-september-2019/
grants-1711-0,1711,2019-09-20,2019,Centre for Effective Altruism,General Support and Community-Building Grants,1755921.0,Global Catastrophic Risks Opportunities,Grants,https://coefficientgiving.org/grants/centre-for-effective-altruism-general-support-and-community-building-grants-2019/
grants-1696-0,1696,2019-10-08,2019,Royal Society for the Prevention of Cruelty to Animals,Organizational Development,36957.0,Farm Animal Welfare,Grants,https://coefficientgiving.org/grants/royal-society-for-the-prevention-of-cruelty-to-animals-organizational-development/
grants-1675-0,1675,2019-10-10,2019,Michael Bonsall,Animal Welfare Research,41800.0,Farm Animal Welfare,Grants,https://coefficientgiving.org/grants/oxford-university-animal-welfare-research/
grants-1666-0,1666,2019-10-16,2019,"University of California, Berkeley",Alternative Meats Lab,700000.0,Alternatives to Animal Products; Farm Animal Welfare,Grants,https://coefficientgiving.org/grants/uc-berkeley-alternative-meats-lab-october-2019/
grants-1680-0,1680,2019-10-18,2019,Anima International,Chicken Welfare Campaigns,1700000.0,Broiler Chicken Welfare; Cage-Free Reforms; Farm Animal Welfare; Farm Animal Welfare in Europe,Grants,https://coefficientgiving.org/grants/anima-international-chicken-welfare-campaigns/
grants-1689-0,1689,2019-10-21,2019,Future of Life Institute,General Support,100000.0,Global Catastrophic Risks Opportunities,Grants,https://coefficientgiving.org/grants/future-of-life-institute-general-support-2019/
grants-1702-0,1702,2019-10-23,2019,Humane Society International,African Swine Fever Training,13145.0,Farm Animal Welfare; Farm Animal Welfare in Asia,Grants,https://coefficientgiving.org/grants/humane-society-international-african-swine-fever-training/
grants-1667-0,1667,2019-10-25,2019,Center for Global Development,Impact Evaluation Case Studies,100000.0,Global Health & Development; Global Health & Wellbeing Opportunities,Grants,https://coefficientgiving.org/grants/center-for-global-development-impact-evaluation-case-studies/
grants-1683-0,1683,2019-10-29,2019,SPCA Selangor,Farm Animal Welfare,134000.0,Broiler Chicken Welfare; Cage-Free Reforms; Farm Animal Welfare; Farm Animal Welfare in Asia,Grants,https://coefficientgiving.org/grants/spca-selangor-farm-animal-welfare/
grants-1655-0,1655,2019-11-06,2019,Berkeley Existential Risk Initiative,CHAI Collaboration,705000.0,Navigating Transformative AI,Grants,https://coefficientgiving.org/grants/berkeley-existential-risk-initiative-chai-collaboration-2019/
grants-1682-0,1682,2019-11-06,2019,Plant Based Foods Association,Grocery Store Study,230000.0,Alternatives to Animal Products; Farm Animal Welfare,Grants,https://coefficientgiving.org/grants/plant-based-foods-association-grocery-store-study/
grants-1663-0,1663,2019-11-12,2019,Cincinnati Children’s Hospital Medical Center,Infant Immunome and Influenza Studies (Mary Staat),9105777.0,Human Health and Wellbeing; Infectious Diseases; Science and Global Health R&D; Transformative Science,Grants,https://coefficientgiving.org/grants/cincinnati-childrens-hospital-medical-center-infant-immunome-and-influenza-studies-mary-staat/
grants-1662-0,1662,2019-11-14,2019,"University of California, Berkeley",Center for Human-Compatible AI,200000.0,Navigating Transformative AI,Grants,https://coefficientgiving.org/grants/uc-berkeley-center-for-human-compatible-ai-2019/
grants-1643-0,1643,2019-11-18,2019,Ought,General Support,1000000.0,Navigating Transformative AI,Grants,https://coefficientgiving.org/grants/ought-general-support-2019/
grants-1636-0,1636,2019-12-03,2019,Stanford University,Global Catastrophic Risk Education,250000.0,Global Catastrophic Risks Opportunities,Grants,https://coefficientgiving.org/grants/stanford-university-global-catastrophic-risk-education/
grants-1637-0,1637,2019-12-06,2019,Broad Institute,Genome Editing Research (Feng Zhang),2500000.0,Science and Global Health R&D; Transformative Science,Grants,https://coefficientgiving.org/grants/broad-institute-genome-editing-research-feng-zhang/
grants-1250-0,1250,2019-12-10,2019,WaitList Zero,General Support,350000.0,Other Areas,Grants,https://coefficientgiving.org/grants/waitlist-zero-general-support-2019/
grants-1594-0,1594,2019-12-18,2019,Sightline Institute,Housing and Urban Development (Predates Fund),600000.0,Abundance & Growth; Housing Policy Reform,Grants,https://coefficientgiving.org/grants/sightline-institute-housing-and-urban-development-december-2019/
grants-1631-0,1631,2019-12-19,2019,The END Fund,General Support,2500000.0,GiveWell-Recommended Charities; Global Health & Development; Global Health & Wellbeing Opportunities,Grants,https://coefficientgiving.org/grants/the-end-fund-general-support-december-2019/
grants-1633-0,1633,2019-12-19,2019,Against Malaria Foundation,General Support,2500000.0,GiveWell-Recommended Charities; Global Health & Development; Global Health & Wellbeing Opportunities,Grants,https://coefficientgiving.org/grants/against-malaria-foundation-general-support-december-2019/
grants-1600-0,1600,2019-12-20,2019,GiveDirectly,General Support,2500000.0,GiveWell-Recommended Charities; Global Health & Development; Global Health & Wellbeing Opportunities,Grants,https://coefficientgiving.org/grants/givedirectly-general-support-december-2019/
grants-1604-0,1604,2019-12-23,2019,Evidence Action,Dispensers for Safe Water Program,100000.0,GiveWell-Recommended Charities; Global Health & Development; Global Health & Wellbeing Opportunities,Grants,https://coefficientgiving.org/grants/evidence-action-dispensers-for-safe-water-program-2019/
grants-1614-0,1614,2019-12-23,2019,Project Healthy Children,General Support,100000.0,GiveWell-Recommended Charities; Global Health & Development; Global Health & Wellbeing Opportunities,Grants,https://coefficientgiving.org/grants/project-healthy-children-general-support-december-2019/
grants-1620-0,1620,2019-12-26,2019,Global Animal Partnership,Farm Animal Welfare Activities,1000000.0,Farm Animal Welfare,Grants,https://coefficientgiving.org/grants/global-animal-partnership-farm-animal-welfare-activities-2019/
grants-1608-0,1608,2019-12-30,2019,Iodine Global Network,General Support,100000.0,GiveWell-Recommended Charities; Global Health & Development; Global Health & Wellbeing Opportunities,Grants,https://coefficientgiving.org/grants/iodine-global-network-general-support-december-2019/
grants-1624-0,1624,2019-12-30,2019,The Good Food Institute,International Expansion of Programs,4000000.0,Alternatives to Animal Products; Farm Animal Welfare,Grants,https://coefficientgiving.org/grants/the-good-food-institute-international-work/
grants-1597-0,1597,2019-12-31,2019,Charity Science Health,Operational Support (Exit Grant),214425.0,Global Health & Development; Global Health & Wellbeing Opportunities,Grants,https://coefficientgiving.org/grants/charity-science-health-exit-grant/
grants-1599-0,1599,2019-12-31,2019,"University of California, Berkeley",AI Safety Research (Jacob Steinhardt),1111000.0,Navigating Transformative AI,Grants,https://coefficientgiving.org/grants/uc-berkeley-ai-safety-research-2019/
grants-1606-0,1606,2019-12-31,2019,Food Fortification Initiative,General Support,100000.0,GiveWell-Recommended Charities; Global Health & Development; Global Health & Wellbeing Opportunities,Grants,https://coefficientgiving.org/grants/food-fortification-initiative-general-support-december-2019/
grants-1610-0,1610,2020-01-02,2020,Living Goods,General Support,100000.0,GiveWell-Recommended Charities; Global Health & Development; Global Health & Wellbeing Opportunities,Grants,https://coefficientgiving.org/grants/living-goods-general-support-january-2020/
grants-1622-0,1622,2020-01-02,2020,theguardian.org,Journalism on Factory Farming and Animal Cruelty,900000.0,Farm Animal Welfare,Grants,https://coefficientgiving.org/grants/theguardian-org-journalism-on-factory-farming-and-animal-cruelty-2020/
grants-1590-0,1590,2020-01-03,2020,Jason Crawford,The Roots of Progress,75000.0,Other Areas,Grants,https://coefficientgiving.org/grants/jason-crawford-the-roots-of-progress/
grants-1602-0,1602,2020-01-09,2020,Helen Keller International,Vitamin A Supplementation,9709000.0,GiveWell-Recommended Charities; Global Health & Development; Global Health & Wellbeing Opportunities,Grants,https://coefficientgiving.org/grants/helen-keller-international-vitamin-a-supplementation-january-2020/
grants-1613-0,1613,2020-01-09,2020,Global Alliance for Improved Nutrition,Universal Salt Iodization,100000.0,GiveWell-Recommended Charities; Global Health & Development; Global Health & Wellbeing Opportunities,Grants,https://coefficientgiving.org/grants/global-alliance-for-improved-nutrition-universal-salt-iodization-january-2020/
grants-1529-0,1529,2020-01-10,2020,Environment & Animal Society of Taiwan,Farm Animal Welfare Campaigns,521000.0,Broiler Chicken Welfare; Cage-Free Reforms; Farm Animal Welfare; Farm Animal Welfare in Asia; Fish Welfare,Grants,https://coefficientgiving.org/grants/environmental-animal-society-of-taiwan-farm-animal-welfare-campaigns/
grants-1522-0,1522,2020-01-13,2020,Center for Welfare Metrics,Impacts of Animal Welfare Reforms (Contract),784586.0,Cage-Free Reforms; Farm Animal Welfare,Grants,https://coefficientgiving.org/grants/center-for-welfare-metrics-impacts-of-animal-welfare-reforms-2020/
grants-1574-0,1574,2020-01-13,2020,Ought,General Support,1593333.0,Navigating Transformative AI,Grants,https://coefficientgiving.org/grants/ought-general-support-2020/
grants-1547-0,1547,2020-01-14,2020,Vegan Women Summit,General Support,5000.0,Alternatives to Animal Products; Farm Animal Welfare,Grants,https://coefficientgiving.org/grants/vegan-women-summit-general-support/
grants-1616-0,1616,2020-01-15,2020,Animal Charity Evaluators,General Support,650000.0,Farm Animal Welfare,Grants,https://coefficientgiving.org/grants/animal-charity-evaluators-general-support-2020/
grants-1556-0,1556,2020-01-21,2020,Press Shop,Support for Human Compatible,17000.0,Navigating Transformative AI,Grants,https://coefficientgiving.org/grants/press-shop-support-for-human-compatible/
grants-1543-0,1543,2020-01-22,2020,Samniqueka Halsey,Animal Welfare Research,189000.0,Farm Animal Welfare,Grants,https://coefficientgiving.org/grants/university-of-missouri-animal-welfare-research/
grants-1551-0,1551,2020-01-22,2020,Development Media International,General Support,100000.0,GiveWell-Recommended Charities; Global Health & Development; Global Health & Wellbeing Opportunities,Grants,https://coefficientgiving.org/grants/development-media-international-general-support-january-2020/
grants-1567-0,1567,2020-01-23,2020,YIMBY Law,General Support (Predates Fund),100000.0,Abundance & Growth; Housing Policy Reform,Grants,https://coefficientgiving.org/grants/yimby-law-general-support/
grants-1581-0,1581,2020-01-23,2020,RAND Corporation,Research on the State of AI Assurance Methods,30751.0,Navigating Transformative AI,Grants,https://coefficientgiving.org/grants/rand-corporation-research-on-the-state-of-ai-assurance-methods/
grants-1513-0,1513,2020-01-24,2020,Rethink Priorities,Farm Animal Welfare Research,910000.0,Farm Animal Welfare,Grants,https://coefficientgiving.org/grants/rethink-priorities-farm-animal-welfare-research-2020/
grants-1619-0,1619,2020-01-27,2020,Essere Animali,Farm Animal Welfare Work in Italy,462974.0,Farm Animal Welfare; Farm Animal Welfare in Europe,Grants,https://coefficientgiving.org/grants/essere-animali-farm-animal-welfare-work-in-italy-2020/
grants-1558-0,1558,2020-01-28,2020,Berkeley Existential Risk Initiative,General Support,150000.0,Navigating Transformative AI,Grants,https://coefficientgiving.org/grants/berkeley-existential-risk-initiative-general-support/
grants-1569-0,1569,2020-01-28,2020,World Animal Protection,Farm Animal Welfare in Southeast Asia,400000.0,Farm Animal Welfare; Farm Animal Welfare in Asia,Grants,https://coefficientgiving.org/grants/world-animal-protection-farm-animal-welfare-in-southeast-asia/
grants-1505-0,1505,2020-01-29,2020,Stanford University,AI Safety Seminar (Dorsa Sadigh),6500.0,Navigating Transformative AI,Grants,https://coefficientgiving.org/grants/stanford-university-ai-safety-seminar/
grants-1596-0,1596,2020-01-29,2020,Sightsavers,Deworming Programs,2710100.0,GiveWell-Recommended Charities; Global Health & Development; Global Health & Wellbeing Opportunities,Grants,https://coefficientgiving.org/grants/sightsavers-deworming-programs-january-2020/
grants-1531-0,1531,2020-01-30,2020,Krystal Caldwell and Sydney Heiss,Farm Animal Welfare Research (Contract),156781.0,Farm Animal Welfare,Grants,https://coefficientgiving.org/grants/krystal-caldwell-and-sydney-heiss-farm-animal-welfare-research/
grants-1521-0,1521,2020-01-31,2020,Centre for Effective Altruism,Support for The Precipice,38350.0,Global Catastrophic Risks Opportunities,Grants,https://coefficientgiving.org/grants/centre-for-effective-altruism-support-for-the-precipice/
grants-1540-0,1540,2020-01-31,2020,Niskanen Center,Research on Immigration Policy,200000.0,,Grants,https://coefficientgiving.org/grants/niskanen-center-research-on-immigration-policy-2020/
grants-1575-0,1575,2020-01-31,2020,Centre for Effective Altruism,General Support and Community-Building Grants,4146795.0,Global Catastrophic Risks Opportunities,Grants,https://coefficientgiving.org/grants/centre-for-effective-altruism-general-support-and-community-building-grants-2020/
grants-1541-0,1541,2020-02-02,2020,Animal Equality,Cage-Free and Broiler Welfare,1901000.0,Broiler Chicken Welfare; Cage-Free Reforms; Farm Animal Welfare; Farm Animal Welfare in Europe,Grants,https://coefficientgiving.org/grants/animal-equality-cage-free-and-broiler-welfare/
grants-1584-0,1584,2020-02-03,2020,Georgetown Center for Global Health Science and Security,General Support,1200000.0,Biosecurity & Pandemic Preparedness,Grants,https://coefficientgiving.org/grants/georgetown-center-for-global-health-science-and-security-general-support-february-2020/
grants-1525-0,1525,2020-02-05,2020,Center for Applied Rationality,General Support,375000.0,Global Catastrophic Risks Opportunities,Grants,https://coefficientgiving.org/grants/center-for-applied-rationality-general-support-2020/
grants-1509-0,1509,2020-02-11,2020,Commonwealth Veterinary Association,Farm Animal Welfare,15000.0,Farm Animal Welfare,Grants,https://coefficientgiving.org/grants/commonwealth-veterinary-association-farm-animal-welfare/
grants-1546-0,1546,2020-02-11,2020,"Georgetown University Initiative on Innovation, Development, and Evaluation",Zusha! Road Safety Campaign,100000.0,GiveWell-Recommended Charities; Global Health & Development; Global Health & Wellbeing Opportunities,Grants,https://coefficientgiving.org/grants/gui2de-zusha-road-safety-campaign-february-2020/
grants-1552-0,1552,2020-02-12,2020,Malaria Consortium,Seasonal Malaria Chemoprevention Programs,33926000.0,GiveWell-Recommended Charities; Global Health & Development; Global Health & Wellbeing Opportunities,Grants,https://coefficientgiving.org/grants/malaria-consortium-seasonal-malaria-chemoprevention-programs-february-2020/
grants-1461-0,1461,2020-02-14,2020,CDC Foundation,Reproductive Health Data Analysis (Dmitry Kissin),662072.0,Science and Global Health R&D; Transformative Science,Grants,https://coefficientgiving.org/grants/cdc-foundation-reproductive-health-data-analysis-dmitry-kissin/
grants-1537-0,1537,2020-02-14,2020,Machine Intelligence Research Institute,General Support,7703750.0,Navigating Transformative AI,Grants,https://coefficientgiving.org/grants/machine-intelligence-research-institute-general-support-2020/
grants-1554-0,1554,2020-02-14,2020,"80,000 Hours",General Support,3457284.0,Global Catastrophic Risks Opportunities,Grants,https://coefficientgiving.org/grants/80000-hours-general-support-2020/
grants-1440-0,1440,2020-02-18,2020,University of Oxford,New Office for Effective Altruism Organizations,776271.0,Global Catastrophic Risks Opportunities,Grants,https://coefficientgiving.org/grants/university-of-oxford-new-office-for-effective-altruism-organizations/
grants-1485-0,1485,2020-02-18,2020,Future of Humanity Institute,New DPhil Positions,939263.0,Global Catastrophic Risks Opportunities,Grants,https://coefficientgiving.org/grants/future-of-humanity-institute-new-dphil-positions/
grants-1507-0,1507,2020-02-19,2020,"University of California, Davis",Malaria Gene Drive Feasibility Analysis (Greg Lanzaro),1500000.0,Human Health and Wellbeing; Infectious Diseases; Science and Global Health R&D; Transformative Science,Grants,https://coefficientgiving.org/grants/uc-davis-malaria-gene-drive-feasibility-analysis-greg-lanzaro/
grants-1560-0,1560,2020-02-19,2020,Stanford University,Coronavirus Drug Research (Jeffrey Glenn),165000.0,Infectious Diseases; Science and Global Health R&D,Grants,https://coefficientgiving.org/grants/stanford-university-coronavirus-drug-research-february-2020-jeffrey-glenn/
grants-1502-0,1502,2020-02-20,2020,Soko Tierschutz,Factory Farm Investigations,297291.0,Farm Animal Welfare; Farm Animal Welfare in Europe,Grants,https://coefficientgiving.org/grants/soko-tierschutz-factory-farm-investigations-2020/
grants-1511-0,1511,2020-02-20,2020,Johns Hopkins Center for Health Security,Masters and PhD Program Support,1860000.0,Biosecurity & Pandemic Preparedness,Grants,https://coefficientgiving.org/grants/johns-hopkins-center-for-health-security-masters-and-phd-program-support/
grants-1516-0,1516,2020-02-20,2020,The Wilson Center,AI Policy Seminar Series,368440.0,Navigating Transformative AI,Grants,https://coefficientgiving.org/grants/wilson-center-ai-policy-seminar-series-february-2020/
grants-1532-0,1532,2020-02-20,2020,WestExec,Report on Assurance in Machine Learning Systems (Contract),540000.0,Navigating Transformative AI,Grants,https://coefficientgiving.org/grants/westexec-report-on-assurance-in-machine-learning-systems/
grants-1503-0,1503,2020-02-24,2020,Nuclear Threat Initiative,Biosecurity Program Support,8000000.0,Biosecurity & Pandemic Preparedness,Grants,https://coefficientgiving.org/grants/nuclear-threat-initiative-biosecurity-program-support-february-2020/
grants-1538-0,1538,2020-02-25,2020,Bipartisan Commission on Biodefense,General Support,2970000.0,Biosecurity & Pandemic Preparedness,Grants,https://coefficientgiving.org/grants/bipartisan-commission-on-biodefense-general-support/
grants-26244-0,26244,2020-02-27,2020,Centre for Effective Altruism,Longtermist Project Incubator,180000.0,Global Catastrophic Risks Opportunities,Grants,https://coefficientgiving.org/grants/centre-for-effective-altruism-longtermist-project-incubator-february-2020/
grants-1496-0,1496,2020-03-03,2020,Royal Society for the Prevention of Cruelty to Animals,Broiler Chicken Welfare Outreach,425000.0,Broiler Chicken Welfare; Farm Animal Welfare; Farm Animal Welfare in Europe,Grants,https://coefficientgiving.org/grants/royal-society-for-the-prevention-of-cruelty-to-animals-broiler-chicken-welfare-outreach/
grants-1324-0,1324,2020-03-06,2020,International Society for Applied Ethology,Farm Animal Welfare Science in Developing Nations,229830.0,Farm Animal Welfare,Grants,https://coefficientgiving.org/grants/international-society-for-applied-ethology-advance-farm-animal-welfare-science-in-developing-nations-2020/
grants-1410-0,1410,2020-03-10,2020,Stanford University,"Infant Immunome Study (Mark Davis, Justin Sonnenburg, and Bali Pulendran)",8293676.0,Human Health and Wellbeing; Infectious Diseases; Science and Global Health R&D; Transformative Science,Grants,https://coefficientgiving.org/grants/stanford-university-infant-immunome-study-mark-davis-justin-sonnenburg-and-bali-pulendran/
grants-1464-0,1464,2020-03-10,2020,Center for Global Development,Migration Program,1000000.0,,Grants,https://coefficientgiving.org/grants/center-for-global-development-migration-program-2020/
grants-1535-0,1535,2020-03-10,2020,Study and Training Related to AI Policy Careers,Scholarship Support,593540.0,Navigating Transformative AI,Grants,https://coefficientgiving.org/grants/study-and-training-related-to-ai-policy-careers-scholarship-support/
grants-1465-0,1465,2020-03-13,2020,Alianima,General Support,130000.0,Cage-Free Reforms; Farm Animal Welfare,Grants,https://coefficientgiving.org/grants/alianima-general-support/
grants-1494-0,1494,2020-03-16,2020,Council on Strategic Risks,Biological Weapons Prevention,410000.0,Biosecurity & Pandemic Preparedness,Grants,https://coefficientgiving.org/grants/council-on-strategic-risks-biological-weapons-prevention-march-2020/
grants-1517-0,1517,2020-03-17,2020,"University of California, Berkeley",Deworming and Cash Transfers,88000.0,"Global Health & Development; Global Health & Wellbeing Opportunities; Learning, Experimentation, and Exploration",Grants,https://coefficientgiving.org/grants/uc-berkeley-deworming-and-cash-transfers-2020/
grants-1518-0,1518,2020-03-17,2020,Center for Global Development,COVID-19 Local Response Guidelines,250000.0,Infectious Diseases; Policy and Practice; Science and Global Health R&D,Grants,https://coefficientgiving.org/grants/center-for-global-development-covid-19-local-response-guidelines/
grants-1520-0,1520,2020-03-17,2020,Good Judgment Inc.,COVID-19 Forecasting (Contract),75500.0,Forecasting,Grants,https://coefficientgiving.org/grants/good-judgment-inc-covid-19-forecasting/
grants-1499-0,1499,2020-03-19,2020,Broad Institute,Pandemic Preemption System (Pardis Sabeti and Christian Happi),1000000.0,Infectious Diseases; Science and Global Health R&D; Transformative Science,Grants,https://coefficientgiving.org/grants/broad-institute-pandemic-preemption-system-pardis-sabeti-and-christian-happi/
grants-1480-0,1480,2020-03-20,2020,Georgetown Center for Global Health Science and Security,General Support,2400000.0,Biosecurity & Pandemic Preparedness,Grants,https://coefficientgiving.org/grants/georgetown-center-for-global-health-science-and-security-general-support-march-2020/
grants-1479-0,1479,2020-03-25,2020,Johns Hopkins University,"Neural Network Training and Performance (Jared Kaplan, Brice Ménard)",55000.0,Navigating Transformative AI,Grants,https://coefficientgiving.org/grants/johns-hopkins-university-support-for-jared-kaplan-and-brice-menard/
grants-1506-0,1506,2020-03-25,2020,"University of California, Davis",Research on Antiviral Drugs (Koen Van Rompay),170190.0,Infectious Diseases; Science and Global Health R&D,Grants,https://coefficientgiving.org/grants/uc-davis-research-on-antiviral-drugs-koen-van-rompay/
grants-1486-0,1486,2020-03-26,2020,Against COVID-19,COVID-19 Database Support,10000.0,Infectious Diseases; Science and Global Health R&D,Grants,https://coefficientgiving.org/grants/against-covid-19-covid-19-database-support/
grants-1491-0,1491,2020-03-27,2020,Broad Institute,COVID-19 Diagnostic Testing (Stacey Gabriel),925000.0,Infectious Diseases; Science and Global Health R&D,Grants,https://coefficientgiving.org/grants/broad-institute-covid-19-diagnostic-testing-stacey-gabriel/
grants-1489-0,1489,2020-03-31,2020,fair-fish international association,General Support,630370.0,Farm Animal Welfare; Fish Welfare,Grants,https://coefficientgiving.org/grants/fair-fish-international-association-general-support/
grants-1462-0,1462,2020-04-01,2020,Rockefeller University,Viral Histone Mimics (Alexander Tarakhovsky),200000.0,Infectious Diseases; Science and Global Health R&D; Transformative Science,Grants,https://coefficientgiving.org/grants/rockefeller-university-viral-histone-mimics-alexander-tarakhovsky-2020/
grants-1471-0,1471,2020-04-02,2020,Effective Altruism Foundation,European Policy Research,15358.0,Effective Giving & Careers,Grants,https://coefficientgiving.org/grants/effective-altruism-foundation-european-policy-research/
grants-1493-0,1493,2020-04-02,2020,"Californians for Stem Cell Research, Treatments and Cures",California Institute for Regenerative Medicine,580000.0,Noninfectious Diseases; Science and Global Health R&D; Transformative Science,Grants,https://coefficientgiving.org/grants/californians-for-stem-cell-research-treatments-and-cures-california-institute-for-regenerative-medicine/
grants-1475-0,1475,2020-04-06,2020,Compassion in World Farming USA,Global EggTrack Program,78750.0,Cage-Free Reforms; Farm Animal Welfare,Grants,https://coefficientgiving.org/grants/compassion-in-world-farming-usa-global-eggtrack-program/
grants-1487-0,1487,2020-04-07,2020,University of Colorado,COVID-19 Personal Protective Equipment Experiments,250000.0,Infectious Diseases; Science and Global Health R&D,Grants,https://coefficientgiving.org/grants/university-of-colorado-covid-19-personal-protective-equipment-experiments/
grants-1488-0,1488,2020-04-08,2020,"University of California, Berkeley",Research on Rapid COVID-19 Serology Testing (Lisa Barcellos and Eva Harris),1300000.0,Infectious Diseases; Science and Global Health R&D,Grants,https://coefficientgiving.org/grants/uc-berkeley-research-on-rapid-covid-19-serology-testing-lisa-barcellos-and-eva-harris/
grants-1420-0,1420,2020-04-09,2020,Foundation for Food and Agriculture Research,Farm Animal Welfare Research,500000.0,Alternatives to Animal Products; Farm Animal Welfare,Grants,https://coefficientgiving.org/grants/foundation-for-food-and-agriculture-research-farm-animal-welfare-research-2020/
grants-1395-0,1395,2020-04-13,2020,International Genetically Engineered Machine Foundation,Synthetic Biology Safety and Security,940000.0,Biosecurity & Pandemic Preparedness,Grants,https://coefficientgiving.org/grants/igem-synthetic-biology-safety-and-security-2020/
grants-1466-0,1466,2020-04-13,2020,Engineers Without Borders USA,COVID-19 Hospital Equipment,250000.0,Infectious Diseases; Policy and Practice; Science and Global Health R&D,Grants,https://coefficientgiving.org/grants/engineers-without-borders-usa-covid-19-hospital-equipment/
grants-1484-0,1484,2020-04-13,2020,Brown Institute for Media Innovation,COVID-19 Rapid Micro-Grants,15000.0,Infectious Diseases; Policy and Practice; Science and Global Health R&D,Grants,https://coefficientgiving.org/grants/brown-institute-for-media-innovation-covid-19-rapid-micro-grants/
grants-1450-0,1450,2020-04-15,2020,African Union Development Agency,General Support,2500000.0,Human Health and Wellbeing; Policy and Practice; Science and Global Health R&D,Grants,https://coefficientgiving.org/grants/african-union-development-agency-general-support-2020/
grants-1468-0,1468,2020-04-15,2020,Icahn School of Medicine at Mount Sinai,COVID-19 Diagnostic Testing (Adolfo García-Sastre),627700.0,Infectious Diseases; Science and Global Health R&D,Grants,https://coefficientgiving.org/grants/icahn-school-of-medicine-at-mount-sinai-covid-19-diagnostic-testing-adolfo-garcia-sastre/
grants-1469-0,1469,2020-04-15,2020,University of Michigan,COVID-19 Protein Production (Aubree Gordon),348000.0,Infectious Diseases; Science and Global Health R&D,Grants,https://coefficientgiving.org/grants/university-of-michigan-covid-19-protein-production-aubree-gordon/
grants-1457-0,1457,2020-04-16,2020,Animal Nepal,Farm Animal Welfare,271700.0,Farm Animal Welfare; Farm Animal Welfare in Asia,Grants,https://coefficientgiving.org/grants/animal-nepal-farm-animal-welfare/
grants-1432-0,1432,2020-04-20,2020,Animal Welfare Observatory,Broiler Welfare and Cage-Free Campaigns and International Farm Animal Welfare Investigations,150000.0,Broiler Chicken Welfare; Cage-Free Reforms; Farm Animal Welfare; Farm Animal Welfare in Europe,Grants,https://coefficientgiving.org/grants/equalia-broiler-welfare-and-cage-free-campaigns-and-international-farm-animal-welfare-investigations/
grants-1454-0,1454,2020-04-21,2020,Reducetarian Foundation,Fish Consumption Messaging Research,14190.0,Farm Animal Welfare; Fish Welfare,Grants,https://coefficientgiving.org/grants/reducetarian-foundation-fish-consumption-messaging-research/
grants-1482-0,1482,2020-04-22,2020,Sea-Long Global Respiratory Systems,COVID-19 Ventilation Helmet Production,325000.0,Infectious Diseases; Science and Global Health R&D,Grants,https://coefficientgiving.org/grants/sea-long-global-respiratory-systems-covid-19-ventilation-helmet-production/
grants-1473-0,1473,2020-04-23,2020,Center for Global Development,COVID-19 Net Health Impact Calculations,550000.0,Global Health & Development; Global Health & Wellbeing Opportunities; Other Global Health & Development,Grants,https://coefficientgiving.org/grants/center-for-global-development-covid-19-net-health-impact-calculations/
grants-1455-0,1455,2020-04-24,2020,Rutgers University,Nuclear Conflict Climate Modeling,3000000.0,Global Catastrophic Risks Opportunities,Grants,https://coefficientgiving.org/grants/rutgers-university-nuclear-conflict-climate-modeling-2020/
grants-1332-0,1332,2020-04-27,2020,New Incentives,General Support,1897905.0,Global Health & Development; Global Health & Wellbeing Opportunities,Grants,https://coefficientgiving.org/grants/new-incentives-general-support-april-2020/
grants-1334-0,1334,2020-04-27,2020,New Incentives,General Support,1897905.0,GiveWell-Recommended Charities; Global Health & Wellbeing Opportunities,Grants,https://coefficientgiving.org/grants/new-incentives-general-support-2020/
grants-1424-0,1424,2020-04-27,2020,Mercy Corps,Seasonal Migration Pilot Project and RCT,1000000.0,,Grants,https://coefficientgiving.org/grants/mercy-corps-seasonal-migration-pilot-project-and-rct/
grants-1448-0,1448,2020-04-27,2020,LessWrong,General Support,300000.0,Global Catastrophic Risks Opportunities,Grants,https://coefficientgiving.org/grants/lesswrong-general-support/
grants-1483-0,1483,2020-04-27,2020,Harvard University,COVID-19 Serological Tests (Michael Mina),1784981.0,Infectious Diseases; Science and Global Health R&D,Grants,https://coefficientgiving.org/grants/harvard-university-covid-19-serological-tests-michael-mina/
grants-1369-0,1369,2020-04-28,2020,Global Priorities Institute,General Support,3298715.0,Other Areas,Grants,https://coefficientgiving.org/grants/global-priorities-institute-general-support-2020/
grants-1339-0,1339,2020-04-30,2020,Foundation for Food and Agriculture Research,Research on Drought-Tolerant Rice,122500.0,Science and Global Health R&D,Grants,https://coefficientgiving.org/grants/foundation-for-food-and-agriculture-research-research-on-drought-tolerant-rice/
grants-1434-0,1434,2020-04-30,2020,World Economic Forum,Global AI Council Workshop,50000.0,Navigating Transformative AI,Grants,https://coefficientgiving.org/grants/world-economic-forum-global-ai-council-workshop/
grants-1443-0,1443,2020-05-01,2020,Nuclear Threat Initiative,Biosecurity Program Support,500000.0,Biosecurity & Pandemic Preparedness,Grants,https://coefficientgiving.org/grants/nuclear-threat-initiative-biosecurity-program-support-may-2020/
grants-1442-0,1442,2020-05-04,2020,Life Sciences Research Foundation,Early-career Investigators,585000.0,Science and Global Health R&D; Transformative Science,Grants,https://coefficientgiving.org/grants/life-sciences-research-foundation-young-investigators-2020/
grants-1418-0,1418,2020-05-05,2020,Sinergia Animal,Corporate Cage-Free Campaigns,800000.0,Cage-Free Reforms; Farm Animal Welfare,Grants,https://coefficientgiving.org/grants/sinergia-animal-corporate-cage-free-campaigns/
grants-1383-0,1383,2020-05-06,2020,Conservative Animal Welfare Foundation,Farm Animal Welfare Advocacy,488467.0,Farm Animal Welfare; Farm Animal Welfare in Europe,Grants,https://coefficientgiving.org/grants/conservative-animal-welfare-foundation-farm-animal-welfare-advocacy/
grants-1453-0,1453,2020-05-06,2020,Open Phil AI Fellowship,2020 Class,2300000.0,Navigating Transformative AI,Grants,https://coefficientgiving.org/grants/open-phil-ai-fellowship-2020-class/
grants-1378-0,1378,2020-05-07,2020,Stanford University,Preclinical Research on Hepatitis B (Jeffrey Glenn),915000.0,Human Health and Wellbeing; Infectious Diseases; Science and Global Health R&D,Grants,https://coefficientgiving.org/grants/stanford-university-preclinical-research-on-hepatitis-b-jeffrey-glenn/
grants-1422-0,1422,2020-05-07,2020,Humane Society International,African Swine Fever Training,60000.0,Farm Animal Welfare; Farm Animal Welfare in Asia,Grants,https://coefficientgiving.org/grants/humane-society-international-african-swine-fever-training-2020/
grants-1413-0,1413,2020-05-08,2020,Soroka Medical Center,COVID-19 Interferon Lambda Trial Study (Ohad Etzion),55000.0,Infectious Diseases; Science and Global Health R&D,Grants,https://coefficientgiving.org/grants/soroka-medical-center-covid-19-interferon-lambda-trial-study-ohad-etzion/
grants-1400-0,1400,2020-05-11,2020,Penn State University,Research on Emergency Food Resilience (Charles Anderson),3064660.0,Other Scientific Research Areas; Science and Global Health R&D,Grants,https://coefficientgiving.org/grants/penn-state-university-research-on-emergency-food-resilience-charles-anderson-2020/
grants-1427-0,1427,2020-05-11,2020,Eurogroup for Animals,EU Chicken Welfare Advocacy,635000.0,Broiler Chicken Welfare; Cage-Free Reforms; Farm Animal Welfare; Farm Animal Welfare in Europe,Grants,https://coefficientgiving.org/grants/eurogroup-for-animals-eu-chicken-welfare-advocacy-2020/
grants-1438-0,1438,2020-05-11,2020,1Day Sooner,General Support,500000.0,Infectious Diseases; Policy and Practice; Science and Global Health R&D,Grants,https://coefficientgiving.org/grants/1day-sooner-general-support-may-2020/
grants-1429-0,1429,2020-05-15,2020,Duke University,COVID-19 Antiviral Studies (Ria Goswami),130982.0,Infectious Diseases; Science and Global Health R&D,Grants,https://coefficientgiving.org/grants/duke-university-covid-19-antiviral-studies-ria-goswami/
grants-1374-0,1374,2020-05-18,2020,Future of Humanity Institute,Research Scholars Programme,1586224.0,Global Catastrophic Risks Opportunities,Grants,https://coefficientgiving.org/grants/future-of-humanity-institute-research-scholars-programme/
grants-1387-0,1387,2020-05-18,2020,The Pollination Project,Farm Animal and Veg Advocacy Conference,75800.0,Farm Animal Welfare,Grants,https://coefficientgiving.org/grants/the-pollination-project-farm-animal-and-veg-advocacy-conference/
grants-1389-0,1389,2020-05-18,2020,Animal Outlook,Factory Farm Investigations Media Coverage,44200.0,Farm Animal Welfare,Grants,https://coefficientgiving.org/grants/animal-outlook-factory-farm-investigations-media-coverage/
grants-1393-0,1393,2020-05-19,2020,International Conference on Learning Representations,Machine Learning Paper Awards,3500.0,Navigating Transformative AI,Grants,https://coefficientgiving.org/grants/international-conference-on-learning-representations-machine-learning-paper-awards/
grants-1411-0,1411,2020-05-19,2020,Gryphon Scientific,Empirical Biosafety Research,2000000.0,Biosecurity & Pandemic Preparedness,Grants,https://coefficientgiving.org/grants/gryphon-scientific-empirical-biosafety-research/
grants-1416-0,1416,2020-05-21,2020,Charity Entrepreneurship,Development of New Animal Welfare Charities,260000.0,Farm Animal Welfare,Grants,https://coefficientgiving.org/grants/charity-entrepreneurship-development-of-new-animal-welfare-charities/
grants-1351-0,1351,2020-05-27,2020,Kainomyx,Antimalarial Drug (Investment),1999999.0,Human Health and Wellbeing; Infectious Diseases; Science and Global Health R&D; Transformative Science,Investments,https://coefficientgiving.org/grants/kainomyx-antimalarial-drug/
grants-1357-0,1357,2020-05-28,2020,Encompass,Diversity in the Farm Animal Welfare Movement,200000.0,Farm Animal Welfare,Grants,https://coefficientgiving.org/grants/encompass-diversity-in-the-farm-animal-welfare-movement/
grants-1402-0,1402,2020-05-28,2020,Center for Population-Level Bioethics,General Support,250000.0,Biosecurity & Pandemic Preparedness,Grants,https://coefficientgiving.org/grants/center-for-population-level-bioethics-general-support/
grants-1381-0,1381,2020-05-29,2020,Centre for the Governance of AI,General Support,450000.0,Navigating Transformative AI,Grants,https://coefficientgiving.org/grants/centre-for-the-governance-of-ai-general-support/
grants-1375-0,1375,2020-06-10,2020,Harvard University,Biosecurity and Biosafety Work,175902.0,Biosecurity & Pandemic Preparedness,Grants,https://coefficientgiving.org/grants/harvard-university-biosecurity-and-biosafety/
grants-1364-0,1364,2020-06-11,2020,Andrew Lohn,Paper on Machine Learning Model Robustness,15000.0,Navigating Transformative AI,Grants,https://coefficientgiving.org/grants/andrew-lohn-a-paper-on-machine-learning-model-robustness/
grants-1379-0,1379,2020-06-16,2020,Food Frontier,Plant-Based Meat Alternatives,200000.0,Alternatives to Animal Products; Farm Animal Welfare; Farm Animal Welfare in Asia,Grants,https://coefficientgiving.org/grants/food-frontier-plant-based-meat-alternatives/
grants-1329-0,1329,2020-06-17,2020,Foundation for Food and Agriculture Research,Plant Protein Optimization Research,250000.0,Other Scientific Research Areas; Science and Global Health R&D,Grants,https://coefficientgiving.org/grants/foundation-for-food-and-agriculture-research-plant-protein-optimization-research/
grants-1330-0,1330,2020-06-17,2020,Foundation for Food and Agriculture Research,Chickpea and Corn Zein Research,444000.0,Alternatives to Animal Products; Farm Animal Welfare,Grants,https://coefficientgiving.org/grants/foundation-for-food-and-agriculture-research-chickpea-and-corn-zein-research/
grants-1366-0,1366,2020-06-17,2020,We Animals Media,Content for Farm Animal Welfare Advocacy,517000.0,Farm Animal Welfare,Grants,https://coefficientgiving.org/grants/we-animals-media-content-for-farm-animal-welfare-advocacy-2020/
grants-1372-0,1372,2020-06-23,2020,Stanford University,Coronavirus Drug Research (Jeffrey Glenn),2531000.0,Infectious Diseases; Science and Global Health R&D,Grants,https://coefficientgiving.org/grants/stanford-university-coronavirus-drug-research-june-2020-jeffrey-glenn/
grants-1361-0,1361,2020-06-24,2020,Animal Advocacy Careers,General Support,432000.0,Farm Animal Welfare,Grants,https://coefficientgiving.org/grants/animal-advocacy-careers-general-support/
grants-1352-0,1352,2020-06-26,2020,The Wilson Center,AI Policy Seminar Series,496540.0,Navigating Transformative AI,Grants,https://coefficientgiving.org/grants/wilson-center-ai-policy-seminar-series-june-2020/
grants-1346-0,1346,2020-07-02,2020,Rita Allen Foundation,Award in Pain Scholars,330000.0,Human Health and Wellbeing; Noninfectious Diseases; Science and Global Health R&D; Transformative Science,Grants,https://coefficientgiving.org/grants/rita-allen-foundation-award-in-pain-scholars/
grants-1353-0,1353,2020-07-06,2020,Dharma Voices for Animals,Farm Animal Welfare Legislation,150000.0,Farm Animal Welfare; Farm Animal Welfare in Asia,Grants,https://coefficientgiving.org/grants/dharma-voices-for-animals-farm-animal-welfare-legislation/
grants-1414-0,1414,2020-07-10,2020,VegeProject,Corporate Outreach,102400.0,Alternatives to Animal Products; Farm Animal Welfare; Farm Animal Welfare in Asia,Grants,https://coefficientgiving.org/grants/vegeproject-corporate-outreach/
grants-1323-0,1323,2020-07-15,2020,VST Bio,Stroke Treatment (Investment),4500000.0,Human Health and Wellbeing; Noninfectious Diseases; Science and Global Health R&D,Investments,https://coefficientgiving.org/grants/vst-bio-stroke-treatment/
grants-1350-0,1350,2020-07-20,2020,Stanford University,Universal Flu Drug Research (Jeffrey Glenn),415000.0,Infectious Diseases; Science and Global Health R&D,Grants,https://coefficientgiving.org/grants/stanford-university-universal-flu-drug-research-jeffrey-glenn/
grants-1340-0,1340,2020-07-23,2020,Becca Franks,Work on Fish Welfare,95000.0,Farm Animal Welfare; Fish Welfare,Grants,https://coefficientgiving.org/grants/new-york-university-work-on-fish-welfare-2020/
grants-1313-0,1313,2020-07-27,2020,Group Nine Media,Factory Farming Videos,680448.0,Farm Animal Welfare,Grants,https://coefficientgiving.org/grants/group-nine-media-factory-farming-videos-2020/
grants-1588-0,1588,2020-07-31,2020,Early-Career Funding for Global Catastrophic Biological Risks,Scholarship Support,1414407.0,Biosecurity & Pandemic Preparedness,Grants,https://coefficientgiving.org/grants/early-career-funding-for-global-catastrophic-biological-risks-scholarship-support-2019-2020/
grants-1331-0,1331,2020-08-06,2020,Catalyst,Farm Animal Welfare i﻿n Thailand,447000.0,Farm Animal Welfare; Farm Animal Welfare in Asia,Grants,https://coefficientgiving.org/grants/catalyst-farm-animal-welfare-i%ef%bb%bfn-thailand/
grants-1320-0,1320,2020-08-15,2020,Labor Mobility Partnerships,International Labor Mobility,500000.0,,Grants,https://coefficientgiving.org/grants/labor-mobility-partnerships-international-labor-mobility/
grants-1292-0,1292,2020-08-20,2020,Icosavax,COVID-19 Vaccine Development (Investment),6500000.0,Infectious Diseases; Science and Global Health R&D; Science Supporting Biosecurity and Pandemic Preparedness,Investments,https://coefficientgiving.org/grants/icosavax-covid-19-vaccine-development/
grants-1314-0,1314,2020-08-21,2020,University of Pennsylvania,Geopolitical Forecasting Research,29432.0,Forecasting,Grants,https://coefficientgiving.org/grants/university-of-pennsylvania-geopolitical-forecasting-research/
grants-1315-0,1315,2020-08-31,2020,"University of California, Berkeley",Assessing COVID-19 Infection Prevalence in Rural Kenya (Amy Pickering and Michael Kremer),220000.0,Infectious Diseases; Science and Global Health R&D,Grants,https://coefficientgiving.org/grants/uc-berkeley-assessing-covid-19-infection-prevalence-in-rural-kenya-amy-pickering-and-michael-kremer/
grants-1321-0,1321,2020-09-01,2020,Riboscience,COVID-19 Drug Research (Investment),210000.0,Infectious Diseases; Science and Global Health R&D; Science Supporting Biosecurity and Pandemic Preparedness,Investments,https://coefficientgiving.org/grants/riboscience-covid-19-drug-research/
grants-1309-0,1309,2020-09-03,2020,Center for Strategic and International Studies,AI Accident Risk and Technology Competition,118307.0,Navigating Transformative AI,Grants,https://coefficientgiving.org/grants/center-for-strategic-and-international-studies-ai-accident-risk-and-technology-competition/
grants-1308-0,1308,2020-09-09,2020,AcceleratingHT,COVID-19 Response,50000.0,Infectious Diseases; Policy and Practice; Science and Global Health R&D,Grants,https://coefficientgiving.org/grants/acceleratinght-covid-19-response/
grants-1317-0,1317,2020-09-11,2020,World Animal Net,Broiler Chicken and Pig Welfare Guidelines,37600.0,Broiler Chicken Welfare; Farm Animal Welfare,Grants,https://coefficientgiving.org/grants/world-animal-net-broiler-chicken-and-pig-welfare-guidelines/
grants-1303-0,1303,2020-09-18,2020,"Rice, Hadley, Gates & Manuel LLC",AI Accident Risk and Technology Competition (Contract),25000.0,Navigating Transformative AI,Grants,https://coefficientgiving.org/grants/rice-hadley-gates-and-manuel-llc-ai-accident-risk-and-technology-competition/
grants-1307-0,1307,2020-09-24,2020,Center for International Security and Cooperation,AI Accident Risk and Technology Competition,67000.0,Navigating Transformative AI,Grants,https://coefficientgiving.org/grants/center-for-international-security-and-cooperation-ai-accident-risk-and-technology-competition/
grants-1289-0,1289,2020-09-25,2020,Federation of American Scientists,International Science Advisory Body for Biosecurity,175000.0,Biosecurity & Pandemic Preparedness,Grants,https://coefficientgiving.org/grants/federation-of-american-scientists-international-science-advisory-body-for-biosecurity/
grants-1301-0,1301,2020-09-25,2020,The Humane League,Open Wing Alliance,3600000.0,Broiler Chicken Welfare; Cage-Free Reforms; Farm Animal Welfare,Grants,https://coefficientgiving.org/grants/the-humane-league-open-wing-alliance-2020/
grants-26250-0,26250,2020-09-28,2020,Centre for Effective Altruism,Longtermist Project Incubator,48736.0,Global Catastrophic Risks Opportunities,Grants,https://coefficientgiving.org/grants/centre-for-effective-altruism-longtermist-incubator-september-2020/
grants-1282-0,1282,2020-10-01,2020,Vegan Women Summit,Plant- and Cell-Based Startup Pitch Competition,20000.0,Alternatives to Animal Products; Farm Animal Welfare,Grants,https://coefficientgiving.org/grants/vegan-women-summit-plant-and-cell-based-startup-pitch-competition/
grants-1296-0,1296,2020-10-01,2020,Smitha Milli,Participatory Approaches to Machine Learning Workshop,370.0,Navigating Transformative AI,Grants,https://coefficientgiving.org/grants/smitha-milli-participatory-approaches-to-machine-learning-workshop/
grants-1293-0,1293,2020-10-02,2020,Center for a New American Security,AI Governance Projects,24350.0,Navigating Transformative AI,Grants,https://coefficientgiving.org/grants/center-for-a-new-american-security-ai-governance-projects/
grants-1278-0,1278,2020-10-05,2020,"Animal Welfare Awareness, Research, and Education",Farm Animal Welfare Work,64600.0,Farm Animal Welfare; Farm Animal Welfare in Asia,Grants,https://coefficientgiving.org/grants/animal-welfare-awareness-research-and-education-farm-animal-welfare-work/
grants-1297-0,1297,2020-10-06,2020,University Health Network,Preterm Birth Research,1253000.0,Human Health and Wellbeing; Maternal and Newborn Health; Science and Global Health R&D,Grants,https://coefficientgiving.org/grants/university-health-network-preterm-birth-research-2020/
grants-1284-0,1284,2020-10-12,2020,Center for a New American Security,AI and Security Projects,116744.0,Navigating Transformative AI,Grants,https://coefficientgiving.org/grants/center-for-a-new-american-security-ai-and-security-projects/
grants-1264-0,1264,2020-10-13,2020,Massachusetts Institute of Technology Media Lab,DNA Synthesis Screening Methods,890000.0,Biosecurity & Pandemic Preparedness,Grants,https://coefficientgiving.org/grants/massachusetts-institute-of-technology-media-lab-dna-synthesis-screening-methods/
grants-1271-0,1271,2020-10-14,2020,"University of California, Berkeley",In-Line Water Chlorination Devices (Amy Pickering),99000.0,Human Health and Wellbeing; Infectious Diseases; Science and Global Health R&D,Grants,https://coefficientgiving.org/grants/uc-berkeley-in-line-water-chlorination-devices-amy-pickering/
grants-1129-0,1129,2020-10-19,2020,Effective Altruism Foundation,European Policy Research and Advocacy,375000.0,Effective Giving & Careers,Grants,https://coefficientgiving.org/grants/effective-altruism-foundation-european-policy-research-and-advocacy/
grants-1272-0,1272,2020-10-21,2020,ANTI-VeC,Malaria Prevention Research,700000.0,Human Health and Wellbeing; Infectious Diseases; Science and Global Health R&D; Transformative Science,Grants,https://coefficientgiving.org/grants/anti-vec-malaria-prevention-research/
grants-1257-0,1257,2020-10-26,2020,YIMBY Law,General Support (Predates Fund),500000.0,Abundance & Growth; Housing Policy Reform,Grants,https://coefficientgiving.org/grants/yimby-law-general-support-october-2020/
grants-1263-0,1263,2020-10-29,2020,GiveWell,General Support,2389753.0,GiveWell-Recommended Charities; Global Health & Wellbeing Opportunities,Grants,https://coefficientgiving.org/grants/givewell-general-support-october-2020/
grants-1273-0,1273,2020-10-29,2020,University of Glasgow,Malaria Prevention Research,3175000.0,Human Health and Wellbeing; Infectious Diseases; Science and Global Health R&D; Transformative Science,Grants,https://coefficientgiving.org/grants/university-of-glasgow-malaria-prevention-research-steven-sinkins/
grants-1268-0,1268,2020-10-30,2020,Direct Relief,COVID-19 Action Fund for Africa,275000.0,Global Health & Development; Global Health & Wellbeing Opportunities; Other Global Health & Development,Grants,https://coefficientgiving.org/grants/direct-relief-covid-19-action-fund-for-africa/
grants-1147-0,1147,2020-11-02,2020,L214,Broiler Welfare Campaigns in France,1642046.0,Broiler Chicken Welfare; Cage-Free Reforms; Farm Animal Welfare; Farm Animal Welfare in Europe,Grants,https://coefficientgiving.org/grants/l214-broiler-welfare-campaigns-in-france-2020/
grants-1242-0,1242,2020-11-02,2020,Council on Strategic Risks,Biological Weapons Prevention,2050000.0,Biosecurity & Pandemic Preparedness,Grants,https://coefficientgiving.org/grants/council-on-strategic-risks-biological-weapons-prevention-november-2020/
grants-1251-0,1251,2020-11-02,2020,VasoRX,Atherosclerosis and Pulmonary Arterial Hypertension Therapy (Investment),5550000.0,Human Health and Wellbeing; Noninfectious Diseases; Science and Global Health R&D,Investments,https://coefficientgiving.org/grants/vasorx-atherosclerosis-and-pulmonary-arterial-hypertension-therapy/
grants-1259-0,1259,2020-11-03,2020,Yale University,Cardiovascular Disease Therapy Research,450000.0,Human Health and Wellbeing; Noninfectious Diseases; Science and Global Health R&D,Grants,https://coefficientgiving.org/grants/yale-university-cardiovascular-disease-therapy-research/
grants-1246-0,1246,2020-11-09,2020,221B Foundation,COVID-19 Testing in Nepal (Jay Mahat),100000.0,Infectious Diseases; Science and Global Health R&D,Grants,https://coefficientgiving.org/grants/221b-foundation-covid-19-testing-in-nepal-jay-mahat/
grants-1256-0,1256,2020-11-09,2020,Binx,COVID-19 Testing Platform (Investment),2000000.0,Infectious Diseases; Science and Global Health R&D; Science Supporting Biosecurity and Pandemic Preparedness,Investments,https://coefficientgiving.org/grants/binx-covid-19-testing-platform/
grants-1241-0,1241,2020-11-13,2020,AI Impacts,General Support,50000.0,Navigating Transformative AI,Grants,https://coefficientgiving.org/grants/ai-impacts-general-support-2020/
grants-1236-0,1236,2020-11-16,2020,Material Innovation Initiative,Plant-Based Fashion Alternatives,200000.0,Alternatives to Animal Products; Farm Animal Welfare,Grants,https://coefficientgiving.org/grants/material-innovation-initiative-plant-based-fashion-alternatives/
grants-1243-0,1243,2020-11-16,2020,Global Health Security Network,Global Health Security Conference,50000.0,Biosecurity & Pandemic Preparedness,Grants,https://coefficientgiving.org/grants/global-health-security-network-global-health-security-conference/
grants-1227-0,1227,2020-11-17,2020,Compassion in World Farming,Farm Animal Welfare in Asia,1391971.0,Farm Animal Welfare; Farm Animal Welfare in Asia,Grants,https://coefficientgiving.org/grants/compassion-in-world-farming-farm-animal-welfare-in-asia/
grants-1245-0,1245,2020-11-17,2020,Mike Toscano,Layer Hen Breeding Research,410000.0,Cage-Free Reforms; Farm Animal Welfare,Grants,https://coefficientgiving.org/grants/university-of-bern-layer-hen-breeding-research/
grants-1247-0,1247,2020-11-17,2020,1Day Sooner,General Support,600000.0,Infectious Diseases; Policy and Practice; Science and Global Health R&D,Grants,https://coefficientgiving.org/grants/1day-sooner-general-support-november-2020/
grants-1240-0,1240,2020-11-18,2020,The Kids Research Institute Australia,Strep A Vaccine (Jonathan Carapetis),5300000.0,Human Health and Wellbeing; Infectious Diseases; Science and Global Health R&D,Grants,https://coefficientgiving.org/grants/telethon-kids-institute-university-of-western-australia-strep-a-vaccine-jonathan-carapetis/
grants-1252-0,1252,2020-11-18,2020,Future of Life Institute,General Support,176000.0,Global Catastrophic Risks Opportunities,Grants,https://coefficientgiving.org/grants/future-of-life-institute-general-support-2020/
grants-1260-0,1260,2020-11-18,2020,International Centre of Insect Physiology and Ecology,Malaria Prevention Research (Jeremy Herren),2199645.0,Infectious Diseases; Science and Global Health R&D; Transformative Science,Grants,https://coefficientgiving.org/grants/international-centre-of-insect-physiology-and-ecology-malaria-prevention-research-jeremy-herren/
grants-1237-0,1237,2020-11-23,2020,International Refugee Assistance Project,General Support,1000000.0,,Grants,https://coefficientgiving.org/grants/international-refugee-assistance-project-general-support-2020/
grants-1223-0,1223,2020-11-24,2020,Washington University in St. Louis,Research on Cryptosporidium Hominis (David Sibley),1154589.0,Human Health and Wellbeing; Infectious Diseases; Science and Global Health R&D; Transformative Science,Grants,https://coefficientgiving.org/grants/washington-university-in-st-louis-research-on-cryptosporidium-hominis-david-sibley/
grants-1142-0,1142,2020-11-25,2020,Impact Alliance,Cage-Free Program,17603.0,Cage-Free Reforms; Farm Animal Welfare; Farm Animal Welfare in Asia,Grants,https://coefficientgiving.org/grants/impact-alliance-cage-free-program/
grants-1248-0,1248,2020-11-25,2020,Massachusetts Institute of Technology,AI Trends and Impacts Research (Neil Thompson),550688.0,Navigating Transformative AI,Grants,https://coefficientgiving.org/grants/massachusetts-institute-of-technology-ai-trends-and-impacts-research/
grants-1261-0,1261,2020-11-25,2020,University of New South Wales,In Vitro Fertilization Research (Robert Gilchrist),2500000.0,Science and Global Health R&D; Transformative Science,Grants,https://coefficientgiving.org/grants/university-of-new-south-wales-in-vitro-fertilization-research-robert-gilchrist/
grants-1233-0,1233,2020-11-27,2020,GLOBALG.A.P.,Fish Welfare Standards,61667.0,Farm Animal Welfare; Fish Welfare,Grants,https://coefficientgiving.org/grants/globalg-a-p-fish-welfare-standards/
grants-1167-0,1167,2020-12-01,2020,Project Healthy Children,General Support,50000.0,GiveWell-Recommended Charities; Global Health & Development; Global Health & Wellbeing Opportunities,Grants,https://coefficientgiving.org/grants/project-healthy-children-general-support-december-2020/
grants-1120-0,1120,2020-12-02,2020,University of Pennsylvania,Research on Mammalian Reproduction (Kotaro Sasaki),1000000.0,Science and Global Health R&D; Transformative Science,Grants,https://coefficientgiving.org/grants/university-of-pennsylvania-research-on-mammalian-reproduction-kotaro-sasaki-2020/
grants-1205-0,1205,2020-12-03,2020,The Humane League UK,General Support,507900.0,Broiler Chicken Welfare; Cage-Free Reforms; Farm Animal Welfare; Farm Animal Welfare in Europe,Grants,https://coefficientgiving.org/grants/the-humane-league-uk-general-support/
grants-1192-0,1192,2020-12-04,2020,Evidence Action,Dispensers for Safe Water Program,50000.0,GiveWell-Recommended Charities; Global Health & Development; Global Health & Wellbeing Opportunities,Grants,https://coefficientgiving.org/grants/evidence-action-dispensers-for-safe-water-program-december-2020/
grants-1194-0,1194,2020-12-04,2020,Evidence Action,Deworm the World Initiative,4103000.0,GiveWell-Recommended Charities; Global Health & Development; Global Health & Wellbeing Opportunities,Grants,https://coefficientgiving.org/grants/evidence-action-deworm-the-world-initiative/
grants-1196-0,1196,2020-12-04,2020,Development Media International,General Support,50000.0,GiveWell-Recommended Charities; Global Health & Development; Global Health & Wellbeing Opportunities,Grants,https://coefficientgiving.org/grants/development-media-international-general-support-december-2020/
grants-1166-0,1166,2020-12-07,2020,"Georgetown University Initiative on Innovation, Development, and Evaluation",Zusha! Road Safety Campaign,50000.0,GiveWell-Recommended Charities; Global Health & Development; Global Health & Wellbeing Opportunities,Grants,https://coefficientgiving.org/grants/gui2de-zusha-road-safety-campaign-december-2020/
grants-1190-0,1190,2020-12-08,2020,Food Fortification Initiative,General Support,50000.0,Global Health & Development; Global Health & Wellbeing Opportunities,Grants,https://coefficientgiving.org/grants/food-fortification-initiative-general-support-december-2020/
grants-1160-0,1160,2020-12-09,2020,Living Goods,General Support,50000.0,GiveWell-Recommended Charities; Global Health & Development; Global Health & Wellbeing Opportunities,Grants,https://coefficientgiving.org/grants/living-goods-general-support-december-2020/
grants-1184-0,1184,2020-12-11,2020,Animal Friends Jogja,Farm Animal Welfare Work,78000.0,Farm Animal Welfare; Farm Animal Welfare in Asia,Grants,https://coefficientgiving.org/grants/animal-friends-jogja-farm-animal-welfare-work/
grants-1202-0,1202,2020-12-15,2020,Against Malaria Foundation,General Support,6651000.0,GiveWell-Recommended Charities; Global Health & Development; Global Health & Wellbeing Opportunities,Grants,https://coefficientgiving.org/grants/against-malaria-foundation-general-support-2020/
grants-1140-0,1140,2020-12-18,2020,University of Toronto,Machine Learning Research (Chris Maddison),520000.0,Navigating Transformative AI,Grants,https://coefficientgiving.org/grants/university-of-toronto-machine-learning-research/
grants-1169-0,1169,2020-12-18,2020,The END Fund,General Support,500000.0,GiveWell-Recommended Charities; Global Health & Development; Global Health & Wellbeing Opportunities,Grants,https://coefficientgiving.org/grants/the-end-fund-general-support-2020/
grants-1213-0,1213,2020-12-18,2020,Davide Dominoni,Animal Welfare Research,109552.0,Farm Animal Welfare,Grants,https://coefficientgiving.org/grants/university-of-glasgow-animal-welfare-research/
grants-1151-0,1151,2020-12-21,2020,Founders Pledge,General Support,1500000.0,Global Catastrophic Risks Opportunities,Grants,https://coefficientgiving.org/grants/founders-pledge-general-support-2020/
grants-1175-0,1175,2020-12-21,2020,Helen Keller International,Vitamin A Supplementation,8059000.0,GiveWell-Recommended Charities; Global Health & Development; Global Health & Wellbeing Opportunities,Grants,https://coefficientgiving.org/grants/helen-keller-international-vitamin-a-supplementation-december-2020/
grants-1177-0,1177,2020-12-21,2020,Malaria Consortium,Seasonal Malaria Chemoprevention Programs,27076757.0,GiveWell-Recommended Charities; Global Health & Development; Global Health & Wellbeing Opportunities,Grants,https://coefficientgiving.org/grants/malaria-consortium-seasonal-malaria-chemoprevention-programs-december-2020/
grants-1203-0,1203,2020-12-22,2020,Center for Global Development,Aid Effectiveness Advocacy Research,50000.0,Global Aid Policy,Grants,https://coefficientgiving.org/grants/center-for-global-development-aid-effectiveness-advocacy-research/
grants-1126-0,1126,2020-12-24,2020,Altruistic Technology Labs,Planning Grant,250000.0,Biosecurity & Pandemic Preparedness,Grants,https://coefficientgiving.org/grants/altruistic-technology-labs-planning-grant/
grants-1186-0,1186,2020-12-29,2020,Fórum Nacional de Proteção e Defesa Animal,Crate- and Cage-Free Campaigning in Brazil,100000.0,Cage-Free Reforms; Farm Animal Welfare,Grants,https://coefficientgiving.org/grants/forum-nacional-de-protecao-e-defesa-animal-crate-and-cage-free-campaigning-in-brazil-2020/
grants-1066-0,1066,2020-12-30,2020,"University of California, Berkeley",Air Quality Sensors in South Asia,700000.0,Air Quality,Grants,https://coefficientgiving.org/grants/uc-berkeley-air-quality-sensors-in-south-asia/
grants-1162-0,1162,2020-12-30,2020,Iodine Global Network,General Support,50000.0,GiveWell-Recommended Charities; Global Health & Development; Global Health & Wellbeing Opportunities,Grants,https://coefficientgiving.org/grants/iodine-global-network-general-support-december-2020/
grants-1135-0,1135,2021-01-06,2021,Institute of Agrifood Research and Technology,Fish Welfare Certification Standards,237043.0,Farm Animal Welfare; Farm Animal Welfare in Europe; Fish Welfare,Grants,https://coefficientgiving.org/grants/institute-of-agrifood-research-and-technology-fish-welfare-certification-standards/
grants-7081-0,7081,2021-01-07,2021,Alliance for International Medical Action,Treatment of Malnutrition in Niger,1008450.0,GiveWell-Recommended Charities; Global Health & Wellbeing Opportunities,Grants,https://coefficientgiving.org/grants/alliance-for-international-medical-action-treatment-of-malnutrition-in-niger/
grants-1136-0,1136,2021-01-08,2021,Stanford Existential Risks Initiative,Global Catastrophic Risk Education,1500000.0,Global Catastrophic Risks Opportunities,Grants,https://coefficientgiving.org/grants/stanford-existential-risks-initiative-global-catastrophic-risk-education/
grants-7076-0,7076,2021-01-08,2021,,Scholarship Support,2150648.0,Biosecurity & Pandemic Preparedness,Grants,https://coefficientgiving.org/grants/early-career-funding-for-global-catastrophic-biological-risks-scholarship-support-2021/
grants-1164-0,1164,2021-01-11,2021,New Incentives,General Support,16785243.0,GiveWell-Recommended Charities; Global Health & Development; Global Health & Wellbeing Opportunities,Grants,https://coefficientgiving.org/grants/new-incentives-general-support-2021/
grants-1171-0,1171,2021-01-12,2021,GiveDirectly,General Support,500000.0,GiveWell-Recommended Charities; Global Health & Development; Global Health & Wellbeing Opportunities,Grants,https://coefficientgiving.org/grants/givedirectly-general-support-2021/
grants-1130-0,1130,2021-01-14,2021,"University of California, Santa Cruz",Adversarial Robustness Research (Cihang Xie),265000.0,Navigating Transformative AI,Grants,https://coefficientgiving.org/grants/uc-santa-cruz-adversarial-robustness-research/
grants-1209-0,1209,2021-01-14,2021,People for Animals Uttarakhand,Farm Animal Welfare Fellowship,85000.0,Farm Animal Welfare; Farm Animal Welfare in Asia,Grants,https://coefficientgiving.org/grants/people-for-animals-uttarakhand-farm-animal-welfare-fellowship/
grants-1219-0,1219,2021-01-14,2021,Berryville Institute of Machine Learning,Machine Learning Security Research (Gary McGraw),150000.0,Navigating Transformative AI,Grants,https://coefficientgiving.org/grants/berryville-institute-of-machine-learning-machine-learning-security-research/
grants-1210-0,1210,2021-01-17,2021,"University of California, Berkeley",Center for Human-Compatible Artificial Intelligence,11955246.0,Navigating Transformative AI,Grants,https://coefficientgiving.org/grants/uc-berkeley-center-for-human-compatible-artificial-intelligence-2021/
grants-1226-0,1226,2021-01-19,2021,Center for Security and Emerging Technology,General Support,8000000.0,Navigating Transformative AI,Grants,https://coefficientgiving.org/grants/center-for-security-and-emerging-technology-general-support/
grants-1132-0,1132,2021-01-21,2021,Effective Altruism Debate Championship,General Support,5915.0,Global Catastrophic Risks Opportunities,Grants,https://coefficientgiving.org/grants/effective-altruism-debate-championship-general-support/
grants-1144-0,1144,2021-01-21,2021,Vital Strategies,Support for a Consortium on Alcohol Control Policy,100000.0,GiveWell-Recommended Charities; Global Health & Development; Global Health & Wellbeing Opportunities,Grants,https://coefficientgiving.org/grants/vital-strategies-support-for-a-consortium-on-alcohol-control-policy/
grants-1128-0,1128,2021-01-28,2021,Maina Ngotho,Farm Animal Welfare Science Master's Program,29886.0,Farm Animal Welfare,Grants,https://coefficientgiving.org/grants/mount-kenya-university-farm-animal-welfare-science-masters-program/
grants-1146-0,1146,2021-01-28,2021,Centre for Pesticide Suicide Prevention,General Support,6949382.0,Global Health & Wellbeing Opportunities,Grants,https://coefficientgiving.org/grants/centre-for-pesticide-suicide-prevention-general-support-2021/
grants-1185-0,1185,2021-01-28,2021,OliLux Biosciences,Rapid Tuberculosis Detection and Treatment Management Tools (Investment),400000.0,Human Health and Wellbeing; Infectious Diseases; Science and Global Health R&D,Investments,https://coefficientgiving.org/grants/olilux-biosciences-rapid-tuberculosis-detection-and-treatment-management-tools/
grants-8645-0,8645,2021-01-28,2021,Dan Lahav,EA Debate Tournament,2000.0,Global Catastrophic Risks Opportunities,Grants,https://coefficientgiving.org/grants/dan-lahav-ea-debate-tournament/
grants-1122-0,1122,2021-01-29,2021,Mercy For Animals,Farm Animal Welfare Projects,69750.0,Farm Animal Welfare,Grants,https://coefficientgiving.org/grants/mercy-for-animals-the-peoples-fund/
grants-1145-0,1145,2021-02-02,2021,Hypermind,COVID-19 Forecasting (Contract),311333.0,Forecasting,Grants,https://coefficientgiving.org/grants/hypermind-covid-19-forecasting/
grants-1198-0,1198,2021-02-02,2021,Crate Free USA,Campaigning Against Gestation Crates,70350.0,Farm Animal Welfare,Grants,https://coefficientgiving.org/grants/crate-free-illinois-campaigning-against-gestation-crates-2021/
grants-1179-0,1179,2021-02-04,2021,Centre for Effective Altruism,General Support,7500000.0,Global Catastrophic Risks Opportunities,Grants,https://coefficientgiving.org/grants/centre-for-effective-altruism-general-support-2021/
grants-1211-0,1211,2021-02-04,2021,Crustacean Compassion,General Support,786830.0,Farm Animal Welfare; Farm Animal Welfare in Europe; Fish Welfare,Grants,https://coefficientgiving.org/grants/crustacean-compassion-general-support/
grants-8443-0,8443,2021-02-04,2021,,Scholarship Support,1766373.0,Global Catastrophic Risks Opportunities,,https://coefficientgiving.org/grants/early-career-funding-for-improving-the-long-term-future-scholarship-support-2021/
grants-1156-0,1156,2021-02-08,2021,Massachusetts Institute of Technology,Adversarial Robustness Research (Aleksander Madry),1430000.0,Navigating Transformative AI,Grants,https://coefficientgiving.org/grants/massachusetts-institute-of-technology-adversarial-robustness-research/
grants-1125-0,1125,2021-02-18,2021,Changing Markets Foundation,Fish Welfare Retail Campaigns,500000.0,Farm Animal Welfare; Farm Animal Welfare in Europe; Fish Welfare,Grants,https://coefficientgiving.org/grants/changing-markets-foundation-fish-welfare-retail-campaigns/
grants-1127-0,1127,2021-02-18,2021,Immune Observatory,Single-Dose COVID-19 Vaccine Modeling,100000.0,Global Catastrophic Risks Opportunities,Grants,https://coefficientgiving.org/grants/immune-observatory-single-dose-covid-19-vaccine-modeling/
grants-1158-0,1158,2021-02-18,2021,Global Alliance for Improved Nutrition,Universal Salt Iodization,50000.0,GiveWell-Recommended Charities; Global Health & Development; Global Health & Wellbeing Opportunities,Grants,https://coefficientgiving.org/grants/global-alliance-for-improved-nutrition-universal-salt-iodization-january-2021/
grants-1073-0,1073,2021-02-19,2021,Weill Cornell Medical College,COVID-19 Antiviral Studies (Ria Goswami),220553.0,Infectious Diseases; Science and Global Health R&D,Grants,https://coefficientgiving.org/grants/weill-cornell-medical-college-covid-19-antiviral-studies-ria-goswami/
grants-1121-0,1121,2021-02-19,2021,University of Pennsylvania,Geopolitical Forecasting Research,132181.0,Forecasting,Grants,https://coefficientgiving.org/grants/university-of-pennsylvania-geopolitical-forecasting-research-2021/
grants-1065-0,1065,2021-02-22,2021,"Council on Energy, Environment, and Water",Air Quality Sensors in South Asia,410000.0,Air Quality,Grants,https://coefficientgiving.org/grants/council-on-energy-environment-and-water-air-quality-sensors-in-south-asia/
grants-1119-0,1119,2021-02-22,2021,University of Tübingen,Adversarial Robustness Research (Matthias Hein),300000.0,Navigating Transformative AI,Grants,https://coefficientgiving.org/grants/university-of-tubingen-adversarial-robustness-research-matthias-hein/
grants-1070-0,1070,2021-02-23,2021,University of Tübingen,Robustness Research (Wieland Brendel),590000.0,Navigating Transformative AI,Grants,https://coefficientgiving.org/grants/university-of-tubingen-robustness-research-wieland-brendel/
grants-1155-0,1155,2021-02-24,2021,"University of California, Berkeley",Adversarial Robustness Research (Dawn Song),330000.0,Navigating Transformative AI,Grants,https://coefficientgiving.org/grants/uc-berkeley-adversarial-robustness-research-dawn-song/
grants-1173-0,1173,2021-02-24,2021,Sightsavers,Deworming Programs,2796000.0,GiveWell-Recommended Charities; Global Health & Development; Global Health & Wellbeing Opportunities,Grants,https://coefficientgiving.org/grants/sightsavers-deworming-programs-2021/
grants-1154-0,1154,2021-02-26,2021,"University of California, Berkeley",Adversarial Robustness Research (David Wagner),330000.0,Navigating Transformative AI,Grants,https://coefficientgiving.org/grants/uc-berkeley-adversarial-robustness-research-david-wagner/
grants-1064-0,1064,2021-02-28,2021,Indian Institute of Technology Delhi,Air Quality Sensors in South Asia,228000.0,Air Quality,Grants,https://coefficientgiving.org/grants/indian-institute-of-technology-delhi-air-quality-sensors-in-south-asia/
grants-1108-0,1108,2021-03-01,2021,CDC Foundation,Malaria Control Research Project,672500.0,Human Health and Wellbeing; Infectious Diseases; Science and Global Health R&D; Transformative Science,Grants,https://coefficientgiving.org/grants/cdc-foundation-malaria-control-research-project-2021/
grants-7033-0,7033,2021-03-09,2021,Berkeley Existential Risk Initiative,SERI Summer Fellowships,210000.0,Navigating Transformative AI,Grants,https://coefficientgiving.org/grants/berkeley-existential-risk-initiative-seri-summer-fellowships/
grants-8442-0,8442,2021-03-11,2021,Brian Christian,The Alignment Problem Book Promotion (Contract),60859.0,Navigating Transformative AI,Grants,https://coefficientgiving.org/grants/brian-christian-the-alignment-problem-book-promotion/
grants-1072-0,1072,2021-03-12,2021,"University of California, Davis",COVID-19 Antiviral Studies (Lark L. Coffey),100642.0,Infectious Diseases; Science and Global Health R&D,Grants,https://coefficientgiving.org/grants/uc-davis-covid-19-antiviral-studies-lark-l-coffey/
grants-7080-0,7080,2021-03-12,2021,Malaria Consortium,Seasonal Malaria Chemoprevention Programs,21942167.0,Global Health & Wellbeing Opportunities,Grants,https://coefficientgiving.org/grants/malaria-consortium-seasonal-malaria-chemoprevention-programs-2021/
grants-1116-0,1116,2021-03-15,2021,Rethink Priorities,Moral Patienthood and Moral Weight Research,315500.0,Farm Animal Welfare,Grants,https://coefficientgiving.org/grants/rethink-priorities-moral-patienthood-and-moral-weight-research/
grants-7059-0,7059,2021-03-15,2021,Hypermind,AI Forecasting Tournament (Contract),121124.0,Forecasting,Grants,https://coefficientgiving.org/grants/hypermind-ai-forecasting-tournament/
grants-1149-0,1149,2021-03-17,2021,Massachusetts Institute of Technology Media Lab,Kevin Esvelt’s Research,1000000.0,Biosecurity & Pandemic Preparedness,Grants,https://coefficientgiving.org/grants/massachusetts-institute-of-technology-media-lab-kevin-esvelts-research-2021/
grants-9499-0,9499,2021-03-17,2021,Vegan Women Summit,General Support,200000.0,Farm Animal Welfare,Grants,https://coefficientgiving.org/grants/vegan-women-summit-general-support-2021/
grants-1106-0,1106,2021-03-19,2021,Center for a New American Security,Strategic Lessons from COVID-19,250000.0,Biosecurity & Pandemic Preparedness,Grants,https://coefficientgiving.org/grants/center-for-a-new-american-security-strategic-lessons-from-covid-19/
grants-1157-0,1157,2021-03-19,2021,Michelle Boonstra and Hans van de Vis,Wild-Caught Fish Welfare,519434.0,Farm Animal Welfare; Fish Welfare,Grants,https://coefficientgiving.org/grants/wageningen-university-research-wild-caught-fish-welfare/
grants-1089-0,1089,2021-03-22,2021,Abundant Housing Massachusetts,General Support (Predates Fund),600000.0,Abundance & Growth; Housing Policy Reform,Grants,https://coefficientgiving.org/grants/abundant-housing-massachusetts-general-support/
grants-1071-0,1071,2021-03-24,2021,Tampere University,Work on Global Catastrophic Risks,5656.0,Biosecurity & Pandemic Preparedness,Grants,https://coefficientgiving.org/grants/tampere-university-work-on-global-catastrophic-risks-2021/
grants-1150-0,1150,2021-03-24,2021,Unlimit Health,General Support,3129000.0,GiveWell-Recommended Charities; Global Health & Development; Global Health & Wellbeing Opportunities,Grants,https://coefficientgiving.org/grants/unlimit-health-general-support-2021/
grants-9538-0,9538,2021-03-25,2021,Hypermind,AI Forecasting (Contract),147180.0,Forecasting,Grants,https://coefficientgiving.org/grants/hypermind-ai-forecasting/
grants-1114-0,1114,2021-03-29,2021,Faunalytics,Farm Animal Welfare Goal Setting and Impact Tracking,15000.0,Farm Animal Welfare; Farm Animal Welfare in Asia,Grants,https://coefficientgiving.org/grants/faunalytics-farm-animal-welfare-goal-setting-and-impact-tracking/
grants-9525-0,9525,2021-03-30,2021,Duke University,COVID-19 Antiviral Studies (Timothy Haystead),14355.0,Infectious Diseases; Science and Global Health R&D; Science Supporting Biosecurity and Pandemic Preparedness,Grants,https://coefficientgiving.org/grants/duke-university-covid-19-antiviral-studies-timothy-haystead/
grants-1100-0,1100,2021-04-01,2021,Wakker Dier,Farm Animal Welfare Litigation,1215000.0,Farm Animal Welfare; Farm Animal Welfare in Europe,Grants,https://coefficientgiving.org/grants/wakker-dier-farm-animal-welfare-litigation/
grants-9531-0,9531,2021-04-01,2021,International Conference on Learning Representations,Security and Safety in Machine Learning Systems Workshop,3000.0,Navigating Transformative AI,Grants,https://coefficientgiving.org/grants/international-conference-on-learning-representations-security-and-safety-in-machine-learning-systems-workshop/
grants-7054-0,7054,2021-04-02,2021,Charity Entrepreneurship,Development of New Animal Welfare Charities,247500.0,Farm Animal Welfare,Grants,https://coefficientgiving.org/grants/charity-entrepreneurship-development-of-new-animal-welfare-charities-2021/
grants-1112-0,1112,2021-04-09,2021,Compassion in World Farming USA,General Support,550000.0,Broiler Chicken Welfare; Cage-Free Reforms; Farm Animal Welfare,Grants,https://coefficientgiving.org/grants/compassion-in-world-farming-usa-general-support-2021/
grants-1091-0,1091,2021-04-12,2021,The Wilson Center,AI Policy Training Program,291214.0,Navigating Transformative AI,Grants,https://coefficientgiving.org/grants/wilson-center-ai-policy-training-program/
grants-1099-0,1099,2021-04-12,2021,University of Cambridge,Machine Learning Research (David Krueger),250000.0,Navigating Transformative AI,Grants,https://coefficientgiving.org/grants/university-of-cambridge-machine-learning-research/
grants-9560-0,9560,2021-04-12,2021,Stanford University,Research on Lipid Nanoparticles (Jeffrey Glenn),610000.0,Science and Global Health R&D; Science Supporting Biosecurity and Pandemic Preparedness; Transformative Science,Grants,https://coefficientgiving.org/grants/stanford-university-research-on-lipid-nanoparticles-jeffrey-glenn/
grants-7079-0,7079,2021-04-14,2021,Malaria Consortium,Support for LLIN Distribution Campaigns,27175074.0,Global Health & Wellbeing Opportunities,Grants,https://coefficientgiving.org/grants/malaria-consortium-support-for-llin-distribution-campaigns/
grants-1069-0,1069,2021-04-20,2021,Future of Humanity Institute,Research Scholars Programs,1909402.0,Global Catastrophic Risks Opportunities,Grants,https://coefficientgiving.org/grants/future-of-humanity-institute-research-scholars-programs-2021/
grants-1094-0,1094,2021-04-23,2021,Rethink Charity,Farm Animal Welfare Movement Building,79040.0,Farm Animal Welfare,Grants,https://coefficientgiving.org/grants/rethink-charity-farm-animal-welfare-movement-building/
grants-9541-0,9541,2021-04-25,2021,Georgia Institute of Technology,Research on Lipid Nanoparticles (James Dahlman),882000.0,Infectious Diseases; Science and Global Health R&D; Transformative Science,Grants,https://coefficientgiving.org/grants/georgia-tech-research-on-lipid-nanoparticles-james-dahlman/
grants-1102-0,1102,2021-04-27,2021,Animal Protection Denmark,Wild-Caught Fish Welfare,283000.0,Farm Animal Welfare; Farm Animal Welfare in Europe; Fish Welfare,Grants,https://coefficientgiving.org/grants/animal-protection-denmark-wild-caught-fish-welfare/
grants-1153-0,1153,2021-04-28,2021,Open Phil AI Fellowship,2021 Class,1000000.0,Navigating Transformative AI,Grants,https://coefficientgiving.org/grants/open-phil-ai-fellowship-2021-class/
grants-1077-0,1077,2021-04-30,2021,Anima International,Farm Animal Welfare Work,152000.0,Farm Animal Welfare,Grants,https://coefficientgiving.org/grants/anima-international-farm-animal-welfare-work/
grants-9555-0,9555,2021-04-30,2021,Rethink Priorities,Global Health and Wellbeing Cause Research (Contract),418500.0,Global Health & Wellbeing Opportunities,Grants,https://coefficientgiving.org/grants/rethink-priorities-global-health-and-wellbeing-cause-research/
grants-1079-0,1079,2021-05-03,2021,SPCA Selangor,Cage-Free Campaigns,99000.0,Farm Animal Welfare,Grants,https://coefficientgiving.org/grants/spca-selangor-cage-free-campaigns/
grants-7020-0,7020,2021-05-03,2021,Daniel Dewey,AI Alignment Project,175000.0,Navigating Transformative AI,Grants,https://coefficientgiving.org/grants/daniel-dewey-ai-alignment-project/
grants-9515-0,9515,2021-05-05,2021,Abundant Housing LA,General Support (Predates Fund),150000.0,Abundance & Growth; Housing Policy Reform,Grants,https://coefficientgiving.org/grants/abundant-housing-la-general-support/
grants-14474-0,14474,2021-05-06,2021,Jennifer Dodd,Machine Learning Self-Study,19200.0,Navigating Transformative AI,Grants,https://coefficientgiving.org/grants/jennifer-dodd-machine-learning-self-study/
grants-1090-0,1090,2021-05-10,2021,Stanford Existential Risks Initiative,Distribution of The Precipice,24000.0,Other Areas,Grants,https://coefficientgiving.org/grants/stanford-existential-risk-initiative-distribution-of-the-precipice/
grants-1075-0,1075,2021-05-11,2021,Humane Society International,Farm Animal Welfare in Southeast Asia and Latin America,650000.0,Farm Animal Welfare; Navigating Transformative AI,Grants,https://coefficientgiving.org/grants/humane-society-international-farm-animal-welfare-in-southeast-asia-and-latin-america/
grants-9529-0,9529,2021-05-11,2021,International Genetically Engineered Machine Foundation,Support for Team ABSI_Kenya's Project,8500.0,Human Health and Wellbeing; Infectious Diseases; Science and Global Health R&D,Grants,https://coefficientgiving.org/grants/igem-support-for-team-absi_kenyas-project/
grants-7072-0,7072,2021-05-18,2021,Animal Welfare Observatory,General Support,817000.0,Broiler Chicken Welfare; Cage-Free Reforms; Farm Animal Welfare; Farm Animal Welfare in Europe,Grants,https://coefficientgiving.org/grants/equalia-general-support/
grants-7028-0,7028,2021-05-19,2021,Carnegie Mellon University,Adversarial Robustness Research (Zico Kolter),330000.0,Navigating Transformative AI,Grants,https://coefficientgiving.org/grants/carnegie-mellon-university-adversarial-robustness-research/
grants-10588-0,10588,2021-05-20,2021,One for the World,General Support,260798.0,Effective Giving & Careers,Grants,https://coefficientgiving.org/grants/one-for-the-world-general-support-2021/
grants-9550-0,9550,2021-05-21,2021,LessWrong,General Support,460000.0,Global Catastrophic Risks Opportunities,Grants,https://coefficientgiving.org/grants/lesswrong-general-support-2021/
grants-18483-0,18483,2021-05-27,2021,International Rescue Committee,Treatment of Malnutrition,19907422.0,GiveWell-Recommended Charities; Global Health & Wellbeing Opportunities,Grants,https://coefficientgiving.org/grants/international-rescue-committee-treatment-of-malnutrition-may-to-august-2021/
grants-1087-0,1087,2021-05-30,2021,Eurogroup for Animals,Fish Welfare,1190000.0,Farm Animal Welfare; Farm Animal Welfare in Europe; Fish Welfare,Grants,https://coefficientgiving.org/grants/eurogroup-for-animals-fish-welfare-2021/
grants-7035-0,7035,2021-06-01,2021,Center for Global Development,Malaria Reduction,50000.0,Human Health and Wellbeing; Infectious Diseases; Science and Global Health R&D,Grants,https://coefficientgiving.org/grants/center-for-global-development-malaria-reduction/
grants-7041-0,7041,2021-06-01,2021,Mercy For Animals,Corporate Campaigns,3000000.0,Broiler Chicken Welfare; Cage-Free Reforms; Farm Animal Welfare,Grants,https://coefficientgiving.org/grants/mercy-for-animals-corporate-campaigns-2021/
grants-7042-0,7042,2021-06-01,2021,Global Priorities Institute,General Support,3333997.0,Other Areas,Grants,https://coefficientgiving.org/grants/global-priorities-institute-general-support-2021/
grants-1059-0,1059,2021-06-04,2021,Wild Animal Initiative,Animal Welfare Research,3500000.0,Farm Animal Welfare,Grants,https://coefficientgiving.org/grants/wild-animal-initiative-animal-welfare-research/
grants-8598-0,8598,2021-06-09,2021,Yale University,Malaria Vaccine Research (Richard Bucala),360000.0,Human Health and Wellbeing; Infectious Diseases; Science and Global Health R&D,Grants,https://coefficientgiving.org/grants/yale-university-malaria-vaccine-research-richard-bucala/
grants-7073-0,7073,2021-06-10,2021,Dyrevernalliansen (The Norwegian Animal Protection Alliance),Fish Welfare,300000.0,Farm Animal Welfare; Fish Welfare,Grants,https://coefficientgiving.org/grants/dyrevernalliansen-fish-welfare-2021/
grants-7074-0,7074,2021-06-10,2021,California YIMBY,General Support (Predates Fund),2600000.0,Abundance & Growth; Housing Policy Reform,Grants,https://coefficientgiving.org/grants/california-yimby-general-support-2021/
grants-9549-0,9549,2021-06-10,2021,Life Sciences Research Foundation,Early-career Investigators,630000.0,Science and Global Health R&D; Transformative Science,Grants,https://coefficientgiving.org/grants/life-sciences-research-foundation-young-investigators-2021/
grants-7034-0,7034,2021-06-18,2021,Animal Charity Evaluators,General Support,700000.0,Farm Animal Welfare,Grants,https://coefficientgiving.org/grants/animal-charity-evaluators-general-support-2021/
grants-11863-0,11863,2021-06-23,2021,IRD Global,Zero TB Program,336402.0,GiveWell-Recommended Charities; Global Health & Development; Global Health & Wellbeing Opportunities,Grants,https://coefficientgiving.org/grants/ird-global-zero-tb-program/
grants-18803-0,18803,2021-06-24,2021,Alliance for International Medical Action,Malnutrition Treatment in Chad,7968073.0,GiveWell-Recommended Charities; Global Health & Development; Global Health & Wellbeing Opportunities,Grants,https://coefficientgiving.org/grants/alliance-for-international-medical-action-alima-malnutrition-treatment-in-chad-may-2021/
grants-7036-0,7036,2021-07-01,2021,Animal Equality,Cage-Free and Broiler Welfare,3000000.0,Farm Animal Welfare,Grants,https://coefficientgiving.org/grants/animal-equality-cage-free-and-broiler-welfare-2021/
grants-7075-0,7075,2021-07-01,2021,Rethink Priorities,AI Governance Research (Contract),612185.0,Navigating Transformative AI,Grants,https://coefficientgiving.org/grants/rethink-priorities-ai-governance-research/
grants-8430-0,8430,2021-07-02,2021,EA Funding for Individuals,Work and Study Support,719034.0,Global Catastrophic Risks Opportunities; Other Areas,Grants,https://coefficientgiving.org/grants/ea-early-career-funding-work-and-study-support/
grants-9503-0,9503,2021-07-06,2021,Berkeley Existential Risk Initiative,MineRL BASALT Competition,70000.0,Navigating Transformative AI,Grants,https://coefficientgiving.org/grants/berkeley-existential-risk-initiative-minerl-basalt-competition/
grants-7047-0,7047,2021-07-07,2021,Reducetarian Foundation,Reducetarian Fellowship,200000.0,Farm Animal Welfare,Grants,https://coefficientgiving.org/grants/reducetarian-foundation-reducetarian-fellowship/
grants-7052-0,7052,2021-07-07,2021,Compassion in World Farming,Fish Welfare and Efforts to End Cages,5055105.0,Cage-Free Reforms; Farm Animal Welfare; Fish Welfare,Grants,https://coefficientgiving.org/grants/compassion-in-world-farming-fish-welfare-and-efforts-to-end-cages-2021/
grants-12969-0,12969,2021-07-13,2021,Animal Kingdom Foundation,Layer Hen Welfare in the Philippines,365700.0,Cage-Free Reforms; Farm Animal Welfare,Grants,https://coefficientgiving.org/grants/animal-kingdom-foundation-layer-hen-welfare-in-the-philippines-2021/
grants-8568-0,8568,2021-07-14,2021,Sneha’s Care,Dairy Welfare Regulations (Contract),110050.0,Farm Animal Welfare; Farm Animal Welfare in Asia,Grants,https://coefficientgiving.org/grants/snehas-care-dairy-welfare-regulations/
grants-11865-0,11865,2021-07-15,2021,Applied Research Laboratory for Intelligence and Security,Report on Security Clearances,70000.0,Navigating Transformative AI,Grants,https://coefficientgiving.org/grants/applied-research-laboratory-for-intelligence-and-security-report-on-security-clearances/
grants-7057-0,7057,2021-07-16,2021,Federation of American Scientists,High-Skilled Immigration Policy (Predates Fund),600000.0,Abundance & Growth; Innovation Policy,Grants,https://coefficientgiving.org/grants/federation-of-american-scientists-high-skilled-immigration-policy/
grants-8382-0,8382,2021-07-16,2021,"University of California, Berkeley",Tuberculosis Diagnosis (Adithya Cattamanchi and Sarah Stanley),60000.0,Human Health and Wellbeing; Infectious Diseases; Science and Global Health R&D; Transformative Science,Grants,https://coefficientgiving.org/grants/uc-berkeley-tuberculosis-diagnosis-adithya-cattamanchi-and-sarah-stanley/
grants-9562-0,9562,2021-07-16,2021,Sinergia Animal,Animal Welfare in Southeast Asia,291500.0,Farm Animal Welfare; Farm Animal Welfare in Asia,Grants,https://coefficientgiving.org/grants/sinergia-animal-southeast-asia-animal-welfare-2021/
grants-8488-0,8488,2021-07-20,2021,Mass Eye and Ear,Pulmonary Fibrosis Drug (Leo Kim),920000.0,Infectious Diseases; Science and Global Health R&D,Grants,https://coefficientgiving.org/grants/schepens-eye-research-institute-at-mass-eye-and-ear-pulmonary-fibrosis-drug-leo-kim/
grants-9517-0,9517,2021-07-20,2021,Center for International Security and Cooperation,AI and Strategic Stability,365361.0,Navigating Transformative AI,Grants,https://coefficientgiving.org/grants/center-for-international-security-and-cooperation-ai-and-strategic-stability/
grants-8491-0,8491,2021-07-21,2021,Lead for Farmed Animals; Rethink Charity,Movement-Building Workshop,352700.0,Farm Animal Welfare,Grants,https://coefficientgiving.org/grants/lead-for-farmed-animals-movement-building-workshop/
grants-8486-0,8486,2021-07-23,2021,Kansas State University,Fungal Genetics Stock Center,50000.0,Human Health and Wellbeing; Infectious Diseases; Science and Global Health R&D; Transformative Science,Grants,https://coefficientgiving.org/grants/kansas-state-university-fungal-genetics-stock-center/
grants-9051-0,9051,2021-07-23,2021,Ifakara Health Institute,Malaria Vaccine Clinical Trial (Ally Olotu),68184.0,Human Health and Wellbeing; Infectious Diseases; Science and Global Health R&D,Grants,https://coefficientgiving.org/grants/ifakara-health-institute-malaria-vaccine-clinical-trial-ally-olotu/
grants-9505-0,9505,2021-07-23,2021,Berkeley Existential Risk Initiative,AI Standards,300000.0,Navigating Transformative AI,Grants,https://coefficientgiving.org/grants/berkeley-existential-risk-initiative-ai-standards/
grants-9511-0,9511,2021-07-23,2021,"University of California, Berkeley",AI Standards,25000.0,Navigating Transformative AI,Grants,https://coefficientgiving.org/grants/center-for-long-term-cybersecurity-ai-standards/
grants-7039-0,7039,2021-08-01,2021,Center for Security and Emerging Technology,General Support,38920000.0,Navigating Transformative AI,Grants,https://coefficientgiving.org/grants/center-for-security-and-emerging-technology-general-support-august-2021/
grants-7051-0,7051,2021-08-03,2021,Stanford University,Adversarial Robustness Research (Shibani Santurkar),161739.0,Navigating Transformative AI,Grants,https://coefficientgiving.org/grants/stanford-university-adversarial-robustness-research-shibani-santurkar/
grants-7083-0,7083,2021-08-03,2021,Open New York,General Support (Predates Fund),1000000.0,Abundance & Growth; Housing Policy Reform,Grants,https://coefficientgiving.org/grants/open-new-york-general-support/
grants-12194-0,12194,2021-08-05,2021,Agricultural Research Service,Malaria Control Research,321219.0,Human Health and Wellbeing; Infectious Diseases; Science and Global Health R&D; Transformative Science,Grants,https://coefficientgiving.org/grants/agricultural-research-service-malaria-control-research-2021/
grants-7048-0,7048,2021-08-08,2021,Pure Earth,Support for Reducing Lead Exposure in Low- and Middle-Income Countries,2130000.0,Global Health & Wellbeing Opportunities,Grants,https://coefficientgiving.org/grants/pure-earth-support-for-reducing-lead-exposure-in-low-and-middle-income-countries/
grants-7055-0,7055,2021-08-09,2021,Stanford University,Adversarial Robustness Research (Dimitris Tsipras),330792.0,Navigating Transformative AI,Grants,https://coefficientgiving.org/grants/stanford-university-adversarial-robustness-research-dimitris-tsipras/
grants-8406-0,8406,2021-08-09,2021,Dyrevernalliansen (The Norwegian Animal Protection Alliance),Wild-Caught Fish Welfare Research,568893.0,Farm Animal Welfare; Farm Animal Welfare in Europe,Grants,https://coefficientgiving.org/grants/dyrevernalliansen-wild-caught-fish-welfare-research/
grants-8427-0,8427,2021-08-09,2021,University of Southern California,Adversarial Robustness Research (Robin Jia),320000.0,Navigating Transformative AI,Grants,https://coefficientgiving.org/grants/university-of-southern-california-adversarial-robustness-research/
grants-8496-0,8496,2021-08-09,2021,National Bureau of Economic Research,Innovation Policy Working Group (Predates Fund),467500.0,Abundance & Growth; Innovation Policy,Grants,https://coefficientgiving.org/grants/national-bureau-of-economic-research-innovation-policy-working-group/
grants-8234-0,8234,2021-08-10,2021,University of Washington (Institute for Protein Design),Syphilis Vaccine Development (Lorenzo Giacani),816063.0,Human Health and Wellbeing; Infectious Diseases; Maternal and Newborn Health; Science and Global Health R&D,Grants,https://coefficientgiving.org/grants/university-of-washington-syphilis-vaccine-development-lorenzo-giacani/
grants-8389-0,8389,2021-08-10,2021,"University of California, Berkeley",Course Development Support (Jacob Steinhardt),53983.0,Forecasting,Grants,https://coefficientgiving.org/grants/uc-berkeley-course-development-support-jacob-steinhardt/
grants-7044-0,7044,2021-08-11,2021,Center for Security and Emerging Technology,Biosecurity Research Project,3330000.0,Biosecurity & Pandemic Preparedness,Grants,https://coefficientgiving.org/grants/center-for-security-and-emerging-technology-biosecurity-research-project/
grants-7045-0,7045,2021-08-11,2021,University of Notre Dame,Nanopore Protein Sequencing (Gregory Timp),1769056.0,Science and Global Health R&D; Scientific Innovation: Tools and Techniques; Transformative Science,Grants,https://coefficientgiving.org/grants/university-of-notre-dame-nanopore-protein-sequencing-gregory-timp-2021/
grants-8483-0,8483,2021-08-11,2021,International Vaccine Institute,Schistosomiasis Vaccine Assessment,140000.0,Human Health and Wellbeing; Infectious Diseases; Science and Global Health R&D,Grants,https://coefficientgiving.org/grants/international-vaccines-institute-schistosomiasis-vaccine-assessment/
grants-10149-0,10149,2021-08-12,2021,University Of Science Technical And Technologies De Bamako,Malaria Vaccine Clinical Trial (Alassane Dicko),754845.0,Human Health and Wellbeing; Infectious Diseases; Science and Global Health R&D,Grants,https://coefficientgiving.org/grants/university-of-science-technical-and-technologies-de-bamako-malaria-vaccine-clinical-trial-alassane-dicko/
grants-10143-0,10143,2021-08-13,2021,"Institut des Sciences et Techniques, Bobo-Dioulasso",Malaria Vaccine Clinical Trial (Jean Bosco Ouedraogo),631162.0,Human Health and Wellbeing; Infectious Diseases; Science and Global Health R&D,Grants,https://coefficientgiving.org/grants/institut-des-sciences-et-techniques-bobo-dioulasso-malaria-vaccine-clinical-trial-jean-bosco-ouedraogo/
grants-28233-0,28233,2021-08-15,2021,Pure Earth,Support for Reducing Lead Exposure in Low- and Middle-Income Countries,2130000.0,Global Health & Wellbeing Opportunities,Grants,https://coefficientgiving.org/grants/support-for-reducing-lead-exposure-in-low-and-middle-income-countries/
grants-7053-0,7053,2021-08-17,2021,Purdue University,Preclinical Data Research (Douglas Brubaker),1500000.0,Science and Global Health R&D; Transformative Science,Grants,https://coefficientgiving.org/grants/purdue-university-preclinical-data-research-douglas-brubaker/
grants-8566-0,8566,2021-08-18,2021,Korean Animal Welfare Association,Cage-Free Layer Hen Farming,57000.0,Cage-Free Reforms; Farm Animal Welfare,Grants,https://coefficientgiving.org/grants/korean-animal-welfare-association-cage-free-layer-hen-farming/
grants-10137-0,10137,2021-08-20,2021,The KEMRI-Wellcome Trust Research Programme,Malaria Vaccine Clinical Trial (Philip Bejon),472016.0,Human Health and Wellbeing; Infectious Diseases; Science and Global Health R&D,Grants,https://coefficientgiving.org/grants/kemri-wellcome-trust-research-programme-malaria-vaccine-clinical-trial/
grants-14796-0,14796,2021-08-24,2021,Future of Humanity Institute,Economist Survey,30000.0,Global Catastrophic Risks Opportunities,Grants,https://coefficientgiving.org/grants/future-of-humanity-institute-economist-survey/
grants-9537-0,9537,2021-08-24,2021,"University of California, Berkeley",Adversarial Robustness Research (Aditi Raghunathan),87829.0,Navigating Transformative AI,Grants,https://coefficientgiving.org/grants/uc-berkeley-adversarial-robustness-research-aditi-raghunathan/
grants-12511-0,12511,2021-08-25,2021,Boston University,Human Lung Model Systems,414000.0,Science and Global Health R&D; Transformative Science,Grants,https://coefficientgiving.org/grants/boston-university-human-lung-model-systems/
grants-4969-0,4969,2021-09-01,2021,Applied Research Laboratory for Intelligence and Security,Forecasting Platforms,7993782.0,Forecasting,Grants,https://coefficientgiving.org/grants/applied-research-laboratory-for-intelligence-and-security-forecasting-platforms/
grants-8403-0,8403,2021-09-01,2021,"University of California, San Francisco",Chronic Pain Research (Allan Basbaum),1066312.0,Noninfectious Diseases; Other Scientific Research Areas; Science and Global Health R&D; Transformative Science,Grants,https://coefficientgiving.org/grants/ucsf-chronic-pain-research-allan-basbaum-2021/
grants-8420-0,8420,2021-09-02,2021,Kainomyx,Antimalarial Drug (Investment),4000000.0,Infectious Diseases; Other Scientific Research Areas; Science and Global Health R&D; Transformative Science,Investments,https://coefficientgiving.org/grants/kainomyx-antimalarial-drug-2021/
grants-12873-0,12873,2021-09-10,2021,Farmed Animal Funders,Regranting for Farm Animal Welfare in Europe,750000.0,Farm Animal Welfare; Farm Animal Welfare in Europe,Grants,https://coefficientgiving.org/grants/farmed-animal-funders-regranting-for-farm-animal-welfare-in-europe/
grants-12691-0,12691,2021-09-13,2021,Center for a New American Security,Risks from Militarized AI,101187.0,Navigating Transformative AI,Grants,https://coefficientgiving.org/grants/center-for-a-new-american-security-risks-from-militarized-ai/
grants-8409-0,8409,2021-09-13,2021,University of Washington (Institute for Protein Design),Universal Influenza Vaccines (Neil King),3230394.0,Infectious Diseases; Other Scientific Research Areas; Science and Global Health R&D; Transformative Science,Grants,https://coefficientgiving.org/grants/university-of-washington-universal-influenza-vaccines-neil-king/
grants-10987-0,10987,2021-09-15,2021,Peter McIntyre,Effective Altruism Community Building Projects,165257.0,Global Catastrophic Risks Opportunities,Grants,https://coefficientgiving.org/grants/peter-mcintyre-effective-altruism-community-building-projects/
grants-8589-0,8589,2021-09-15,2021,Plant Based Foods Association,General Support,3500000.0,Alternatives to Animal Products; Farm Animal Welfare,Grants,https://coefficientgiving.org/grants/plant-based-foods-association-general-support/
grants-9495-0,9495,2021-09-16,2021,Université de Montréal,Research Project on Artificial Intelligence,210552.0,Navigating Transformative AI,Grants,https://coefficientgiving.org/grants/universite-de-montreal-research-project-on-artificial-intelligence/
grants-12574-0,12574,2021-09-17,2021,Stanford University,Pandemic Preparedness Center,200000.0,Infectious Diseases; Science and Global Health R&D; Science Supporting Biosecurity and Pandemic Preparedness,Grants,https://coefficientgiving.org/grants/stanford-university-pandemic-preparedness-center/
grants-12538-0,12538,2021-09-24,2021,Rethink Priorities,Farm Animal Welfare Research,2000000.0,Farm Animal Welfare,Grants,https://coefficientgiving.org/grants/rethink-priorities-farm-animal-welfare-research-2021/
grants-10352-0,10352,2021-09-27,2021,Larissa Schiavo and Rachel Shu,COVID Response Documentary Miniseries,55000.0,Global Catastrophic Risks Opportunities,Grants,https://coefficientgiving.org/grants/larissa-schiavo-and-rachel-shu-covid-response-documentary-miniseries/
grants-13345-0,13345,2021-09-29,2021,Environment & Animal Society of Taiwan,Farm Animal Welfare in Taiwan,1345000.0,Farm Animal Welfare,Grants,https://coefficientgiving.org/grants/environment-animal-society-of-taiwan-farm-animal-welfare-in-taiwan-2021/
grants-10596-0,10596,2021-09-30,2021,Precision Development,Operational Support (Exit Grant),100000.0,GiveWell-Recommended Charities; Global Health & Development; Global Health & Wellbeing Opportunities,Grants,https://coefficientgiving.org/grants/precision-development-exit-grant/
grants-12198-0,12198,2021-09-30,2021,Stanford University,AI Index,78000.0,Navigating Transformative AI,Grants,https://coefficientgiving.org/grants/stanford-university-ai-index/
grants-14062-0,14062,2021-09-30,2021,Iodine Global Network,General Support (Exit Grant),100000.0,GiveWell-Recommended Charities; Global Health & Development; Global Health & Wellbeing Opportunities,Grants,https://coefficientgiving.org/grants/iodine-global-network-exit-grant/
grants-14071-0,14071,2021-09-30,2021,Project Healthy Children,General Support (Exit Grant),100000.0,GiveWell-Recommended Charities; Global Health & Development; Global Health & Wellbeing Opportunities,Grants,https://coefficientgiving.org/grants/project-healthy-children-exit-grant/
grants-8422-0,8422,2021-10-03,2021,Centre for Effective Altruism,Effective Altruism Infrastructure Fund,500000.0,Global Catastrophic Risks Opportunities,Grants,https://coefficientgiving.org/grants/centre-for-effective-altruism-effective-altruism-infrastructure-fund/
grants-12520-0,12520,2021-10-04,2021,Solar Cooling Engineering,Solar Refrigerator Testing,100000.0,Human Health and Wellbeing; Infectious Diseases; Science and Global Health R&D,Grants,https://coefficientgiving.org/grants/solar-cooling-engineering-solar-refrigerator-testing/
grants-10609-0,10609,2021-10-05,2021,"Georgetown University Initiative on Innovation, Development, and Evaluation",Zusha! Road Safety (Exit Grant),100000.0,GiveWell-Recommended Charities; Global Health & Development; Global Health & Wellbeing Opportunities,Grants,https://coefficientgiving.org/grants/gui2de-zusha-road-safety-exit-grant/
grants-18486-0,18486,2021-10-05,2021,International Rescue Committee,Treatment of Malnutrition,42000.0,GiveWell-Recommended Charities; Global Health & Development; Global Health & Wellbeing Opportunities,Grants,https://coefficientgiving.org/grants/international-rescue-committee-treatment-of-malnutrition-october-2021/
grants-9704-0,9704,2021-10-05,2021,Bit by Bit Coding,High School Courses on Neural Networks,250275.0,Navigating Transformative AI,Grants,https://coefficientgiving.org/grants/bit-by-bit-coding-high-school-courses-on-neural-networks/
grants-10603-0,10603,2021-10-06,2021,Evidence Action,Dispensers for Safe Water (Exit Grant),100000.0,GiveWell-Recommended Charities; Global Health & Development; Global Health & Wellbeing Opportunities,Grants,https://coefficientgiving.org/grants/evidence-action-dispensers-for-safe-water-program/
grants-9494-0,9494,2021-10-06,2021,The Humane League,General Support,7000000.0,Farm Animal Welfare,Grants,https://coefficientgiving.org/grants/the-humane-league-general-support-2021/
grants-9498-0,9498,2021-10-08,2021,University of Southern California,Course Development Support (Jake Nebel),33000.0,Global Catastrophic Risks Opportunities,Grants,https://coefficientgiving.org/grants/university-of-southern-california-course-development-support-jake-nebel/
grants-8596-0,8596,2021-10-11,2021,Sightsavers,Deworming Programs,4438085.0,GiveWell-Recommended Charities; Global Health & Development; Global Health & Wellbeing Opportunities,Grants,https://coefficientgiving.org/grants/sightsavers-deworming-programs-october-2021/
grants-14038-0,14038,2021-10-12,2021,Development Media International,General Support (Exit Grant),100000.0,GiveWell-Recommended Charities; Global Health & Development; Global Health & Wellbeing Opportunities,Grants,https://coefficientgiving.org/grants/development-media-international-exit-grant/
grants-14039-0,14039,2021-10-12,2021,Food Fortification Initiative,General Support (Exit Grant),100000.0,GiveWell-Recommended Charities; Global Health & Development; Global Health & Wellbeing Opportunities,Grants,https://coefficientgiving.org/grants/food-fortification-initiative-exit-grant/
grants-10355-0,10355,2021-10-13,2021,Botswana-Harvard AIDS Institute,Early Detection of Preterm Births,90000.0,Human Health and Wellbeing; Maternal and Newborn Health; Science and Global Health R&D,Grants,https://coefficientgiving.org/grants/botswana-harvard-aids-institute-early-detection-of-preterm-births/
grants-12201-0,12201,2021-10-13,2021,University of Pennsylvania,Forecasting Tournament Planning,275000.0,Forecasting,Grants,https://coefficientgiving.org/grants/university-of-pennsylvania-forecasting-tournament-planning/
grants-9513-0,9513,2021-10-13,2021,Albert Schweitzer Foundation,General Support,3000000.0,Farm Animal Welfare; Farm Animal Welfare in Europe,Grants,https://coefficientgiving.org/grants/albert-schweitzer-foundation-general-support-2021/
grants-14059-0,14059,2021-10-15,2021,Global Alliance for Improved Nutrition,General Support (Exit Grant),100000.0,GiveWell-Recommended Charities; Global Health & Development; Global Health & Wellbeing Opportunities,Grants,https://coefficientgiving.org/grants/global-alliance-for-improved-nutrition-exit-grant/
grants-9563-0,9563,2021-10-15,2021,University of Washington,Adversarial Robustness Research (Ludwig Schmidt),730000.0,Navigating Transformative AI,Grants,https://coefficientgiving.org/grants/university-of-washington-adversarial-robustness-research/
grants-12644-0,12644,2021-10-19,2021,IRD Global,Mobile Conditional Cash Transfers for Immunizations,19056837.0,GiveWell-Recommended Charities; Global Health & Development; Global Health & Wellbeing Opportunities,Grants,https://coefficientgiving.org/grants/ird-global-mobile-conditional-cash-transfers-for-immunizations/
grants-8212-0,8212,2021-10-19,2021,Institute for Progress,Policy Research (Predates Fund),1615000.0,Abundance & Growth; Innovation Policy,Grants,https://coefficientgiving.org/grants/institute-for-progress-policy-research/
grants-7049-0,7049,2021-10-20,2021,Californians Against Pandemics,California Pandemic Early Detection and Prevention Act Ballot Initiative,11100000.0,Biosecurity & Pandemic Preparedness; Global Catastrophic Risks Opportunities,Grants,https://coefficientgiving.org/grants/californians-against-pandemics-california-pandemic-early-detection-and-prevention-act-ballot-initiative/
grants-8563-0,8563,2021-10-20,2021,Malaria Consortium,"Support for SMC in FCT and Oyo States, Nigeria",15900000.0,GiveWell-Recommended Charities; Global Health & Development; Global Health & Wellbeing Opportunities,Grants,https://coefficientgiving.org/grants/malaria-consortium-support-for-smc-in-fct-and-oyo-states-nigeria/
grants-9553-0,9553,2021-10-20,2021,FAR AI,Language Model Misalignment,425800.0,Navigating Transformative AI,Grants,https://coefficientgiving.org/grants/language-model-safety-fund-language-model-misalignment/
grants-8217-0,8217,2021-10-21,2021,The Good Food Institute,General Support,10000000.0,Farm Animal Welfare,Grants,https://coefficientgiving.org/grants/the-good-food-institute-general-support-2021/
grants-8412-0,8412,2021-10-21,2021,"University of California, Berkeley",Alternative Meats Lab,1146201.0,Alternatives to Animal Products; Farm Animal Welfare,Grants,https://coefficientgiving.org/grants/uc-berkeley-alternative-meats-lab-2021/
grants-8415-0,8415,2021-10-21,2021,University of Rochester,Rural-Urban Migration in Kenya,1074377.0,Global Health & Development; Global Health & Wellbeing Opportunities,Grants,https://coefficientgiving.org/grants/university-of-rochester-rural-urban-migration-in-kenya/
grants-8499-0,8499,2021-10-21,2021,GiveWell,General Support,3600295.0,Global Health & Wellbeing Opportunities,Grants,https://coefficientgiving.org/grants/givewell-general-support-2021/
grants-14067-0,14067,2021-10-25,2021,Living Goods,General Support (Exit Grant),100000.0,GiveWell-Recommended Charities; Global Health & Development; Global Health & Wellbeing Opportunities,Grants,https://coefficientgiving.org/grants/living-goods-exit-grant/
grants-10430-0,10430,2021-10-29,2021,Eon Essay Contest,The Precipice Essay Contest,195470.0,Global Catastrophic Risks Opportunities,Grants,https://coefficientgiving.org/grants/eon-essay-contest-the-precipice-essay-contest/
grants-8693-0,8693,2021-11-01,2021,1Day Sooner,General Support,2000000.0,Global Health & Wellbeing Opportunities,Grants,https://coefficientgiving.org/grants/1day-sooner-general-support-2021/
grants-8425-0,8425,2021-11-02,2021,Founders Pledge,General Support,1000000.0,Other Areas,Grants,https://coefficientgiving.org/grants/founders-pledge-general-support-2021/
grants-10458-0,10458,2021-11-03,2021,Sightline Institute,Housing Reform in Washington and Oregon (Predates Fund),600000.0,Abundance & Growth; Housing Policy Reform,Grants,https://coefficientgiving.org/grants/sightline-institute-housing-reform-in-washington-and-oregon/
grants-13184-0,13184,2021-11-03,2021,Future of Humanity Institute,Administrative and Operational Support,400000.0,Global Catastrophic Risks Opportunities,Grants,https://coefficientgiving.org/grants/future-of-humanity-institute-administrative-and-operational-support/
grants-10462-0,10462,2021-11-04,2021,Rational Animations,Video Animation Costs,285000.0,Global Catastrophic Risks Opportunities,Grants,https://coefficientgiving.org/grants/rational-animations-video-animation-costs-2021/
grants-8446-0,8446,2021-11-05,2021,University of Washington (Institute for Protein Design),Protein Design Research (David Baker),3263750.0,Human Health and Wellbeing; Science and Global Health R&D; Transformative Science,Grants,https://coefficientgiving.org/grants/university-of-washington-protein-design-research-david-baker/
grants-11872-0,11872,2021-11-15,2021,"University of California, Berkeley",Research on Labor Market Outcomes (Predates Fund),50000.0,Abundance & Growth; Housing Policy Reform,Grants,https://coefficientgiving.org/grants/uc-berkeley-research-on-labor-market-outcomes/
grants-12582-0,12582,2021-11-16,2021,London School of Hygiene and Tropical Medicine,Research on Chronic Viral Infections ,2670441.0,Human Health and Wellbeing; Infectious Diseases; Science and Global Health R&D,Grants,https://coefficientgiving.org/grants/london-school-of-hygiene-and-tropical-medicine-research-on-chronic-viral-infections/
grants-8287-0,8287,2021-11-17,2021,The Degrees Initiative,General Support,7000000.0,Global Catastrophic Risks Opportunities,Grants,https://coefficientgiving.org/grants/the-degrees-initiative-general-support-2021/
grants-9558-0,9558,2021-11-17,2021,Michael Specter,Course Development Support,85000.0,Global Catastrophic Risks Opportunities,Grants,https://coefficientgiving.org/grants/michael-specter-course-development-support/
grants-10434-0,10434,2021-11-18,2021,"University of California, San Francisco",Reproductive Medicine Research,550000.0,Science and Global Health R&D; Transformative Science,Grants,https://coefficientgiving.org/grants/university-of-california-san-francisco-foundation-reproductive-medicine-research/
grants-8559-0,8559,2021-11-18,2021,fair-fish international association,Wild-Caught Fish Welfare Standards,2672830.0,Farm Animal Welfare; Fish Welfare,Grants,https://coefficientgiving.org/grants/fair-fish-international-association-wild-caught-fish-welfare-standards/
grants-12588-0,12588,2021-11-19,2021,Berkeley Existential Risk Initiative,SERI MATS Program,195000.0,Navigating Transformative AI,Grants,https://coefficientgiving.org/grants/berkeley-existential-risk-initiative-seri-mats-program-2/
grants-8561-0,8561,2021-11-19,2021,Montreal Institute for Learning Algorithms,Research Project on Artificial Intelligence,237931.0,Navigating Transformative AI,Grants,https://coefficientgiving.org/grants/mila-research-project-on-artificial-intelligence/
grants-8494-0,8494,2021-11-20,2021,International Genetically Engineered Machine Foundation,Biological Weapons Convention Verification Project,300000.0,Biosecurity & Pandemic Preparedness,Grants,https://coefficientgiving.org/grants/igem-biological-weapons-convention-verification-project/
grants-12651-0,12651,2021-11-22,2021,Stanford University,AI Alignment Research (Percy Liang),1500000.0,Navigating Transformative AI,Grants,https://coefficientgiving.org/grants/stanford-university-ai-alignment-research-2021/
grants-8214-0,8214,2021-11-22,2021,Redwood Research,General Support,9420000.0,Navigating Transformative AI,Grants,https://coefficientgiving.org/grants/redwood-research-general-support/
grants-8564-0,8564,2021-11-22,2021,Desegregate CT,General Support (Predates Fund),425000.0,Abundance & Growth; Housing Policy Reform,Grants,https://coefficientgiving.org/grants/desegregatect-general-support/
grants-10443-0,10443,2021-11-24,2021,Giving What We Can,General Support,600000.0,Global Catastrophic Risks Opportunities,Grants,https://coefficientgiving.org/grants/giving-what-we-can-general-support/
grants-10467-0,10467,2021-11-30,2021,Berkeley Existential Risk Initiative,Sculpting Evolution Collaboration,451571.0,Biosecurity & Pandemic Preparedness,Grants,https://coefficientgiving.org/grants/berkeley-existential-risk-initiative-sculpting-evolution-collaboration/
grants-10413-0,10413,2021-12-01,2021,University of Washington,Syphilis Vaccine Development (David Baker and Neil King),283539.0,Human Health and Wellbeing; Infectious Diseases; Maternal and Newborn Health; Science and Global Health R&D,Grants,https://coefficientgiving.org/grants/university-of-washington-syphilis-vaccine-development-david-baker-and-neil-king/
grants-8233-0,8233,2021-12-01,2021,Malaria Consortium,"Monitoring and Evaluation of Net Distribution in Anambra, Nigeria",1099808.0,GiveWell-Recommended Charities; Global Health & Wellbeing Opportunities,Grants,https://coefficientgiving.org/grants/malaria-consortium-monitoring-and-evaluation-of-net-distribution-in-anambra-nigeria/
grants-9534-0,9534,2021-12-01,2021,William D'Alessandro,Course Development Support,19000.0,Global Catastrophic Risks Opportunities,Grants,https://coefficientgiving.org/grants/william-dalessandro-course-development-support/
grants-11874-0,11874,2021-12-02,2021,University of Maryland,Policy Fellowships,483880.0,Global Catastrophic Risks Opportunities,Grants,https://coefficientgiving.org/grants/university-of-maryland-policy-fellowships/
grants-8501-0,8501,2021-12-02,2021,theguardian.org,Journalism on Factory Farming and Animal Cruelty,450000.0,Farm Animal Welfare,Grants,https://coefficientgiving.org/grants/theguardian-org-journalism-on-factory-farming-and-animal-cruelty-2021/
grants-8388-0,8388,2021-12-06,2021,Biosecurity Funding for Individuals,Work and Study Support,540285.0,Biosecurity & Pandemic Preparedness,Grants,https://coefficientgiving.org/grants/biosecurity-funding-for-individuals-work-and-study-support/
grants-10373-0,10373,2021-12-07,2021,Greater Greater Washington,Housing and Land Use Reform (Predates Fund),450000.0,Abundance & Growth; Housing Policy Reform,Grants,https://coefficientgiving.org/grants/greater-greater-washington-housing-and-land-use-reform-2021/
grants-10379-0,10379,2021-12-07,2021,FairVote Washington,Ranked Choice Voting Adoption,217000.0,Other Areas,Grants,https://coefficientgiving.org/grants/fairvote-washington-ranked-choice-voting-adoption/
grants-12547-0,12547,2021-12-07,2021,Stanford University,Immunization Research,350000.0,Human Health and Wellbeing; Infectious Diseases; Science and Global Health R&D,Grants,https://coefficientgiving.org/grants/stanford-university-immunization-research/
grants-12585-0,12585,2021-12-10,2021,Harvard University,CRISPR-Based Diagnostics for Febrile Diseases,600213.0,Human Health and Wellbeing; Infectious Diseases; Science and Global Health R&D,Grants,https://coefficientgiving.org/grants/harvard-university-crispr-based-diagnostics-for-febrile-diseases/
grants-8444-0,8444,2021-12-10,2021,Kurzgesagt,Video Creation and Translation (Contract),2649936.0,,Grants,https://coefficientgiving.org/grants/kurzgesagt-video-creation-and-translation/
grants-8221-0,8221,2021-12-12,2021,"University of California, Davis",Malaria Gene Drive Feasibility Analysis (Greg Lanzaro),10248967.0,Human Health and Wellbeing; Infectious Diseases; Science and Global Health R&D; Transformative Science,Grants,https://coefficientgiving.org/grants/uc-davis-malaria-gene-drive-feasibility-analysis-greg-lanzaro-2021/
grants-8428-0,8428,2021-12-12,2021,"Animal Welfare Awareness, Research, and Education",Pig Welfare Reforms,267723.0,Farm Animal Welfare,Grants,https://coefficientgiving.org/grants/animal-welfare-awareness-research-and-education-pig-welfare-reforms/
grants-11091-0,11091,2021-12-13,2021,Bipartisan Commission on Biodefense,General Support,1350000.0,Biosecurity & Pandemic Preparedness,Grants,https://coefficientgiving.org/grants/bipartisan-commission-on-biodefense-general-support-2021/
grants-13072-0,13072,2021-12-13,2021,Georgetown University,Policy Fellowship,246564.0,Navigating Transformative AI,Grants,https://coefficientgiving.org/grants/georgetown-university-policy-fellowship-2021/
grants-9536-0,9536,2021-12-14,2021,Gaëtan Selle,Videos About Longtermism (Contract),50000.0,Global Catastrophic Risks Opportunities,Grants,https://coefficientgiving.org/grants/gaetan-selle-videos-about-longtermism/
grants-12678-0,12678,2021-12-15,2021,Icahn School of Medicine at Mount Sinai,Bat Cell Line Research,100000.0,Infectious Diseases; Science and Global Health R&D; Science Supporting Biosecurity and Pandemic Preparedness; Transformative Science,Grants,https://coefficientgiving.org/grants/icahn-school-of-medicine-at-mount-sinai-bat-cell-line-research/
grants-11869-0,11869,2021-12-17,2021,"University of California, Berkeley",In-Line Water Chlorination Devices (Amy Pickering),1900000.0,Human Health and Wellbeing; Infectious Diseases; Science and Global Health R&D,Grants,https://coefficientgiving.org/grants/uc-berkeley-in-line-water-chlorination-devices-amy-pickering-2021/
grants-12531-0,12531,2021-12-17,2021,Nuclear Threat Initiative,Global Catastrophic Biological Risk Reduction,1250000.0,Biosecurity & Pandemic Preparedness,Grants,https://coefficientgiving.org/grants/nuclear-threat-initiative-global-catastrophic-biological-risk-reduction-2021/
grants-10471-0,10471,2021-12-20,2021,Center for Global Development,IPA Fellow Placements,1050000.0,Global Aid Policy,Grants,https://coefficientgiving.org/grants/center-for-global-development-ipa-fellow-placements/
grants-9524-0,9524,2021-12-20,2021,Foundation for Food and Agriculture Research,Keel Bone Damage Reduction,3000000.0,Farm Animal Welfare,Grants,https://coefficientgiving.org/grants/food-and-agriculture-research-keel-bone-damage-reduction/
grants-9523-0,9523,2021-12-22,2021,California Housing and Defense Fund,General Support (Predates Fund),400000.0,Abundance & Growth; Housing Policy Reform,Grants,https://coefficientgiving.org/grants/california-renters-legal-advocacy-and-education-fund-general-support-2021/
grants-12603-0,12603,2021-12-23,2021,Effective Ventures Foundation,Event Venue,23212677.0,Global Catastrophic Risks Opportunities,Grants,https://coefficientgiving.org/grants/effective-ventures-foundation-uk-event-venue/
grants-9743-0,9743,2021-12-23,2021,The END Fund,General Support,500000.0,GiveWell-Recommended Charities; Global Health & Development; Global Health & Wellbeing Opportunities,Grants,https://coefficientgiving.org/grants/the-end-fund-general-support/
grants-8418-0,8418,2021-12-31,2021,Centre for the Governance of AI,AI Field Building,2537600.0,Navigating Transformative AI,Grants,https://coefficientgiving.org/grants/centre-for-the-governance-of-ai-ai-field-building/
grants-9882-0,9882,2022-01-01,2022,Various Individuals,Open Philanthropy Biosecurity Scholarships,2442419.0,Biosecurity & Pandemic Preparedness,Grants,https://coefficientgiving.org/grants/early-career-funding-for-global-catastrophic-biological-risks-scholarship-support-2022/
grants-12698-0,12698,2022-01-05,2022,Alianima,Corporate Pledge Implementation in Brazil,481000.0,Cage-Free Reforms; Farm Animal Welfare,Grants,https://coefficientgiving.org/grants/alianima-corporate-pledge-implementation-in-brazil/
grants-8385-0,8385,2022-01-05,2022,Should We Studio,Video Production,2320000.0,Global Catastrophic Risks Opportunities,Grants,https://coefficientgiving.org/grants/should-we-studio-video-production/
grants-9164-0,9164,2022-01-05,2022,Evidence Action,Accelerator Program,14006277.0,"GiveWell-Recommended Charities; Global Health & Development; Global Health & Wellbeing Opportunities; Learning, Experimentation, and Exploration",Grants,https://coefficientgiving.org/grants/evidence-action-accelerator-program/
grants-12769-0,12769,2022-01-06,2022,Yale University,Migration Research in Nepal,276981.0,Global Health & Wellbeing Opportunities,Grants,https://coefficientgiving.org/grants/yale-university-migration-research-in-nepal/
grants-8607-0,8607,2022-01-12,2022,Effective Altruism Foundation,European Policy Research and Advocacy,697268.0,Effective Giving & Careers,Grants,https://coefficientgiving.org/grants/effective-altruism-foundation-european-policy-research-and-advocacy-2022/
grants-8504-0,8504,2022-01-13,2022,Nigerian Institute of Medical Research,COVID-19 Fractional Dosing Trial,2921000.0,Infectious Diseases; Science and Global Health R&D,Grants,https://coefficientgiving.org/grants/nigerian-institute-of-medical-research-covid-19-fractional-dosing-trial/
grants-11536-0,11536,2022-01-18,2022,Vital Strategies,RESET Alcohol Initiative,15000000.0,GiveWell-Recommended Charities; Global Health & Development; Global Health & Wellbeing Opportunities,Grants,https://coefficientgiving.org/grants/vital-strategies-alcohol-policy/
grants-12422-0,12422,2022-01-18,2022,University of Chicago,Research on Mobile Conditional Cash Transfers,1971943.0,GiveWell-Recommended Charities; Global Health & Development; Global Health & Wellbeing Opportunities,Grants,https://coefficientgiving.org/grants/university-of-chicago-research-on-cash-transfers-in-pakistan/
grants-12912-0,12912,2022-01-18,2022,Animal Rights Center Japan,Corporate Campaigns,300000.0,Broiler Chicken Welfare; Farm Animal Welfare,Grants,https://coefficientgiving.org/grants/animal-rights-center-japan-corporate-campaigns-2022/
grants-9811-0,9811,2022-01-18,2022,GiveDirectly,General Support,500000.0,GiveWell-Recommended Charities; Global Health & Development; Global Health & Wellbeing Opportunities,Grants,https://coefficientgiving.org/grants/givedirectly-general-support/
grants-12654-0,12654,2022-01-19,2022,Harvard University,Antiviral Research,2500000.0,Infectious Diseases; Science and Global Health R&D; Science Supporting Biosecurity and Pandemic Preparedness; Transformative Science,Grants,https://coefficientgiving.org/grants/harvard-university-antiviral-research-2022/
grants-8595-0,8595,2022-01-19,2022,Fortify Health,Support for Expansion,8188000.0,GiveWell-Recommended Charities; Global Health & Development; Global Health & Wellbeing Opportunities,Grants,https://coefficientgiving.org/grants/fortify-health-support-for-expansion/
grants-10417-0,10417,2022-01-21,2022,University of Connecticut Health Center,Syphilis Vaccine Development,4563250.0,Human Health and Wellbeing; Infectious Diseases; Maternal and Newborn Health; Science and Global Health R&D; Transformative Science,Grants,https://coefficientgiving.org/grants/university-of-connecticut-health-center-syphilis-vaccine-development/
grants-10655-0,10655,2022-01-21,2022,International Vaccine Institute,Hepatitis E Vaccine Trial,4000000.0,Human Health and Wellbeing; Infectious Diseases; Science and Global Health R&D,Grants,https://coefficientgiving.org/grants/international-vaccine-institute-hepatitis-e-vaccine-trial/
grants-9481-0,9481,2022-01-21,2022,International Vaccine Institute,Cholera Vaccine Clinical Trial,2500000.0,Human Health and Wellbeing; Infectious Diseases; Science and Global Health R&D,Grants,https://coefficientgiving.org/grants/international-vaccine-institute-cholera-vaccine-clinical-trial/
grants-8515-0,8515,2022-01-22,2022,Good Forever Foundation,Pandemic Preparedness and COVID-19 Mitigation,200000.0,Biosecurity & Pandemic Preparedness,Grants,https://coefficientgiving.org/grants/good-forever-foundation-pandemic-preparedness-and-covid-19-mitigation-2021/
grants-11031-0,11031,2022-01-24,2022,Compassion in World Farming,Broiler Chicken Welfare and Efforts to End Cages and Crates,3374424.0,Broiler Chicken Welfare; Cage-Free Reforms; Farm Animal Welfare; Farm Animal Welfare in Europe,Grants,https://coefficientgiving.org/grants/compassion-in-world-farming-broiler-chicken-welfare-and-efforts-to-end-cages-and-crates/
grants-12571-0,12571,2022-01-25,2022,The Wilson Center,AI Policy Training Program,2011251.0,Navigating Transformative AI,Grants,https://coefficientgiving.org/grants/wilson-center-ai-policy-training-program-2022/
grants-12628-0,12628,2022-01-25,2022,Nonlinear Fund,Personal Assistant Hiring Agency,15000.0,Global Catastrophic Risks Opportunities,Grants,https://coefficientgiving.org/grants/nonlinear-fund-personal-assistant-hiring-agency/
grants-12781-0,12781,2022-01-25,2022,Effective Ventures Foundation USA,Asterisk Magazine,730000.0,Global Catastrophic Risks Opportunities,Grants,https://coefficientgiving.org/grants/effective-ventures-foundation-usa-asterisk-magazine/
grants-13012-0,13012,2022-01-25,2022,Fórum Nacional de Proteção e Defesa Animal,Corporate Campaigns in Brazil,301000.0,Cage-Free Reforms; Farm Animal Welfare,Grants,https://coefficientgiving.org/grants/forum-nacional-de-protecao-e-defesa-animal-corporate-campaigns-in-brazil-2022/
grants-9763-0,9763,2022-01-26,2022,Unlimit Health,General Support,500000.0,GiveWell-Recommended Charities; Global Health & Development; Global Health & Wellbeing Opportunities,Grants,https://coefficientgiving.org/grants/unlimit-health-general-support-2022/
grants-13138-0,13138,2022-01-27,2022,Open Philanthropy Technology Policy Fellowship,2022 Cohort,2869940.0,Navigating Transformative AI,Grants,https://coefficientgiving.org/grants/open-philanthropy-technology-policy-fellowship-2022/
grants-12409-0,12409,2022-01-28,2022,Unlimit Health,Deworming and Worm Burden Mapping,19995935.0,GiveWell-Recommended Charities; Global Health & Development; Global Health & Wellbeing Opportunities,Grants,https://coefficientgiving.org/grants/unlimit-health-deworming-and-worm-burden-mapping-2022/
grants-8431-0,8431,2022-02-01,2022,University of Victoria,Syphilis Diagnostic (Caroline Cameron),2000000.0,Infectious Diseases; Maternal and Newborn Health; Science and Global Health R&D; Transformative Science,Grants,https://coefficientgiving.org/grants/university-of-victoria-syphilis-diagnostic-caroline-cameron/
grants-11394-0,11394,2022-02-02,2022,Evidence Action,Dispensers for Safe Water Program,48823039.0,GiveWell-Recommended Charities; Global Health & Development; Global Health & Wellbeing Opportunities,Grants,https://coefficientgiving.org/grants/evidence-action-dispensers-for-safe-water-program-february-2022/
grants-8429-0,8429,2022-02-02,2022,Early-career Funding for Improving the Long-Term Future,Scholarship Support,4830145.0,Global Catastrophic Risks Opportunities,Grants,https://coefficientgiving.org/grants/early-career-funding-for-improving-the-long-term-future-scholarship-support-2022/
grants-12427-0,12427,2022-02-03,2022,Project Peanut Butter,Ready-to-Use Therapeutic Food Standards,190900.0,Human Health and Wellbeing; Policy and Practice; Science and Global Health R&D,Grants,https://coefficientgiving.org/grants/project-peanut-butter-ready-to-use-therapeutic-food-standards/
grants-9059-0,9059,2022-02-04,2022,Sightsavers,Scoping Work on Deworming Programs,118000.0,GiveWell-Recommended Charities; Global Health & Development; Global Health & Wellbeing Opportunities,Grants,https://coefficientgiving.org/grants/sightsavers-scoping-work-on-deworming-programs/
grants-9480-0,9480,2022-02-08,2022,Effective Altruism Funds,Regranting Support,7783000.0,Global Catastrophic Risks Opportunities,Grants,https://coefficientgiving.org/grants/effective-altruism-funds-re-granting-support/
grants-12919-0,12919,2022-02-09,2022,Tom Adamczewski,Randomized Control Trial Tool (Contract),22800.0,Global Health & Wellbeing Opportunities,Grants,https://coefficientgiving.org/grants/tom-adamczewski-randomized-control-trial-tool/
grants-8633-0,8633,2022-02-11,2022,Good Forever Foundation,Regranting for Biosecurity Projects (Investment),4905066.0,Biosecurity & Pandemic Preparedness,Investments,https://coefficientgiving.org/grants/good-forever-regranting-for-biosecurity-projects/
grants-12429-0,12429,2022-02-15,2022,Nutrition International,Vitamin A Supplementation,8951600.0,GiveWell-Recommended Charities; Global Health & Development; Global Health & Wellbeing Opportunities,Grants,https://coefficientgiving.org/grants/nutrition-international-vitamin-a-supplementation/
grants-8570-0,8570,2022-02-15,2022,PATH,"RTS,S Malaria Vaccine Implementation",4998769.0,GiveWell-Recommended Charities; Global Health & Development; Global Health & Wellbeing Opportunities,Grants,https://coefficientgiving.org/grants/path-rtss-malaria-vaccine-implementation/
grants-8914-0,8914,2022-02-15,2022,Probably Good,General Support,300000.0,Other Areas,Grants,https://coefficientgiving.org/grants/probably-good-general-support/
grants-12624-0,12624,2022-02-16,2022,"National Academies of Sciences, Engineering, and Medicine",Safety-Critical Machine Learning,309441.0,Navigating Transformative AI,Grants,https://coefficientgiving.org/grants/national-academies-of-sciences-engineering-and-medicine-safety-critical-machine-learning/
grants-12689-0,12689,2022-02-17,2022,Prometheus Science Bowl,EA-Themed Science Bowl,97500.0,Global Catastrophic Risks Opportunities,Grants,https://coefficientgiving.org/grants/prometheus-science-bowl-ea-themed-science-bowl/
grants-9507-0,9507,2022-02-17,2022,Berkeley Existential Risk Initiative,CHAI Collaboration,1126160.0,Navigating Transformative AI,Grants,https://coefficientgiving.org/grants/berkeley-existential-risk-initiative-chai-collaboration-2022/
grants-10480-0,10480,2022-02-18,2022,RAND Corporation,Study Planning,25000.0,Global Health & Development; Global Health & Wellbeing Opportunities,Grants,https://coefficientgiving.org/grants/rand-corporation-study-planning/
grants-9496-0,9496,2022-02-18,2022,University of Michigan,Course Development Support (Anna Edmonds),50300.0,Global Catastrophic Risks Opportunities,Grants,https://coefficientgiving.org/grants/university-of-michigan-course-development-support-anna-edmonds/
grants-9548-0,9548,2022-02-18,2022,World Organisation for Animal Health,Animal Welfare Standards in Southeast Asia,515000.0,Farm Animal Welfare; Farm Animal Welfare in Asia,Grants,https://coefficientgiving.org/grants/world-organisation-for-animal-health-animal-welfare-standards-in-southeast-asia/
grants-8507-0,8507,2022-02-21,2022,Center for Global Development,Oral COVID Antivirals,800000.0,Global Health & Development; Global Health & Wellbeing Opportunities,Grants,https://coefficientgiving.org/grants/center-for-global-development-oral-covid-antivirals/
grants-8569-0,8569,2022-02-22,2022,Eurogroup for Animals,European Union Trade Strategy,912994.0,Farm Animal Welfare,Grants,https://coefficientgiving.org/grants/eurogroup-for-animals-european-union-trade-strategy-2022/
grants-12401-0,12401,2022-02-23,2022,Malaria Consortium,Seasonal Malaria Chemoprevention in Mozambique,15918958.0,GiveWell-Recommended Charities; Global Health & Development; Global Health & Wellbeing Opportunities,Grants,https://coefficientgiving.org/grants/malaria-consortium-seasonal-malaria-chemoprevention-in-mozambique-2022/
grants-9891-0,9891,2022-02-25,2022,Various Individuals,Work and Study Support,113372.0,Navigating Transformative AI,Grants,https://coefficientgiving.org/grants/ai-funding-for-individuals-work-and-study-support/
grants-12406-0,12406,2022-03-01,2022,Malaria Consortium,Seasonal Malaria Chemoprevention Programs,32096856.0,GiveWell-Recommended Charities; Global Health & Development; Global Health & Wellbeing Opportunities,Grants,https://coefficientgiving.org/grants/malaria-consortium-seasonal-malaria-chemoprevention-programs-2022/
grants-9509-0,9509,2022-03-01,2022,Alignment Research Center,General Support,265000.0,Navigating Transformative AI,Grants,https://coefficientgiving.org/grants/alignment-research-center-general-support/
grants-13270-0,13270,2022-03-02,2022,Charak Foundation,Ramatroban Clinical Trial,1334349.0,Human Health and Wellbeing; Infectious Diseases; Science and Global Health R&D,Grants,https://coefficientgiving.org/grants/charak-foundation-ramatroban-clinical-trial/
grants-9519-0,9519,2022-03-03,2022,Charity Entrepreneurship,General Support,1616474.0,Global Health & Wellbeing Opportunities,Grants,https://coefficientgiving.org/grants/charity-entrepreneurship-general-support/
grants-9532-0,9532,2022-03-04,2022,Stiftung Neue Verantwortung,AI Policy Analysis,444000.0,Navigating Transformative AI,Grants,https://coefficientgiving.org/grants/stiftung-neue-verantwortung-ai-policy-analysis/
grants-12879-0,12879,2022-03-07,2022,Egor Krasheninnikov,Research Collaboration with David Krueger,6526.0,Navigating Transformative AI,Grants,https://coefficientgiving.org/grants/egor-krasheninnikov-research-collaboration-with-david-krueger/
grants-8912-0,8912,2022-03-07,2022,Cambridge Existential Risk Initiative,Summer Research Program,509543.0,Global Catastrophic Risks Opportunities,Grants,https://coefficientgiving.org/grants/cambridge-existential-risk-initiative-summer-research-program/
grants-8686-0,8686,2022-03-08,2022,World Animal Protection,Farm Animal Welfare in Southeast Asia,1142000.0,Farm Animal Welfare; Farm Animal Welfare in Asia,Grants,https://coefficientgiving.org/grants/world-animal-protection-farm-animal-welfare-in-southeast-asia-2022/
grants-14909-0,14909,2022-03-10,2022,Centre for Effective Altruism,General Support,26000000.0,Global Catastrophic Risks Opportunities,Grants,https://coefficientgiving.org/grants/centre-for-effective-altruism-general-support-2022/
grants-8470-0,8470,2022-03-16,2022,Atlas Fellowship,Scholarships and Summer Program for Students,5000000.0,Global Catastrophic Risks Opportunities,Grants,https://coefficientgiving.org/grants/atlas-fellowship-scholarships-and-summer-program-for-students/
grants-8571-0,8571,2022-03-17,2022,Massachusetts Institute of Technology,AI Trends and Impacts Research (Neil Thompson),13277348.0,Navigating Transformative AI,Grants,https://coefficientgiving.org/grants/massachusetts-institute-of-technology-ai-trends-and-impacts-research-2022/
grants-9468-0,9468,2022-03-17,2022,Rethink Priorities,AI Governance Research,2728319.0,Navigating Transformative AI,Grants,https://coefficientgiving.org/grants/rethink-priorities-ai-governance-research-2022/
grants-13309-0,13309,2022-03-21,2022,Usman Anwar,Research Collaboration with David Krueger,6526.0,Navigating Transformative AI,Grants,https://coefficientgiving.org/grants/usman-anwar-research-collaboration-with-david-krueger/
grants-8919-0,8919,2022-03-21,2022,Hofvarpnir Studios,Compute Cluster for AI Safety Research,1443540.0,Navigating Transformative AI,,https://coefficientgiving.org/grants/hofvarpnir-studios-compute-cluster-for-ai-safety-research/
grants-9510-0,9510,2022-03-22,2022,Animal Ask,General Support,130000.0,Farm Animal Welfare,Grants,https://coefficientgiving.org/grants/animal-ask-general-support/
grants-9484-0,9484,2022-03-25,2022,Life Sciences Research Foundation,Early-career Investigators,751000.0,Global Health & Wellbeing Opportunities; Science and Global Health R&D; Transformative Science,Grants,https://coefficientgiving.org/grants/life-sciences-research-foundation-young-investigators-2022/
grants-9544-0,9544,2022-03-25,2022,Impact Global Health,General Support,1550000.0,Global Health & Wellbeing Opportunities,Grants,https://coefficientgiving.org/grants/impact-global-health-general-support/
grants-10134-0,10134,2022-03-28,2022,Kurzgesagt,Short-form Video Content (Contract),2978000.0,Global Catastrophic Risks Opportunities,Grants,https://coefficientgiving.org/grants/kurzgesagt-short-form-video-content/
grants-9521-0,9521,2022-03-29,2022,Carnegie Endowment for International Peace,AI Governance Research,597717.0,Navigating Transformative AI,Grants,https://coefficientgiving.org/grants/carnegie-endowment-for-international-peace-ai-governance-research/
grants-8683-0,8683,2022-03-31,2022,Global Commission on Governing Risks from Climate Overshoot,Global Commission on Governing Risks from Climate Overshoot,166305.0,Global Catastrophic Risks Opportunities,Grants,https://coefficientgiving.org/grants/paris-peace-forum-global-commission-on-governing-risks-from-climate-overshoot/
grants-9506-0,9506,2022-03-31,2022,Berkeley Existential Risk Initiative,Support for Kevin Esvelt's Research,100000.0,Biosecurity & Pandemic Preparedness,Grants,https://coefficientgiving.org/grants/berkeley-existential-risk-initiative-support-for-kevin-esvelts-research/
grants-9475-0,9475,2022-04-01,2022,Berkeley Existential Risk Initiative,David Krueger Collaboration,140050.0,Navigating Transformative AI,Grants,https://coefficientgiving.org/grants/berkeley-existential-risk-initiative-david-krueger-collaboration/
grants-13455-0,13455,2022-04-05,2022,University of Illinois,Course Development Support (Ben Levinstein),58141.0,Navigating Transformative AI,Grants,https://coefficientgiving.org/grants/university-of-illinois-course-development-support-ben-levinstein/
grants-11348-0,11348,2022-04-06,2022,Helen Keller International,Vitamin A Supplementation,3936955.0,GiveWell-Recommended Charities; Global Health & Development; Global Health & Wellbeing Opportunities,Grants,https://coefficientgiving.org/grants/helen-keller-international-vitamin-a-supplementation-april-2022/
grants-9055-0,9055,2022-04-06,2022,WAW Statistical Consulting Ltd,R Package for Bayesian Evidence Aggregation,66400.0,GiveWell-Recommended Charities; Global Health & Development; Global Health & Wellbeing Opportunities,Grants,https://coefficientgiving.org/grants/waw-statistical-consulting-ltd-r-package-for-bayesian-evidence-aggregation/
grants-9469-0,9469,2022-04-06,2022,Longview Philanthropy,Nuclear Security Grantmaking,500000.0,Global Catastrophic Risks Opportunities,Grants,https://coefficientgiving.org/grants/longview-philanthropy-nuclear-security-grantmaking/
grants-9709-0,9709,2022-04-12,2022,Anima International,Chicken Welfare Campaigns,6000000.0,Broiler Chicken Welfare; Cage-Free Reforms; Farm Animal Welfare,,https://coefficientgiving.org/grants/anima-international-chicken-welfare-campaigns-2021/
grants-9479-0,9479,2022-04-20,2022,The Center for Responsible Seafood,Fish Welfare Research and Promotion,625000.0,Farm Animal Welfare,Grants,https://coefficientgiving.org/grants/the-center-for-responsible-seafood-fish-welfare-research-and-promotion/
grants-12881-0,12881,2022-04-21,2022,Cecil Abungu,Effective Altruism Fellowship in Africa,294000.0,Global Catastrophic Risks Opportunities,Grants,https://coefficientgiving.org/grants/cecil-abungu-effective-altruism-fellowship-in-africa/
grants-10487-0,10487,2022-04-22,2022,AI Safety Support,Research on Trends in Machine Learning (Jaime Sevilla),42000.0,Navigating Transformative AI,Grants,https://coefficientgiving.org/grants/ai-safety-support-research-on-trends-in-machine-learning/
grants-12661-0,12661,2022-04-22,2022,Essere Animali,Farm Animal Welfare in Italy,554000.0,Farm Animal Welfare; Farm Animal Welfare in Europe,Grants,https://coefficientgiving.org/grants/essere-animali-farm-animal-welfare-in-italy-2022/
grants-11552-0,11552,2022-04-25,2022,Berkeley Existential Risk Initiative,SERI MATS Program,1008127.0,Navigating Transformative AI,Grants,https://coefficientgiving.org/grants/berkeley-existential-risk-initiative-seri-mats-program/
grants-11744-0,11744,2022-04-25,2022,Funding for AI Alignment Projects Working With Deep Learning Systems,Project Expenses for Deep Learning Projects,16604737.0,Navigating Transformative AI,Grants,https://coefficientgiving.org/grants/funding-for-ai-alignment-projects-working-with-deep-learning-systems/
grants-9815-0,9815,2022-04-25,2022,Precision Development,Trial Scoping,539864.0,GiveWell-Recommended Charities; Global Health & Development; Global Health & Wellbeing Opportunities,Grants,https://coefficientgiving.org/grants/precision-development-trial-scoping/
grants-9473-0,9473,2022-04-26,2022,VegeProject,Corporate Outreach,300000.0,Farm Animal Welfare; Farm Animal Welfare in Asia,Grants,https://coefficientgiving.org/grants/vegeproject-corporate-outreach-2022/
grants-11119-0,11119,2022-04-27,2022,Berkeley Existential Risk Initiative,AI Standards,210000.0,Navigating Transformative AI,Grants,https://coefficientgiving.org/grants/berkeley-existential-risk-initiative-ai-standards-2022/
grants-11122-0,11122,2022-04-27,2022,"University of California, Berkeley",AI Standards (Center for Long-Term Cybsecurity),20000.0,Navigating Transformative AI,Grants,https://coefficientgiving.org/grants/center-for-long-term-cybersecurity-ai-standards-2022/
grants-9556-0,9556,2022-04-27,2022,Effective Altruism Foundation,European Policy Research and Advocacy,200000.0,Biosecurity & Pandemic Preparedness,Grants,https://coefficientgiving.org/grants/effective-altruism-foundation-european-policy-research-and-advocacy-2022-2/
grants-9837-0,9837,2022-04-27,2022,Open Phil AI Fellowship,2022 Class,1840000.0,Navigating Transformative AI,Grants,https://coefficientgiving.org/grants/open-phil-ai-fellowship-2022-class/
grants-11010-0,11010,2022-04-28,2022,Center for Global Development,General Support,1000000.0,Global Aid Policy,Grants,https://coefficientgiving.org/grants/center-for-global-development-general-support-2/
grants-9698-0,9698,2022-04-28,2022,OpenMined,Research on Privacy-Enhancing Technologies and AI Safety,28320.0,Navigating Transformative AI,Grants,https://coefficientgiving.org/grants/openmined-research-on-privacy-enhancing-technologies-and-ai-safety/
grants-9477-0,9477,2022-04-29,2022,"University of California, San Diego",Cost-Benefit Analysis for Malaria Suppression,190000.0,Human Health and Wellbeing; Infectious Diseases; Policy and Practice; Science and Global Health R&D,Grants,https://coefficientgiving.org/grants/uc-san-diego-cost-benefit-analysis-for-malaria-suppression/
grants-12928-0,12928,2022-05-02,2022,National Animal Disease Center,Universal Influenza Antiviral Testing,181749.0,Infectious Diseases; Science and Global Health R&D; Science Supporting Biosecurity and Pandemic Preparedness,Grants,https://coefficientgiving.org/grants/national-animal-disease-center-universal-influenza-antiviral-testing/
grants-10385-0,10385,2022-05-03,2022,Madhu Sriram,Career Transition and Planning Grant,50000.0,Global Catastrophic Risks Opportunities,Grants,https://coefficientgiving.org/grants/madhu-sriram-career-transition-and-planning-grant/
grants-10528-0,10528,2022-05-03,2022,Animal Nepal,Farm Animal Welfare,224000.0,Farm Animal Welfare; Farm Animal Welfare in Asia,Grants,https://coefficientgiving.org/grants/animal-nepal-farm-animal-welfare-2/
grants-9470-0,9470,2022-05-03,2022,Humane Society of the United States,California Prop 12 Legal Defense,250000.0,Farm Animal Welfare,Grants,https://coefficientgiving.org/grants/humane-society-of-the-united-states-california-prop-12-legal-defense/
grants-11019-0,11019,2022-05-05,2022,Constitutional Accountability Center,California Prop 12 Legal Defense,37123.0,Cage-Free Reforms; Farm Animal Welfare,Grants,https://coefficientgiving.org/grants/constitutional-accountability-center-california-prop-12-legal-defense/
grants-10627-0,10627,2022-05-06,2022,Derek Foster,Research on Subjective Wellbeing,49045.0,Global Health & Wellbeing Opportunities,Grants,https://coefficientgiving.org/grants/derek-foster-research-on-subjective-wellbeing/
grants-10664-0,10664,2022-05-06,2022,College of William and Mary,Uganda Smartphone RCT,100000.0,Global Health & Development; Global Health & Wellbeing Opportunities,Grants,https://coefficientgiving.org/grants/the-college-of-william-and-mary-uganda-smartphone-rct/
grants-12766-0,12766,2022-05-06,2022,European Summer Program on Rationality,General Support,4715000.0,Global Catastrophic Risks Opportunities,Grants,https://coefficientgiving.org/grants/european-summer-program-on-rationality-general-support-2022/
grants-13266-0,13266,2022-05-06,2022,Alvea,DNA Vaccine Platform (Investment),5000000.0,Biosecurity & Pandemic Preparedness,Investments,https://coefficientgiving.org/grants/alvea-dna-vaccine-platform/
grants-12909-0,12909,2022-05-09,2022,fair-fish international association,General Support,690000.0,Farm Animal Welfare; Fish Welfare,Grants,https://coefficientgiving.org/grants/fair-fish-international-association-general-support-2022/
grants-12971-0,12971,2022-05-10,2022,Effective Altruist Communications Fellowship,Summer 2022 Fellowship,585000.0,Global Catastrophic Risks Opportunities,Grants,https://coefficientgiving.org/grants/effective-altruist-communications-fellowship-summer-2022-fellowship/
grants-10494-0,10494,2022-05-11,2022,Sightline Institute,YIMBYtown 2022 Conference (Predates Fund),50000.0,Abundance & Growth; Housing Policy Reform,Grants,https://coefficientgiving.org/grants/sightline-institute-yimbytown-2022/
grants-8599-0,8599,2022-05-12,2022,Victory Briefs Institute,Effective Altruism Curriculum for Debaters,95000.0,Global Catastrophic Risks Opportunities,Grants,https://coefficientgiving.org/grants/victory-briefs-institute-effective-altruism-curriculum-for-debaters/
grants-10502-0,10502,2022-05-18,2022,Compassion in World Farming USA,Broiler Chicken Welfare,550000.0,Broiler Chicken Welfare; Cage-Free Reforms; Farm Animal Welfare,Grants,https://coefficientgiving.org/grants/compassion-in-world-farming-ciwf-usa-broiler-chicken-welfare/
grants-10632-0,10632,2022-05-18,2022,Rose Hadshar,Individual longtermism projects,163830.0,Global Catastrophic Risks Opportunities,Grants,https://coefficientgiving.org/grants/rose-hadshar-individual-longtermism-projects/
grants-11044-0,11044,2022-05-18,2022,Bridges to Prosperity,Trailbridge Building RCT in Rwanda,3390138.0,"GiveWell-Recommended Charities; Global Health & Development; Global Health & Wellbeing Opportunities; Learning, Experimentation, and Exploration",Grants,https://coefficientgiving.org/grants/bridges-to-prosperity-trailbridge-building-rct-in-rwanda/
grants-10483-0,10483,2022-05-19,2022,Metaculus,Platform Development,5500000.0,Forecasting,Grants,https://coefficientgiving.org/grants/metaculus-platform-development/
grants-10525-0,10525,2022-05-20,2022,Global Food Partners,Cage-free Implementation in Asia,1170000.0,Cage-Free Reforms; Farm Animal Welfare; Farm Animal Welfare in Asia,Grants,https://coefficientgiving.org/grants/global-food-partners-cage-free-implementation-in-asia/
grants-12907-0,12907,2022-05-20,2022,Mike Toscano,Cage-free Layer Hen Genetics,2700000.0,Farm Animal Welfare,Grants,https://coefficientgiving.org/grants/university-of-bern-cage-free-layer-hen-genetics/
grants-10585-0,10585,2022-05-25,2022,UrbanEmissions,Pollution Modeling and Forecasting (Contract),650000.0,Air Quality,Grants,https://coefficientgiving.org/grants/urbanemissions-pollution-modeling-and-forecasting/
grants-10622-0,10622,2022-05-26,2022,Conservative Animal Welfare Foundation,Farm Animal Advocacy,1245067.0,Farm Animal Welfare,Grants,https://coefficientgiving.org/grants/conservative-animal-welfare-foundation-farm-animal-advocacy/
grants-10638-0,10638,2022-05-26,2022,"80,000 Hours",General Support,1250000.0,Global Catastrophic Risks Opportunities,Grants,https://coefficientgiving.org/grants/80000-hours-general-support-2/
grants-10668-0,10668,2022-05-26,2022,IDinsight,Moral Weights Survey Planning,11760.0,Global Health & Development; Global Health & Wellbeing Opportunities,Grants,https://coefficientgiving.org/grants/idinsight-moral-weights-survey-planning/
grants-10376-0,10376,2022-06-01,2022,Cornell University,National Zoning Atlas (Predates Fund),312400.0,Abundance & Growth; Housing Policy Reform,Grants,https://coefficientgiving.org/grants/cornell-university-national-zoning-atlas/
grants-10625-0,10625,2022-06-01,2022,Eurogroup for Animals,Chicken Welfare Advocacy,891119.0,Broiler Chicken Welfare; Cage-Free Reforms; Farm Animal Welfare; Farm Animal Welfare in Europe,Grants,https://coefficientgiving.org/grants/eurogroup-for-animals-chicken-welfare-advocacy/
grants-18605-0,18605,2022-06-01,2022,Various Individuals,Support for Career Development and Transitions,9812853.0,Global Catastrophic Risks Opportunities,,https://coefficientgiving.org/grants/support-for-career-development-and-transitions/
grants-10671-0,10671,2022-06-03,2022,Berkeley Existential Risk Initiative,SERI Summer Fellowships,400000.0,Navigating Transformative AI,Grants,https://coefficientgiving.org/grants/berkeley-existential-risks-initiative-seri-summer-fellowships/
grants-10955-0,10955,2022-06-03,2022,People for Animals Uttarakhand,Farm Animal Welfare Fellowship,100000.0,Farm Animal Welfare; Farm Animal Welfare in Asia,Grants,https://coefficientgiving.org/grants/people-for-animals-uttarakhand-farm-animal-welfare-fellowship-2/
grants-10534-0,10534,2022-06-07,2022,Indian Institute of Technology Kanpur,Rural Air Quality Monitoring,2500000.0,Air Quality,Grants,https://coefficientgiving.org/grants/indian-institute-of-technology-kanpur-rural-air-quality-monitoring/
grants-10640-0,10640,2022-06-08,2022,"80,000 Hours",Marketing,3000000.0,Global Catastrophic Risks Opportunities,Grants,https://coefficientgiving.org/grants/80000-hours-marketing/
grants-11967-0,11967,2022-06-08,2022,BlueDot Impact,General Support,2009000.0,Global Catastrophic Risks Opportunities,Grants,https://coefficientgiving.org/grants/bluedot-impact-general-support/
grants-10642-0,10642,2022-06-10,2022,Oxfendazole Development Group,Oxfendazole Toxicity Tests,1600000.0,Human Health and Wellbeing; Infectious Diseases; Science and Global Health R&D,Grants,https://coefficientgiving.org/grants/oxfendazole-development-group-oxfendazole-toxicity-tests/
grants-10659-0,10659,2022-06-10,2022,AI Impacts,General Support,364893.0,Navigating Transformative AI,Grants,https://coefficientgiving.org/grants/ai-impacts-general-support/
grants-11561-0,11561,2022-06-10,2022,VenomAid,Rapid Diagnostics for Snakebites (Investment),990208.0,Human Health and Wellbeing; Noninfectious Diseases; Science and Global Health R&D,Investments,https://coefficientgiving.org/grants/venomaid-rapid-diagnostics-for-snakebites/
grants-13087-0,13087,2022-06-10,2022,Various Individuals,Open Philanthropy Undergraduate Scholarships,2250788.0,Global Catastrophic Risks Opportunities,,https://coefficientgiving.org/grants/undergraduate-scholarships-2022/
grants-10362-0,10362,2022-06-14,2022,YIMBY Action,Housing Advocacy in Los Angeles (Predates Fund),300000.0,Abundance & Growth; Housing Policy Reform,Grants,https://coefficientgiving.org/grants/yimby-action-housing-advocacy-in-los-angeles/
grants-10369-0,10369,2022-06-14,2022,YIMBY Law,General Support (Predates Fund),500000.0,Abundance & Growth; Housing Policy Reform,Grants,https://coefficientgiving.org/grants/yimby-law-general-support-2022/
grants-10677-0,10677,2022-06-14,2022,Rethink Priorities,Dimensions of Welfare Workshop,40000.0,Farm Animal Welfare,Grants,https://coefficientgiving.org/grants/rethink-priorities-dimensions-of-welfare-workshop/
grants-10679-0,10679,2022-06-14,2022,Breakthrough Institute,Research on Plant-Based Meat Consumption,50000.0,Alternatives to Animal Products; Farm Animal Welfare,Grants,https://coefficientgiving.org/grants/breakthrough-institute-research-on-plant-based-meat-consumption/
grants-10927-0,10927,2022-06-14,2022,University of Edinburgh,Effective Altruism Psychology Course,47000.0,Global Catastrophic Risks Opportunities,Grants,https://coefficientgiving.org/grants/university-of-edinburgh-effective-altruism-psychology-course/
grants-11027-0,11027,2022-06-14,2022,Aquatic Life Institute,General Support,100000.0,Farm Animal Welfare; Fish Welfare,Grants,https://coefficientgiving.org/grants/aquatic-life-institute-general-support/
grants-18342-0,18342,2022-06-14,2022,One for the World,General Support,299285.0,Effective Giving & Careers,Grants,https://coefficientgiving.org/grants/one-for-the-world-general-support-2022/
grants-10681-0,10681,2022-06-15,2022,Epoch,General Support,1960000.0,Navigating Transformative AI,Grants,https://coefficientgiving.org/grants/epoch-general-support/
grants-10932-0,10932,2022-06-16,2022,Animal Outlook,Animal Welfare Investigation,125000.0,Farm Animal Welfare,Grants,https://coefficientgiving.org/grants/animal-outlook-animal-welfare-investigation/
grants-11458-0,11458,2022-06-17,2022,Century Fellowship,2022 Cohort,1660927.0,Global Catastrophic Risks Opportunities,Grants,https://coefficientgiving.org/grants/century-fellowship-2022-cohort/
grants-10990-0,10990,2022-06-21,2022,Oregon Health and Science University,Research on Oocyte Production,4000000.0,Science and Global Health R&D; Transformative Science,Grants,https://coefficientgiving.org/grants/oregon-health-and-science-university-research-on-oocyte-production/
grants-9820-0,9820,2022-06-21,2022,New Incentives,Conditional Cash Transfers in Nigeria,13676963.0,GiveWell-Recommended Charities; Global Health & Development; Global Health & Wellbeing Opportunities,Grants,https://coefficientgiving.org/grants/new-incentives-nigeria/
grants-12578-0,12578,2022-06-22,2022,University of Chicago,Chicago School of Existential Risk,207000.0,Global Catastrophic Risks Opportunities,Grants,https://coefficientgiving.org/grants/university-of-chicago-chicago-school-of-existential-risk/
grants-10407-0,10407,2022-06-23,2022,Flanders Institute of Biotechnology,Syphilis Vaccine Research,731828.0,Human Health and Wellbeing; Infectious Diseases; Maternal and Newborn Health; Science and Global Health R&D; Transformative Science,Grants,https://coefficientgiving.org/grants/flanders-institute-of-biotechnology-syphilis-vaccine-research/
grants-11672-0,11672,2022-06-23,2022,Ajantha Nadesalingam,Effective Altruism Blog,9120.0,Global Catastrophic Risks Opportunities,Grants,https://coefficientgiving.org/grants/ajantha-nadesalingam-effective-altruism-blog/
grants-11876-0,11876,2022-06-23,2022,Columbia University,Far-UVC Sterilization Research,3200000.0,Biosecurity & Pandemic Preparedness,Grants,https://coefficientgiving.org/grants/columbia-university-far-uvc-sterilization-research/
grants-10939-0,10939,2022-06-24,2022,Convergent Research,Sequencing Roadmap,250000.0,Biosecurity & Pandemic Preparedness,Grants,https://coefficientgiving.org/grants/convergent-research-sequencing-roadmap/
grants-10942-0,10942,2022-06-24,2022,Universidad de Sevilla,Course on Effective Altruism,19982.0,Global Catastrophic Risks Opportunities,Grants,https://coefficientgiving.org/grants/universidad-de-sevilla-course-on-effective-altruism/
grants-8982-0,8982,2022-06-24,2022,Affordable Maryland,Advocacy for Affordable Housing and Land Use Reform (Predates Fund),500000.0,Abundance & Growth; Housing Policy Reform,Grants,https://coefficientgiving.org/grants/affordable-maryland-advocacy-affordable-housing-land-use-reform/
grants-10683-0,10683,2022-06-27,2022,Sinergia Animal,Farm Animal Welfare in Southeast Asia and Latin America,2482743.0,Farm Animal Welfare; Farm Animal Welfare in Asia,Grants,https://coefficientgiving.org/grants/sinergia-animal-farm-animal-welfare-in-southeast-asia-and-latin-america/
grants-11399-0,11399,2022-06-27,2022,Berkeley Existential Risk Initiative,Language Model Alignment Research,40000.0,Navigating Transformative AI,Grants,https://coefficientgiving.org/grants/berkeley-existential-risk-initiative-language-model-alignment-research/
grants-11404-0,11404,2022-07-01,2022,Stanford University,"AI Alignment Research (Clark Barrett, Scott Viteri)",153820.0,Navigating Transformative AI,Grants,https://coefficientgiving.org/grants/stanford-university-ai-alignment-research-barrett-and-viteri/
grants-11878-0,11878,2022-07-01,2022,Non-Trivial,General Support,1005000.0,Global Catastrophic Risks Opportunities,Grants,https://coefficientgiving.org/grants/non-trivial-pursuits-general-support/
grants-11827-0,11827,2022-07-05,2022,,Funding for Projects to Estimate Biological Risk,1391169.0,Biosecurity & Pandemic Preparedness,Grants,https://coefficientgiving.org/grants/funding-for-projects-to-estimate-biological-risk/
grants-10947-0,10947,2022-07-07,2022,Center for a New American Security,Work on AI Governance,5149398.0,Navigating Transformative AI,Grants,https://coefficientgiving.org/grants/center-for-a-new-american-security-work-on-ai-governance/
grants-10996-0,10996,2022-07-07,2022,Biosecure Ltd,Biological Weapons Convention Verification Workshop,155714.0,Biosecurity & Pandemic Preparedness,Grants,https://coefficientgiving.org/grants/biosecure-biological-weapons-convention-verification-workshop/
grants-12686-0,12686,2022-07-07,2022,Carnegie Mellon University,Research on Adversarial Examples (Aditi Raghunathan),343235.0,Navigating Transformative AI,Grants,https://coefficientgiving.org/grants/carnegie-mellon-university-research-on-adversarial-examples/
grants-10505-0,10505,2022-07-12,2022,Mission Realization,Support for Farm Animal Welfare Organizations (Contract),992000.0,Farm Animal Welfare,Grants,https://coefficientgiving.org/grants/mission-realization-support-for-farm-animal-welfare-organizations/
grants-14826-0,14826,2022-07-13,2022,University of Washington,Philosophy of AI Course Development (Jared Moore),15524.0,Navigating Transformative AI,Grants,https://coefficientgiving.org/grants/university-of-washington-philosophy-of-ai-course-development/
grants-11675-0,11675,2022-07-14,2022,Future Forum Foundation,Future Forum,654500.0,Global Catastrophic Risks Opportunities,Grants,https://coefficientgiving.org/grants/future-forum-foundation-future-forum/
grants-10952-0,10952,2022-07-15,2022,Rethink Priorities,Research Assistant and Expenses,120000.0,Global Health & Wellbeing Opportunities,Grants,https://coefficientgiving.org/grants/rethink-priorities-research-assistant-and-expenses/
grants-15655-0,15655,2022-07-18,2022,Aaron Mayer,Effective Altruism Community Growth Projects,85000.0,Global Catastrophic Risks Opportunities,Grants,https://coefficientgiving.org/grants/aaron-mayer-effective-altruism-community-growth-projects/
grants-10980-0,10980,2022-07-20,2022,Apollo Fellowship,Effective Altruism Debate Camp,321838.0,Navigating Transformative AI,Grants,https://coefficientgiving.org/grants/apollo-fellowship-effective-altruism-debate-camp/
grants-11412-0,11412,2022-07-22,2022,National Academy of Sciences,Gametogenesis Workshop,225000.0,Science and Global Health R&D; Transformative Science,Grants,https://coefficientgiving.org/grants/national-academy-of-sciences-gametogenesis-workshop/
grants-11494-0,11494,2022-07-22,2022,Bipartisan Commission on Biodefense,General Support,5200000.0,Biosecurity & Pandemic Preparedness,Grants,https://coefficientgiving.org/grants/bipartisan-commission-on-biodefense-general-support-2022/
grants-11683-0,11683,2022-07-22,2022,Ann Garth,Climate Change Research,5250.0,Global Catastrophic Risks Opportunities,Grants,https://coefficientgiving.org/grants/ann-garth-climate-change-research/
grants-12342-0,12342,2022-07-24,2022,International Refugee Assistance Project,General Support (Exit Grant),1000000.0,,Grants,https://coefficientgiving.org/grants/international-refugee-assistance-project-exit-grant/
grants-12049-0,12049,2022-07-27,2022,Evidence Action,In-Line Chlorination in Malawi,4449309.0,GiveWell-Recommended Charities; Global Health & Development; Global Health & Wellbeing Opportunities,Grants,https://coefficientgiving.org/grants/evidence-action-in-line-chlorination-in-malawi/
grants-19228-0,19228,2022-07-27,2022,Dalberg Advisors,R&D Portfolio Analysis (Contract),73000.0,Global Health & Wellbeing Opportunities,Grants,https://coefficientgiving.org/grants/dalberg-advisors-rd-portfolio-analysis/
grants-11380-0,11380,2022-08-01,2022,University of Maine,Biofilm-Resistant Catheters,500000.0,Human Health and Wellbeing; Infectious Diseases; Science and Global Health R&D,Grants,https://coefficientgiving.org/grants/university-of-maine-biofilm-resistant-catheters/
grants-11415-0,11415,2022-08-01,2022,"University of California, Berkeley",Tuberculosis Research,84760.0,Human Health and Wellbeing; Infectious Diseases; Science and Global Health R&D; Transformative Science,Grants,https://coefficientgiving.org/grants/uc-berkeley-tuberculosis-research/
grants-11521-0,11521,2022-08-01,2022,Daniel Dewey,AI Alignment Projects,175000.0,Navigating Transformative AI,Grants,https://coefficientgiving.org/grants/daniel-dewey-ai-alignment-projects-2022/
grants-11099-0,11099,2022-08-04,2022,Crate Free USA,Crate-Free Campaigns,117600.0,Cage-Free Reforms; Farm Animal Welfare,Grants,https://coefficientgiving.org/grants/crate-free-illinois-crate-free-campaigns/
grants-11418-0,11418,2022-08-04,2022,Redwood Research,General Support,10700000.0,Navigating Transformative AI,Grants,https://coefficientgiving.org/grants/redwood-research-general-support-2/
grants-11513-0,11513,2022-08-04,2022,Animal Justice Canada,Animal Welfare Corporate Campaigns,469916.0,Farm Animal Welfare,Grants,https://coefficientgiving.org/grants/animal-justice-canada-animal-welfare-corporate-campaigns/
grants-10141-0,10141,2022-08-05,2022,Institut de Recherche en Sciences de la Santé,Malaria Vaccine Clinical Trial (Halidou Tinto),630123.0,Human Health and Wellbeing; Infectious Diseases; Science and Global Health R&D,Grants,https://coefficientgiving.org/grants/institut-de-recherche-en-sciences-de-la-sante-malaria-vaccine-clinical-trial-halidou-tinto/
grants-11110-0,11110,2022-08-08,2022,Charity Entrepreneurship,Farm Animal Welfare Charity Incubator,788000.0,Farm Animal Welfare,Grants,https://coefficientgiving.org/grants/charity-entrepreneurship-farm-animal-welfare-charity-incubator/
grants-11590-0,11590,2022-08-08,2022,Effektiv Spenden,German Translation of The Life You Can Save,25458.0,Global Catastrophic Risks Opportunities,Grants,https://coefficientgiving.org/grants/effektiv-spenden-german-translation-of-the-life-you-can-save/
grants-15001-0,15001,2022-08-08,2022,Dami Animashaun,California Prop 12 Legal Defense (Contract),30000.0,Farm Animal Welfare,Grants,https://coefficientgiving.org/grants/dami-animashaun-california-prop-12-legal-defense/
grants-11104-0,11104,2022-08-10,2022,Mercy For Animals,Corporate Campaigns,12470000.0,Broiler Chicken Welfare; Cage-Free Reforms; Farm Animal Welfare,Grants,https://coefficientgiving.org/grants/mercy-for-animals-corporate-campaigns/
grants-11500-0,11500,2022-08-10,2022,Faunalytics,KPI Dashboards for Farm Animal Welfare,44200.0,Farm Animal Welfare; Farm Animal Welfare in Asia,Grants,https://coefficientgiving.org/grants/faunalytics-kpi-dashboards-for-farm-animal-welfare/
grants-11384-0,11384,2022-08-11,2022,Yale University,Helminth Vaccine Research,316000.0,Human Health and Wellbeing; Infectious Diseases; Science and Global Health R&D,Grants,https://coefficientgiving.org/grants/yale-university-helminth-vaccine-research/
grants-11582-0,11582,2022-08-11,2022,Effective Ventures Foundation,Biosecurity Coworking Space,5318000.0,Biosecurity & Pandemic Preparedness,Grants,https://coefficientgiving.org/grants/centre-for-effective-altruism-biosecurity-coworking-space/
grants-18754-0,18754,2022-08-11,2022,Arizona State University,Adversarial Robustness Research (Chaowei Xiao),200000.0,Navigating Transformative AI,Grants,https://coefficientgiving.org/grants/arizona-state-university-adversarial-robustness-research/
grants-11508-0,11508,2022-08-12,2022,Certified Humane,PR for Certification System,280000.0,Farm Animal Welfare,Grants,https://coefficientgiving.org/grants/certified-humane-pr-for-certification-system/
grants-11687-0,11687,2022-08-12,2022,,Support for London Group Organizers,125000.0,Global Catastrophic Risks Opportunities,Grants,https://coefficientgiving.org/grants/support-for-london-group-organizers/
grants-11423-0,11423,2022-08-15,2022,FAR AI,Language Model Misalignment,463693.0,Navigating Transformative AI,Grants,https://coefficientgiving.org/grants/fund-for-alignment-research-language-model-misalignment-2022/
grants-11733-0,11733,2022-08-15,2022,Centre for Effective Altruism,Harvard Square Coworking Space,8875000.0,Global Catastrophic Risks Opportunities,Grants,https://coefficientgiving.org/grants/centre-for-effective-altruism-harvard-coworking-space/
grants-12208-0,12208,2022-08-15,2022,Abdul Latif Jameel Poverty Action Lab,Innovation and Science Research (Predates Fund),649176.0,Abundance & Growth; Innovation Policy,Grants,https://coefficientgiving.org/grants/abdul-latif-jameel-poverty-action-lab-innovation-and-science-research/
grants-11691-0,11691,2022-08-16,2022,Kuhan Jeyapragasan,University Group Organizing,250000.0,Global Catastrophic Risks Opportunities,Grants,https://coefficientgiving.org/grants/kuhan-jeyapragasan-university-group-organizing/
grants-11768-0,11768,2022-08-16,2022,Alexandra Balwit,Publicity for The Long View,45000.0,Global Catastrophic Risks Opportunities,Grants,https://coefficientgiving.org/grants/alexandra-balwit-publicity-for-the-long-view/
grants-11797-0,11797,2022-08-17,2022,Associated Students of Stanford University,Stanford Law School EA Group,10000.0,Global Catastrophic Risks Opportunities,Grants,https://coefficientgiving.org/grants/associated-students-of-stanford-university-stanford-law-school-ea-group/
grants-13230-0,13230,2022-08-17,2022,Evidence Action,Syphilis Screening and Treatment,13818773.0,GiveWell-Recommended Charities; Global Health & Development; Global Health & Wellbeing Opportunities; Maternal and Newborn Health,Grants,https://coefficientgiving.org/grants/evidence-action-syphilis-screening-and-treatment/
grants-11503-0,11503,2022-08-18,2022,Animal & Vegan Advocacy Summit,Travel Scholarships,100000.0,Farm Animal Welfare,Grants,https://coefficientgiving.org/grants/animal-vegan-advocacy-summit-conference-scholarships-2022/
grants-11738-0,11738,2022-08-18,2022,Effective Altruism Funds,Operating Expenses,573000.0,Global Catastrophic Risks Opportunities,Grants,https://coefficientgiving.org/grants/effective-altruism-funds-operating-expenses/
grants-11578-0,11578,2022-08-19,2022,Swaniti Initiative,Indian Parliamentary Air Quality Staff,533444.0,Air Quality,Grants,https://coefficientgiving.org/grants/swaniti-initiative-indian-parliamentary-air-quality-staff/
grants-11568-0,11568,2022-08-22,2022,"University of California, Berkeley",Follow-Up Research on Cash Transfers Study,1788799.0,GiveWell-Recommended Charities; Global Health & Development; Global Health & Wellbeing Opportunities,Grants,https://coefficientgiving.org/grants/uc-berkeley-follow-up-research-on-cash-transfers-study/
grants-11530-0,11530,2022-08-23,2022,Centre for Effective Altruism,Harvard AI Safety Office,250000.0,Navigating Transformative AI,Grants,https://coefficientgiving.org/grants/centre-for-effective-altruism-harvard-ai-safety-office/
grants-11545-0,11545,2022-08-23,2022,Food Frontier,Promoting Plant-Based Meat Alternatives in Asia,500000.0,Alternatives to Animal Products; Farm Animal Welfare; Farm Animal Welfare in Asia,Grants,https://coefficientgiving.org/grants/food-frontier-promoting-plant-based-meat-alternatives-in-asia/
grants-11533-0,11533,2022-08-24,2022,Observer Research Foundation America,Indian Air Pollution Models,80000.0,Air Quality,Grants,https://coefficientgiving.org/grants/observer-research-foundation-america-indian-air-pollution-models/
grants-12916-0,12916,2022-08-24,2022,Translational Health Science and Technology Institute,Henipavirus Antivirals,1020475.0,Human Health and Wellbeing; Infectious Diseases; Science and Global Health R&D; Transformative Science,Grants,https://coefficientgiving.org/grants/translational-health-science-and-technology-institute-henipavirus-antivirals/
grants-11585-0,11585,2022-08-26,2022,Global Priorities Institute,General Support,2296001.0,Global Catastrophic Risks Opportunities,Grants,https://coefficientgiving.org/grants/global-priorities-institute-general-support-2022/
grants-11824-0,11824,2022-08-26,2022,California YIMBY,Ballot Initiative Scoping Grant (Predates Fund),200000.0,Abundance & Growth; Housing Policy Reform,Grants,https://coefficientgiving.org/grants/california-yimby-ballot-initiative-scoping-grant/
grants-11695-0,11695,2022-08-29,2022,Commonwealth Veterinary Association,Animal Welfare Training,15000.0,Farm Animal Welfare,Grants,https://coefficientgiving.org/grants/commonwealth-veterinary-association-animal-welfare-training/
grants-11932-0,11932,2022-08-29,2022,Center for Applied Rationality,SPARC,700000.0,Global Catastrophic Risks Opportunities,Grants,https://coefficientgiving.org/grants/center-for-applied-rationality-sparc-2022/
grants-12711-0,12711,2022-08-29,2022,Yale University,Regulatory Affairs Fellowship,166667.0,Global Health & Wellbeing Opportunities,Grants,https://coefficientgiving.org/grants/yale-university-regulatory-affairs-fellowship/
grants-11524-0,11524,2022-08-30,2022,Fish Welfare Initiative,Fish Welfare in India,250000.0,Farm Animal Welfare; Fish Welfare,Grants,https://coefficientgiving.org/grants/fish-welfare-initiative-fish-welfare-in-india/
grants-11782-0,11782,2022-08-30,2022,Dharma Voices for Animals,Sri Lanka Animal Welfare Legislation,101000.0,Farm Animal Welfare; Farm Animal Welfare in Asia,Grants,https://coefficientgiving.org/grants/dharma-voices-for-animals-sri-lanka-animal-welfare-legislation-2022/
grants-11818-0,11818,2022-08-30,2022,The Accountability Board,Advocacy Campaigns,10324603.0,Farm Animal Welfare,Grants,https://coefficientgiving.org/grants/accountability-board-advocacy-campaigns/
grants-11890-0,11890,2022-08-31,2022,New York University,Wild Animal Welfare Program,300000.0,Farm Animal Welfare,Grants,https://coefficientgiving.org/grants/new-york-university-wild-animal-welfare-program/
grants-11727-0,11727,2022-09-01,2022,We Animals Media,Content for Farm Animal Welfare Advocacy,600000.0,Farm Animal Welfare,Grants,https://coefficientgiving.org/grants/we-animals-media-content-for-farm-animal-welfare-advocacy-2022/
grants-11884-0,11884,2022-09-01,2022,Rethink Priorities,Animal Welfare Research,468004.0,Farm Animal Welfare,Grants,https://coefficientgiving.org/grants/rethink-priorities-animal-welfare-research/
grants-15437-0,15437,2022-09-02,2022,Ryan Teo,Publishing Fees for BWC Paper,3600.0,Policy and Practice; Science and Global Health R&D; Science Supporting Biosecurity and Pandemic Preparedness,Grants,https://coefficientgiving.org/grants/ryan-teo-publishing-fees-for-bwc-paper/
grants-11724-0,11724,2022-09-06,2022,Dave Little,Fish Welfare Research,904610.0,Farm Animal Welfare; Fish Welfare,Grants,https://coefficientgiving.org/grants/university-of-stirling-fish-welfare-research/
grants-11543-0,11543,2022-09-07,2022,Open New York,Housing Advocacy in New York (Predates Fund),500000.0,Abundance & Growth; Housing Policy Reform,Grants,https://coefficientgiving.org/grants/open-new-york-housing-advocacy-in-new-york-2022/
grants-11794-0,11794,2022-09-08,2022,AI Safety Hub,Startup Costs,203959.0,Navigating Transformative AI,Grants,https://coefficientgiving.org/grants/ai-safety-hub-startup-costs/
grants-11812-0,11812,2022-09-08,2022,Yale University,Malaria Vaccine Research,257193.0,Human Health and Wellbeing; Infectious Diseases; Science and Global Health R&D,Grants,https://coefficientgiving.org/grants/yale-university-malaria-vaccine-research/
grants-12215-0,12215,2022-09-08,2022,Lightcone Infrastructure,General Support,4500000.0,Global Catastrophic Risks Opportunities,Grants,https://coefficientgiving.org/grants/lightcone-infrastructure-general-support/
grants-11116-0,11116,2022-09-09,2022,University Organizer Fellowship,Support for Student Group Organizers,8122990.0,Global Catastrophic Risks Opportunities,Grants,https://coefficientgiving.org/grants/university-organizer-fellowship/
grants-12345-0,12345,2022-09-09,2022,"University of California, Berkeley",PAVITRA Pollution Modeling Tool,1308342.0,Air Quality,Grants,https://coefficientgiving.org/grants/university-of-california-berkeley-pavitra-pollution-modeling-tool/
grants-12040-0,12040,2022-09-11,2022,Centre for the Governance of AI,Compute Strategy Workshop,50532.0,Navigating Transformative AI,Grants,https://coefficientgiving.org/grants/centre-for-the-governance-of-ai-compute-strategy-workshop/
grants-14929-0,14929,2022-09-12,2022,IRD Global,RCT Planning for Tuberculosis Program,1016599.0,GiveWell-Recommended Charities; Global Health & Development; Global Health & Wellbeing Opportunities,Grants,https://coefficientgiving.org/grants/ird-global-rct-planning-for-tuberculosis-program/
grants-11941-0,11941,2022-09-14,2022,Riley Harris,Global Priorities Research Blog,65000.0,Global Catastrophic Risks Opportunities,Grants,https://coefficientgiving.org/grants/riley-harris-global-priorities-research-blog/
grants-11789-0,11789,2022-09-15,2022,Purdue University,Imatinib Trial for Drug-Resistant Malaria,600000.0,Human Health and Wellbeing; Infectious Diseases; Science and Global Health R&D,Grants,https://coefficientgiving.org/grants/purdue-university-imatinib-trial-for-drug-resistant-malaria/
grants-12350-0,12350,2022-09-15,2022,University of Washington,PAVITRA Pollution Modeling Tool,442862.0,Air Quality,Grants,https://coefficientgiving.org/grants/university-of-washington-pavitra-pollution-modeling-tool/
grants-12905-0,12905,2022-09-15,2022,Michael Specter,Existential Risk Courses at MIT,110000.0,Global Catastrophic Risks Opportunities,Grants,https://coefficientgiving.org/grants/michael-specter-existential-risk-courses-at-mit/
grants-15598-0,15598,2022-09-17,2022,AI Alignment Awards,Shutdown Problem Contest,75000.0,Navigating Transformative AI,Grants,https://coefficientgiving.org/grants/ai-alignment-awards-shutdown-problem-contest/
grants-11936-0,11936,2022-09-19,2022,Center for Global Development,Staff for USAID Chief Economist,1411409.0,Global Aid Policy,Grants,https://coefficientgiving.org/grants/center-for-global-development-staff-for-usaid-chief-economist/
grants-12115-0,12115,2022-09-19,2022,Effective Altruism Funds,Infrastructure Fund Regranting,4929000.0,Global Catastrophic Risks Opportunities,Grants,https://coefficientgiving.org/grants/effective-altruism-funds-infrastructure-fund-regranting/
grants-11557-0,11557,2022-09-20,2022,Clinton Health Access Initiative,CHAI Incubator,10443685.0,GiveWell-Recommended Charities; Global Health & Development; Global Health & Wellbeing Opportunities,Grants,https://coefficientgiving.org/grants/clinton-health-access-initiative-chai-incubator/
grants-11929-0,11929,2022-09-20,2022,Centre for the Governance of AI,Research Assistant,19200.0,Navigating Transformative AI,Grants,https://coefficientgiving.org/grants/centre-for-the-governance-of-ai-research-assistant/
grants-12329-0,12329,2022-09-20,2022,American University,Solar Geoengineering Initiative,200000.0,Global Catastrophic Risks Opportunities,Grants,https://coefficientgiving.org/grants/american-university-solar-geoengineering-initiative/
grants-12150-0,12150,2022-09-21,2022,Shrimp Welfare Project,General Support,300000.0,Farm Animal Welfare,Grants,https://coefficientgiving.org/grants/shrimp-welfare-project-general-support/
grants-12106-0,12106,2022-09-22,2022,University of Georgia,Malaria Vaccine Research,2776791.0,Human Health and Wellbeing; Infectious Diseases; Science and Global Health R&D,Grants,https://coefficientgiving.org/grants/university-of-georgia-malaria-vaccine-research/
grants-12127-0,12127,2022-09-23,2022,Malaria No More UK,Fundraising and Advocacy,2926561.0,Global Aid Policy,Grants,https://coefficientgiving.org/grants/malaria-no-more-uk-fundraising-and-advocacy/
grants-12218-0,12218,2022-09-27,2022,CSTEP,PAVITRA Pollution Modeling Tool,564701.0,Air Quality,Grants,https://coefficientgiving.org/grants/center-for-study-of-science-technology-and-policy-pavitra-pollution-modeling-tool/
grants-12541-0,12541,2022-09-27,2022,"Council on Energy, Environment, and Water",Crop Residue Burning Research,216250.0,Air Quality,Grants,https://coefficientgiving.org/grants/council-on-energy-environment-and-water-crop-residue-burning-research/
grants-12004-0,12004,2022-09-28,2022,Princeton University,Existential Risk Course Development,27555.0,Global Catastrophic Risks Opportunities,Grants,https://coefficientgiving.org/grants/princeton-university-existential-risk-course-development/
grants-12336-0,12336,2022-09-28,2022,Johns Hopkins Center for Health Security,Educational Degree Program,3908161.0,Biosecurity & Pandemic Preparedness,Grants,https://coefficientgiving.org/grants/johns-hopkins-center-for-health-security-educational-degree-program/
grants-13544-0,13544,2022-09-28,2022,University of Queensland,Online EA Course,36561.0,Global Catastrophic Risks Opportunities,Grants,https://coefficientgiving.org/grants/university-of-queensland-online-ea-course/
grants-16728-0,16728,2022-09-28,2022,Evidence Action,Iron and Folic Acid Supplementation in India,9185145.0,GiveWell-Recommended Charities; Global Health & Development; Global Health & Wellbeing Opportunities,Grants,https://coefficientgiving.org/grants/evidence-action-iron-and-folic-acid-supplementation-in-india/
grants-11924-0,11924,2022-09-29,2022,Wilton Park,Biological Weapons Convention Retreat,47722.0,Biosecurity & Pandemic Preparedness,Grants,https://coefficientgiving.org/grants/wilton-park-biological-weapons-convention-retreat/
grants-12632-0,12632,2022-09-30,2022,Council on Strategic Risks,Biosecurity Fellowships and Policy Work,2898350.0,Biosecurity & Pandemic Preparedness,Grants,https://coefficientgiving.org/grants/council-on-strategic-risks-biosecurity-fellowships-and-policy-work/
grants-13509-0,13509,2022-10-01,2022,The Humane League,General Support,8300000.0,Farm Animal Welfare,Grants,https://coefficientgiving.org/grants/the-humane-league-general-support-2022/
grants-13437-0,13437,2022-10-03,2022,European Institute for Animal Law and Policy,Farm Animal Welfare Advocacy,430000.0,Farm Animal Welfare,Grants,https://coefficientgiving.org/grants/european-institute-for-animal-law-and-policy-farm-animal-welfare-advocacy/
grants-13699-0,13699,2022-10-04,2022,Alvea,Drug Development Acceleration (Investment),1250000.0,Biosecurity & Pandemic Preparedness,Investments,https://coefficientgiving.org/grants/alvea-drug-development-acceleration-october-2022/
grants-12009-0,12009,2022-10-05,2022,Center for Global Development Europe,Education Research,1150000.0,Global Health & Development; Global Health & Wellbeing Opportunities,Grants,https://coefficientgiving.org/grants/center-for-global-development-europe-education-research/
grants-12018-0,12018,2022-10-05,2022,Georgia Institute of Technology,Portable Spectrometers,111000.0,Human Health and Wellbeing; Infectious Diseases; Science and Global Health R&D,Grants,https://coefficientgiving.org/grants/georgia-institute-of-technology-portable-spectrometers/
grants-12563-0,12563,2022-10-07,2022,GDi Partners,Air Quality Governance in India (Contract),2592110.0,Air Quality,Grants,https://coefficientgiving.org/grants/gdi-partners-air-quality-governance-in-india/
grants-11978-0,11978,2022-10-11,2022,Coalition for Global Hepatitis Elimination,Hepatitis B Treatment,140222.0,Human Health and Wellbeing; Infectious Diseases; Policy and Practice; Science and Global Health R&D,Grants,https://coefficientgiving.org/grants/coalition-for-global-hepatitis-elimination-hepatitis-b-treatment/
grants-12013-0,12013,2022-10-12,2022,Mercy Corps,Seasonal Migration RCT in Niger,650000.0,,Grants,https://coefficientgiving.org/grants/mercy-corps-seasonal-migration-rct-in-niger/
grants-12044-0,12044,2022-10-13,2022,Trevor Woolley,Effective Altruism Economics Course at UC Berkeley,10350.0,Global Catastrophic Risks Opportunities,Grants,https://coefficientgiving.org/grants/trevor-woolley-effective-altruism-economics-course/
grants-12437-0,12437,2022-10-13,2022,Thomas Liao,Foundation Model Tracker,15000.0,Navigating Transformative AI,Grants,https://coefficientgiving.org/grants/thomas-liao-foundation-model-tracker/
grants-13392-0,13392,2022-10-13,2022,Conjecture,SERI MATS Program in London,457380.0,Navigating Transformative AI,Grants,https://coefficientgiving.org/grants/conjecture-seri-mats-program-in-london/
grants-11904-0,11904,2022-10-14,2022,University of Utah,Henipavirus Antivirals,385000.0,Infectious Diseases; Science and Global Health R&D; Science Supporting Biosecurity and Pandemic Preparedness; Transformative Science,Grants,https://coefficientgiving.org/grants/university-of-utah-henipavirus-antivirals/
grants-11910-0,11910,2022-10-14,2022,Effective Altruism-Related Translation Projects,Operational Support,1758135.0,Global Catastrophic Risks Opportunities,Grants,https://coefficientgiving.org/grants/funding-for-effective-altruism-related-translation-projects/
grants-12228-0,12228,2022-10-14,2022,Produtor do Bem,Farm Animal Welfare Certification in Brazil,228068.0,Farm Animal Welfare,Grants,https://coefficientgiving.org/grants/produtor-do-bem-farm-animal-welfare-certification-in-brazil/
grants-12001-0,12001,2022-10-15,2022,Engineers Without Borders International,Strategic Planning,50000.0,Science and Global Health R&D,Grants,https://coefficientgiving.org/grants/engineers-without-borders-international-strategic-planning/
grants-12021-0,12021,2022-10-17,2022,Legal Impact for Chickens,Farm Animal Welfare Litigation,300000.0,Farm Animal Welfare,Grants,https://coefficientgiving.org/grants/legal-impact-for-chickens-farm-animal-welfare-litigation/
grants-12385-0,12385,2022-10-18,2022,,Travel Grants for the 2022 Biological Weapons Convention Review Conference,48032.0,Biosecurity & Pandemic Preparedness,Grants,https://coefficientgiving.org/grants/travel-grants-for-the-biological-weapons-convention-review-conference-2022/
grants-12514-0,12514,2022-10-21,2022,UK Animal Law Foundation / Advocates for Animals,Farm Animal Welfare Legal Work,517031.0,Farm Animal Welfare,Grants,https://coefficientgiving.org/grants/animal-law-foundation-farm-animal-welfare-legal-work/
grants-12035-0,12035,2022-10-24,2022,Asociación para el Rescate y Bienestar de los Animales,Farm Animal Welfare in Peru ,156400.0,Cage-Free Reforms; Farm Animal Welfare,Grants,https://coefficientgiving.org/grants/asociacion-para-el-rescate-y-bienestar-de-los-animales-farm-animal-welfare-in-peru/
grants-12567-0,12567,2022-10-25,2022,Catherine Brewer,OxAI Safety Hub,11622.0,Navigating Transformative AI,Grants,https://coefficientgiving.org/grants/catherine-brewer-oxai-safety-hub/
grants-12982-0,12982,2022-10-27,2022,,Cause Exploration Prizes,64000.0,Global Health & Wellbeing Opportunities,Grants,https://coefficientgiving.org/grants/cause-exploration-prizes/
grants-12560-0,12560,2022-10-28,2022,Advocates for Animals,Farm Animal Welfare Legal Work,376235.0,Farm Animal Welfare,Grants,https://coefficientgiving.org/grants/advocates-for-animals-farm-animal-welfare-legal-work/
grants-13014-0,13014,2022-10-31,2022,Global Animal Partnership,Farm Animal Welfare Work (Exit Grant),500000.0,Farm Animal Welfare,Grants,https://coefficientgiving.org/grants/global-animal-partnership-exit-grant/
grants-12027-0,12027,2022-11-04,2022,Berkeley Existential Risk Initiative,General Support,100000.0,Navigating Transformative AI,Grants,https://coefficientgiving.org/grants/berkeley-existential-risk-initiative-general-support-2/
grants-12080-0,12080,2022-11-04,2022,New York University,Ethiopia Urban Expansion Initiative Follow-Up,450000.0,Global Health & Wellbeing Opportunities,Grants,https://coefficientgiving.org/grants/new-york-university-ethiopia-urban-expansion-initiative-follow-up/
grants-13188-0,13188,2022-11-07,2022,Berkeley Existential Risk Initiative,Machine Learning Alignment Theory Scholars,2047268.0,Navigating Transformative AI,Grants,https://coefficientgiving.org/grants/berkeley-existential-risk-initiative-machine-learning-alignment-theory-scholars/
grants-12441-0,12441,2022-11-09,2022,Mordechai Rorvig,Independent AI Journalism,110000.0,Navigating Transformative AI,Grants,https://coefficientgiving.org/grants/mordechai-rorvig-independent-ai-journalism/
grants-12445-0,12445,2022-11-10,2022,Animal Welfare Observatory,Corporate Campaigns,2409106.0,Farm Animal Welfare; Farm Animal Welfare in Europe,Grants,https://coefficientgiving.org/grants/equalia-corporate-campaigns-2022/
grants-12077-0,12077,2022-11-16,2022,Asar Social Impact Advisors,Clean Air Hubs (Contract),1630485.0,Air Quality,Grants,https://coefficientgiving.org/grants/asar-social-impact-advisors-clean-air-hubs/
grants-12122-0,12122,2022-11-16,2022,Hamish Huggard,EA Content Creation,83000.0,Global Catastrophic Risks Opportunities,Grants,https://coefficientgiving.org/grants/hamish-huggard-ea-content-creation/
grants-12356-0,12356,2022-11-16,2022,Indian Institute of Technology Bombay,PAVITRA Pollution Modeling Tool,647618.0,Air Quality,Grants,https://coefficientgiving.org/grants/indian-institute-of-technology-bombay-pavitra-pollution-modeling-tool/
grants-12509-0,12509,2022-11-16,2022,George Mason University,Michael Clemens Migration Research,450000.0,,Grants,https://coefficientgiving.org/grants/george-mason-university-michael-clemens-migration-research/
grants-12940-0,12940,2022-11-16,2022,Center for AI Safety,General Support,5160000.0,Navigating Transformative AI,Grants,https://coefficientgiving.org/grants/center-for-ai-safety-general-support/
grants-12448-0,12448,2022-11-17,2022,Helena,Health Security Policy,500000.0,Biosecurity & Pandemic Preparedness,Grants,https://coefficientgiving.org/grants/helena-health-security-policy/
grants-12666-0,12666,2022-11-17,2022,Jacob Steinhardt,AI Alignment Research,100000.0,Navigating Transformative AI,Grants,https://coefficientgiving.org/grants/jacob-steinhardt-ai-alignment-research/
grants-13983-0,13983,2022-11-18,2022,Alignment Research Center,General Support,1250000.0,Navigating Transformative AI,Grants,https://coefficientgiving.org/grants/alignment-research-center-general-support-november-2022/
grants-12135-0,12135,2022-11-20,2022,Seton Hall University,Longtermism Course Development,39780.0,Global Catastrophic Risks Opportunities,Grants,https://coefficientgiving.org/grants/seton-hall-university-longtermism-course-development/
grants-11896-0,11896,2022-11-21,2022,Catalyst,Farm Animal Welfare in Thailand,699986.0,Farm Animal Welfare; Farm Animal Welfare in Asia,Grants,https://coefficientgiving.org/grants/catalyst-farm-animal-welfare-in-thailand-2022/
grants-12131-0,12131,2022-11-21,2022,Arcadia Impact,EA Organizing in London,445000.0,Global Catastrophic Risks Opportunities,Grants,https://coefficientgiving.org/grants/london-effective-altruism-hub-effective-altruism-organizing-in-london/
grants-13057-0,13057,2022-11-22,2022,Eurogroup for Animals,Farm Animal Welfare in Europe,5699748.0,Farm Animal Welfare; Farm Animal Welfare in Europe,Grants,https://coefficientgiving.org/grants/eurogroup-for-animals-farm-animal-welfare-in-europe/
grants-13355-0,13355,2022-11-22,2022,AI Safety Support,SERI MATS Program,1538000.0,Navigating Transformative AI,Grants,https://coefficientgiving.org/grants/ai-safety-support-seri-mats-program/
grants-12187-0,12187,2022-11-28,2022,Korean Animal Welfare Association,Cage-Free Campaigns,160000.0,Cage-Free Reforms; Farm Animal Welfare; Farm Animal Welfare in Asia,Grants,https://coefficientgiving.org/grants/korean-animal-welfare-association-cage-free-campaigns-2022/
grants-12432-0,12432,2022-11-28,2022,University of Helsinki,Travel Funding for Air Pollution Research,87743.0,Air Quality,Grants,https://coefficientgiving.org/grants/university-of-helsinki-travel-funding-for-air-pollution-research/
grants-12978-0,12978,2022-11-28,2022,Effektiv Spenden,General Support,2322542.0,Effective Giving & Careers,Grants,https://coefficientgiving.org/grants/effektiv-spenden-general-support/
grants-13177-0,13177,2022-11-28,2022,AI Safety Hub,Safety Labs,47359.0,Navigating Transformative AI,Grants,https://coefficientgiving.org/grants/ai-safety-hub-safety-labs/
grants-13261-0,13261,2022-11-28,2022,Material Innovation Initiative,Plant-Based Fashion Alternatives,600000.0,Alternatives to Animal Products; Farm Animal Welfare,Grants,https://coefficientgiving.org/grants/material-innovation-initiative-plant-based-fashion-alternatives-2022/
grants-13396-0,13396,2022-11-28,2022,SecureBio,Biosecurity Research,1420937.0,Biosecurity & Pandemic Preparedness,Grants,https://coefficientgiving.org/grants/securebio-biosecurity-research/
grants-12472-0,12472,2022-11-29,2022,Aquatic Life Institute,Aquatic Animal Welfare,150000.0,Farm Animal Welfare; Fish Welfare,Grants,https://coefficientgiving.org/grants/aquatic-life-institute-aquatic-animal-welfare/
grants-13100-0,13100,2022-11-29,2022,Scholarship (Various),Open Philanthropy Biosecurity Scholarships,352312.0,Biosecurity & Pandemic Preparedness,Grants,https://coefficientgiving.org/grants/open-philanthropy-biosecurity-scholarships-2023/
grants-12465-0,12465,2022-11-30,2022,Northeastern University,Large Language Model Interpretability Research (David Bau),562128.0,Navigating Transformative AI,Grants,https://coefficientgiving.org/grants/northeastern-university-large-language-model-interpretability-research/
grants-12763-0,12763,2022-11-30,2022,Longview Philanthropy,Far-UVC Event,60000.0,Biosecurity & Pandemic Preparedness,Grants,https://coefficientgiving.org/grants/longview-philanthropy-far-uvc-event/
grants-12714-0,12714,2022-12-01,2022,Effective Ventures Foundation,General Support,11425000.0,Global Catastrophic Risks Opportunities,Grants,https://coefficientgiving.org/grants/effective-ventures-foundation-uk-general-support/
grants-12902-0,12902,2022-12-01,2022,Jérémy Scheurer,Independent AI Alignment Research,110000.0,Navigating Transformative AI,Grants,https://coefficientgiving.org/grants/jeremy-scheurer-independent-ai-alignment-research/
grants-13075-0,13075,2022-12-01,2022,Georgetown University,Policy Fellowship,239061.0,Navigating Transformative AI,Grants,https://coefficientgiving.org/grants/georgetown-university-policy-fellowship-2022/
grants-13054-0,13054,2022-12-02,2022,Cara Wilcox,Broiler Chicken Research,106810.0,Broiler Chicken Welfare; Farm Animal Welfare,Grants,https://coefficientgiving.org/grants/cara-wilcox-broiler-chicken-research/
grants-13312-0,13312,2022-12-05,2022,FAR AI,Interpretability Research,50000.0,Navigating Transformative AI,Grants,https://coefficientgiving.org/grants/far-ai-interpretability-research/
grants-13382-0,13382,2022-12-05,2022,Foundation for Professional Development Fund,Syphilis Genome Sequencing,229080.0,Human Health and Wellbeing; Infectious Diseases; Maternal and Newborn Health; Science and Global Health R&D; Transformative Science,Grants,https://coefficientgiving.org/grants/foundation-for-professional-development-fund-syphilis-genome-sequencing/
grants-12975-0,12975,2022-12-06,2022,Malaria No More,Malaria Funding Advocacy,3400000.0,Global Aid Policy,Grants,https://coefficientgiving.org/grants/malaria-no-more-malaria-funding-advocacy/
grants-13061-0,13061,2022-12-06,2022,FAR AI,Inverse Scaling Prize,49500.0,Navigating Transformative AI,Grants,https://coefficientgiving.org/grants/far-ai-inverse-scaling-prize/
grants-13181-0,13181,2022-12-06,2022,Michel Justen,Career Transition,13000.0,Global Catastrophic Risks Opportunities,Grants,https://coefficientgiving.org/grants/michel-justen-career-transition/
grants-13459-0,13459,2022-12-06,2022,Apart Research,AI Alignment Hackathons,89000.0,Navigating Transformative AI,Grants,https://coefficientgiving.org/grants/apart-research-ai-alignment-hackathons/
grants-12657-0,12657,2022-12-07,2022,University of Pennsylvania,Adrenal Cell Research,1320000.0,Human Health and Wellbeing; Noninfectious Diseases; Science and Global Health R&D; Transformative Science,Grants,https://coefficientgiving.org/grants/university-of-pennsylvania-adrenal-cell-research/
grants-12675-0,12675,2022-12-07,2022,GiveWell,General Support,4233048.0,GiveWell-Recommended Charities; Global Health & Wellbeing Opportunities,Grants,https://coefficientgiving.org/grants/givewell-general-support-2022/
grants-13016-0,13016,2022-12-07,2022,Yale University,Cardiovascular Research,400000.0,Human Health and Wellbeing; Noninfectious Diseases; Science and Global Health R&D,Grants,https://coefficientgiving.org/grants/yale-university-cardiovascular-research/
grants-12921-0,12921,2022-12-08,2022,University of Notre Dame,Biofilm-Resistant Catheters,895000.0,Human Health and Wellbeing; Infectious Diseases; Science and Global Health R&D,Grants,https://coefficientgiving.org/grants/university-of-notre-dame-biofilm-resistant-catheters/
grants-12787-0,12787,2022-12-09,2022,The Pollination Project,Movement Building,370000.0,Farm Animal Welfare,Grants,https://coefficientgiving.org/grants/pollination-project-movement-building-2022/
grants-13370-0,13370,2022-12-09,2022,Latecomer Institute,Longtermist Magazine,234000.0,Global Catastrophic Risks Opportunities,Grants,https://coefficientgiving.org/grants/latecomer-institute-longtermist-magazine/
grants-13379-0,13379,2022-12-10,2022,University of Southern California,Syphilis Genome Sequencing,90000.0,Human Health and Wellbeing; Infectious Diseases; Maternal and Newborn Health; Science and Global Health R&D; Transformative Science,Grants,https://coefficientgiving.org/grants/university-of-southern-california-syphilis-genome-sequencing/
grants-13273-0,13273,2022-12-12,2022,Plant Based Foods Institute,International Regranting Against Labeling Laws,595000.0,Alternatives to Animal Products; Farm Animal Welfare,Grants,https://coefficientgiving.org/grants/plant-based-foods-institute-international-regranting-against-labeling-laws/
grants-13374-0,13374,2022-12-12,2022,FAR AI,General Support,625000.0,Navigating Transformative AI,Grants,https://coefficientgiving.org/grants/far-ai-general-support/
grants-12459-0,12459,2022-12-13,2022,Atlas Fellowship,General Support,1800000.0,Global Catastrophic Risks Opportunities,Grants,https://coefficientgiving.org/grants/atlas-fellowship-general-support/
grants-13258-0,13258,2022-12-13,2022,Forecasting Research Institute,Science of Forecasting,6305675.0,Forecasting,Grants,https://coefficientgiving.org/grants/forecasting-research-institute-science-of-forecasting/
grants-15435-0,15435,2022-12-13,2022,Data for Decisions,Syphilis Vaccine Economic Research (Contract),414804.0,Global Health & Wellbeing Opportunities; Infectious Diseases; Maternal and Newborn Health,Grants,https://coefficientgiving.org/grants/data-for-decisions-syphilis-vaccine-economic-research/
grants-13019-0,13019,2022-12-14,2022,Consultants for Impact,General Support,34500.0,Global Catastrophic Risks Opportunities,Grants,https://coefficientgiving.org/grants/effective-altruism-consulting-network-general-support/
grants-13250-0,13250,2022-12-14,2022,Focus Philanthropy,Farm Animal Welfare Fundraising,220000.0,Farm Animal Welfare,Grants,https://coefficientgiving.org/grants/focus-philanthropy-farm-animal-welfare-fundraising/
grants-14195-0,14195,2022-12-14,2022,Platinum,Japanese Aid Advocacy Travel,250000.0,Global Aid Policy,Grants,https://coefficientgiving.org/grants/platinum-japanese-aid-advocacy-travel/
grants-12884-0,12884,2022-12-15,2022,Pru Elliott,Corporate Campaign Coaching,32610.0,Farm Animal Welfare,Grants,https://coefficientgiving.org/grants/pru-elliott-corporate-campaign-coaching/
grants-13066-0,13066,2022-12-15,2022,Purdue University,Language Model Research (Xiangyu Zhang),170000.0,Navigating Transformative AI,Grants,https://coefficientgiving.org/grants/purdue-university-language-model-research/
grants-13069-0,13069,2022-12-15,2022,Simon McGregor,AI Risk Workshop,7000.0,Navigating Transformative AI,Grants,https://coefficientgiving.org/grants/simon-mcgregor-ai-risk-workshop/
grants-12784-0,12784,2022-12-16,2022,Rethink Priorities,Global Health and Wellbeing Research (Contract),690000.0,Global Health & Wellbeing Opportunities,Grants,https://coefficientgiving.org/grants/rethink-priorities-global-health-and-wellbeing-research-2022/
grants-12792-0,12792,2022-12-16,2022,Scarlet Spark,Animal Welfare Management Coaching,150000.0,Farm Animal Welfare,Grants,https://coefficientgiving.org/grants/scarlet-spark-animal-welfare-management-coaching/
grants-13191-0,13191,2022-12-16,2022,Stanford University,Bangladeshi Brick Kilns RCT,206910.0,Air Quality,Grants,https://coefficientgiving.org/grants/stanford-university-bangladeshi-brick-kilns-rct/
grants-14245-0,14245,2022-12-16,2022,Khon Kaen University,Tuberculosis Diagnostic via Raman Spectroscopy,1248280.0,Human Health and Wellbeing; Science and Global Health R&D,Grants,https://coefficientgiving.org/grants/khon-kaen-university-tuberculosis-diagnostic-via-raman-spectroscopy/
grants-12888-0,12888,2022-12-19,2022,Animal & Vegan Advocacy Summit,Travel Scholarships,150000.0,Farm Animal Welfare,Grants,https://coefficientgiving.org/grants/animal-vegan-advocacy-summit-travel-scholarships-2023/
grants-13853-0,13853,2022-12-20,2022,Effective Ventures Foundation,Office Space,1835390.0,Global Catastrophic Risks Opportunities,Grants,https://coefficientgiving.org/grants/effective-ventures-foundation-office-space/
grants-15429-0,15429,2022-12-21,2022,Tara Climate Foundation,Clean Energy Transition in Asia,10000000.0,Global Health & Wellbeing Opportunities,Grants,https://coefficientgiving.org/grants/tara-climate-foundation-clean-energy-transition-in-asia/
grants-12706-0,12706,2022-12-22,2022,Lead Exposure Elimination Project,General Support,150000.0,Global Health & Wellbeing Opportunities,Grants,https://coefficientgiving.org/grants/lead-exposure-elimination-project-general-support/
grants-12772-0,12772,2022-12-22,2022,Humánny pokrok,Farm Animal Welfare in Slovakia,357628.0,Farm Animal Welfare; Farm Animal Welfare in Europe,Grants,https://coefficientgiving.org/grants/humanny-pokrok-farm-animal-welfare-in-slovakia/
grants-13319-0,13319,2022-12-22,2022,Massachusetts Institute of Technology Media Lab,Biosecurity Research,2648881.0,Biosecurity & Pandemic Preparedness,Grants,https://coefficientgiving.org/grants/massachusetts-institute-of-technology-media-lab-biosecurity-research-2022/
grants-13502-0,13502,2022-12-22,2022,Compassion in World Farming,Regranting for Farm Animal Welfare in Asia,170000.0,Farm Animal Welfare; Farm Animal Welfare in Asia,Grants,https://coefficientgiving.org/grants/compassion-in-world-farming-regranting-for-farm-animal-welfare-in-asia/
grants-13559-0,13559,2022-12-22,2022,AidData,General Support,250000.0,Global Aid Policy,Grants,https://coefficientgiving.org/grants/aiddata-general-support/
grants-14647-0,14647,2022-12-22,2022,Welfare Footprint Project,Research on Animal Welfare Reforms (Contract),1250000.0,Farm Animal Welfare,Grants,https://coefficientgiving.org/grants/welfare-footprint-project-research-on-animal-welfare-reforms-2023/
grants-13404-0,13404,2022-12-23,2022,Sarah Adcock,Layer Hen Welfare Research,279000.0,Farm Animal Welfare,Grants,https://coefficientgiving.org/grants/university-of-wisconsin-madison-layer-hen-welfare-research/
grants-13451-0,13451,2023-01-04,2023,High Impact Medicine,Community Building for Medical Students,134000.0,Global Catastrophic Risks Opportunities,Grants,https://coefficientgiving.org/grants/high-impact-medicine-community-building-for-medical-students/
grants-13238-0,13238,2023-01-05,2023,One for the World,General Support,870000.0,Effective Giving & Careers,Grants,https://coefficientgiving.org/grants/one-for-the-world-general-support-2023/
grants-13225-0,13225,2023-01-06,2023,PoliPoli,Youth Outreach for Global Health Aid,181621.0,Global Aid Policy,Grants,https://coefficientgiving.org/grants/polipoli-youth-outreach-for-global-health-aid/
grants-13359-0,13359,2023-01-06,2023,Animal Ask,Farm Animal Welfare Strategy Research,150000.0,Farm Animal Welfare,Grants,https://coefficientgiving.org/grants/animal-ask-farm-animal-welfare-strategy-research-2023/
grants-13676-0,13676,2023-01-06,2023,Sharpen Strategy,Farm Animal Welfare Consulting,2500000.0,Farm Animal Welfare,Grants,https://coefficientgiving.org/grants/sharpen-strategy-farm-animal-welfare-consulting/
grants-13322-0,13322,2023-01-10,2023,Cooperation Canada,International Assistance Advocacy in Canada,300000.0,Global Aid Policy,Grants,https://coefficientgiving.org/grants/cooperation-canada-international-assistance-advocacy-in-canada/
grants-12726-0,12726,2023-01-11,2023,Animal Friends Jogja,Farm Animal Welfare in Indonesia,139000.0,Farm Animal Welfare; Farm Animal Welfare in Asia,Grants,https://coefficientgiving.org/grants/animal-friends-jogja-farm-animal-welfare-in-indonesia/
grants-13306-0,13306,2023-01-11,2023,Lausanne AI Alignment,AI Alignment Bootcamp,21092.0,Navigating Transformative AI,Grants,https://coefficientgiving.org/grants/lausanne-ai-alignment-ai-alignment-bootcamp/
grants-14715-0,14715,2023-01-11,2023,Good Judgment Inc.,Forecasting Review on Power-Seeking AI (Contract),231000.0,Forecasting,Grants,https://coefficientgiving.org/grants/good-judgment-inc-forecasting-review-on-power-seeking-ai/
grants-12723-0,12723,2023-01-12,2023,World Resources Institute,City Government Support for Air Quality,1200000.0,Air Quality,Grants,https://coefficientgiving.org/grants/world-resources-institute-city-government-support-for-air-quality/
grants-13376-0,13376,2023-01-12,2023,Harvard University,Center for Communicable Disease Dynamics,190000.0,Biosecurity & Pandemic Preparedness,Grants,https://coefficientgiving.org/grants/harvard-university-center-for-communicable-disease-dynamics/
grants-13409-0,13409,2023-01-12,2023,University of British Columbia,AI Alignment Research (Jeff Clune),100375.0,Navigating Transformative AI,Grants,https://coefficientgiving.org/grants/university-of-british-columbia-ai-alignment-research/
grants-13974-0,13974,2023-01-12,2023,Sebastian Lodemann,Existential Risk Projects,43000.0,Global Catastrophic Risks Opportunities,Grants,https://coefficientgiving.org/grants/sebastian-lodemann-existential-risk-projects/
grants-13009-0,13009,2023-01-13,2023,International Foundation for Social Impact,Air Quality Governance Support,590000.0,Air Quality,Grants,https://coefficientgiving.org/grants/international-foundation-for-social-impact-air-quality-governance-support/
grants-13315-0,13315,2023-01-17,2023,Animal Charity Evaluators,General Support,350000.0,Farm Animal Welfare,Grants,https://coefficientgiving.org/grants/animal-charity-evaluators-general-support-2023/
grants-13462-0,13462,2023-01-17,2023,Effisciences,Existential Risk Programs,9600.0,Global Catastrophic Risks Opportunities,Grants,https://coefficientgiving.org/grants/effisciences-existential-risk-programs/
grants-13498-0,13498,2023-01-17,2023,"University of California, Santa Cruz",Adversarial Robustness Research (Cihang Xie),114000.0,Navigating Transformative AI,Grants,https://coefficientgiving.org/grants/university-of-california-santa-cruz-adversarial-robustness-research-2023/
grants-15426-0,15426,2023-01-17,2023,Effective Ventures Foundation,Effective Giving Summit,59344.0,Global Catastrophic Risks Opportunities,Grants,https://coefficientgiving.org/grants/effective-ventures-foundation-effective-giving-summit/
grants-13603-0,13603,2023-01-18,2023,IMPROVE,Egg Alternatives Research (Contract),65756.0,Alternatives to Animal Products; Farm Animal Welfare,Grants,https://coefficientgiving.org/grants/improve-egg-alternatives-research/
grants-13972-0,13972,2023-01-18,2023,Longview Philanthropy,Research Support for Kacper Kowalczyk,74557.0,Global Catastrophic Risks Opportunities,Grants,https://coefficientgiving.org/grants/longview-philanthropy-research-support-for-kacper-kowalczyk/
grants-12795-0,12795,2023-01-19,2023,Longview Philanthropy,Film Project Scoping Work,57500.0,Global Catastrophic Risks Opportunities,Grants,https://coefficientgiving.org/grants/longview-philanthropy-film-project-scoping-work/
grants-13495-0,13495,2023-01-19,2023,ERA,Cambridge Fellowship,822620.0,Global Catastrophic Risks Opportunities,Grants,https://coefficientgiving.org/grants/existential-risks-alliance-cambridge-fellowship/
grants-12718-0,12718,2023-01-20,2023,"University of California, Berkeley",Aging Research (Irina Conboy),3042600.0,Noninfectious Diseases; Science and Global Health R&D; Transformative Science,Grants,https://coefficientgiving.org/grants/university-of-california-berkeley-aging-research-irina-conboy-2023/
grants-12932-0,12932,2023-01-20,2023,University of Oxford,Genetic Engineering Attribution,40000.0,Biosecurity & Pandemic Preparedness,Grants,https://coefficientgiving.org/grants/university-of-oxford-genetic-engineering-attribution/
grants-13970-0,13970,2023-01-20,2023,Longview Philanthropy,Support for Richard Chappell,47500.0,Global Catastrophic Risks Opportunities,Grants,https://coefficientgiving.org/grants/longview-philanthropy-support-for-richard-chappell/
grants-14253-0,14253,2023-01-21,2023,Bertha von Suttner-Studienwerk,University Scholarships,110000.0,Global Catastrophic Risks Opportunities,Grants,https://coefficientgiving.org/grants/bertha-von-suttner-studienwerk-university-scholarships/
grants-14836-0,14836,2023-01-23,2023,Adam Jermyn,Independent AI Alignment Research,19231.0,Navigating Transformative AI,Grants,https://coefficientgiving.org/grants/adam-jermyn-independent-ai-alignment-research/
grants-13977-0,13977,2023-01-24,2023,Librea,Effective Altruism Book Rights,40000.0,Global Catastrophic Risks Opportunities,Grants,https://coefficientgiving.org/grants/librea-effective-altruism-book-rights/
grants-14235-0,14235,2023-01-24,2023,University of Toronto,Alignment Research (Toryn Klassen),80000.0,Navigating Transformative AI,Grants,https://coefficientgiving.org/grants/university-of-toronto-alignment-research/
grants-14804-0,14804,2023-01-24,2023,Altruistic Agency,Tech Support for Nonprofits,30000.0,Global Catastrophic Risks Opportunities,Grants,https://coefficientgiving.org/grants/altruistic-agency-tech-support-for-nonprofits/
grants-13415-0,13415,2023-01-25,2023,International Rescue Committee,USAID Placement,1071597.0,Global Aid Policy,Grants,https://coefficientgiving.org/grants/international-rescue-committee-usaid-placement/
grants-13657-0,13657,2023-01-25,2023,Animal Advocacy Careers,Career Coaching for Animal Advocates,500000.0,Farm Animal Welfare,Grants,https://coefficientgiving.org/grants/animal-advocacy-careers-career-coaching-for-animal-advocates/
grants-14725-0,14725,2023-01-25,2023,Jeremy Rubinoff,AI Safety Retreat,16587.0,Navigating Transformative AI,Grants,https://coefficientgiving.org/grants/jeremy-rubinoff-ai-safety-retreat/
grants-18657-0,18657,2023-01-25,2023,Various Individuals,Biosecurity Fellowships,543456.0,Biosecurity & Pandemic Preparedness,Grants,https://coefficientgiving.org/grants/biosecurity-fellowships/
grants-13691-0,13691,2023-01-27,2023,Crustacean Compassion,General Support,863595.0,Farm Animal Welfare,Grants,https://coefficientgiving.org/grants/crustacean-compassion-general-support-2023/
grants-15039-0,15039,2023-01-27,2023,Eon Essay Contest,The Precipice Essay Contest,73000.0,Global Catastrophic Risks Opportunities,Grants,https://coefficientgiving.org/grants/eon-essay-contest-the-precipice-essay-contest-2023/
grants-15086-0,15086,2023-01-27,2023,Centre for Effective Altruism; Effective Ventures Foundation USA,General Support for the Centre for Effective Altruism,4700000.0,Global Catastrophic Risks Opportunities,Grants,https://coefficientgiving.org/grants/centre-for-effective-altruism-general-support-january-2023/
grants-14133-0,14133,2023-01-28,2023,Neel Nanda,Interpretability Research,70000.0,Navigating Transformative AI,Grants,https://coefficientgiving.org/grants/neel-nanda-interpretability-research/
grants-13553-0,13553,2023-01-30,2023,"80,000 Hours",General Support,1200000.0,Global Catastrophic Risks Opportunities,Grants,https://coefficientgiving.org/grants/80000-hours-general-support-2023/
grants-13599-0,13599,2023-01-30,2023,Washington University in St. Louis,Omega-3 Trial for Pregnant Women,1700000.0,Human Health and Wellbeing; Maternal and Newborn Health; Science and Global Health R&D,Grants,https://coefficientgiving.org/grants/washington-university-in-st-louis-omega-3-trial-for-pregnant-women/
grants-14136-0,14136,2023-01-30,2023,Cambridge Boston Alignment Initiative,Machine Learning Bootcamps,284629.0,Navigating Transformative AI,Grants,https://coefficientgiving.org/grants/cambridge-boston-alignment-initiative-machine-learning-bootcamps/
grants-14343-0,14343,2023-01-30,2023,Effective Ventures Foundation,Support for What We Owe The Future,37128.0,Global Catastrophic Risks Opportunities,Grants,https://coefficientgiving.org/grants/effective-ventures-foundation-support-for-what-we-owe-the-future/
grants-14806-0,14806,2023-01-30,2023,Kyle House Group,Aid Policy Strategy (Contract),230000.0,Global Aid Policy,Grants,https://coefficientgiving.org/grants/kyle-house-group-aid-policy-strategy/
grants-13639-0,13639,2023-01-31,2023,Helen Keller International,Vitamin A Supplementation,67452836.0,GiveWell-Recommended Charities; Global Health & Development; Global Health & Wellbeing Opportunities,Grants,https://coefficientgiving.org/grants/helen-keller-international-vitamin-a-supplementation-january-2023/
grants-13712-0,13712,2023-01-31,2023,University of Georgia,Malaria Research,192925.0,Human Health and Wellbeing; Infectious Diseases; Science and Global Health R&D,Grants,https://coefficientgiving.org/grants/university-of-georgia-malaria-research-2023/
grants-13563-0,13563,2023-02-01,2023,Responsible AI Collaborative,AI Incident Database,100000.0,Navigating Transformative AI,Grants,https://coefficientgiving.org/grants/responsible-ai-collaborative-ai-incident-database/
grants-13663-0,13663,2023-02-01,2023,Arb Research,Staff Support,25000.0,Navigating Transformative AI,Grants,https://coefficientgiving.org/grants/arb-research-staff-support/
grants-13590-0,13590,2023-02-02,2023,Rethink Priorities,Moral Weight Book Rights,15000.0,Farm Animal Welfare,Grants,https://coefficientgiving.org/grants/rethink-priorities-moral-weight-book-rights/
grants-13593-0,13593,2023-02-02,2023,Center for AI Safety,Philosophy Fellowship and NeurIPS Prizes,1433000.0,Navigating Transformative AI,Grants,https://coefficientgiving.org/grants/center-for-ai-safety-philosophy-fellowship/
grants-13596-0,13596,2023-02-02,2023,Ayuda Efectiva,General Support,225000.0,Effective Giving & Careers,Grants,https://coefficientgiving.org/grants/ayuda-efectiva-general-support/
grants-13606-0,13606,2023-02-02,2023,Terner Housing Innovation Labs,Housing Policy Dashboard (Predates Fund),75000.0,Abundance & Growth; Housing Policy Reform,Grants,https://coefficientgiving.org/grants/terner-housing-innovation-labs-housing-policy-dashboard/
grants-13651-0,13651,2023-02-02,2023,Innovations for Poverty Action,Ethiopian Office,2800000.0,Global Health & Development; Global Health & Wellbeing Opportunities,Grants,https://coefficientgiving.org/grants/innovations-for-poverty-action-ethiopian-office/
grants-13766-0,13766,2023-02-02,2023,University of Pavia,"Law, Ethics, and AI Course Development (Federico Faroldi)",23245.0,Navigating Transformative AI,Grants,https://coefficientgiving.org/grants/university-of-pavia-law-ethics-and-ai-course-development/
grants-13850-0,13850,2023-02-03,2023,Global Priorities Institute,General Support,2506291.0,Global Catastrophic Risks Opportunities,Grants,https://coefficientgiving.org/grants/global-priorities-institute-general-support-2023/
grants-14210-0,14210,2023-02-05,2023,Fund for the Global Fund,Scoping Work,264000.0,Global Aid Policy,Grants,https://coefficientgiving.org/grants/fund-for-the-global-fund-scoping-work/
grants-13682-0,13682,2023-02-06,2023,University of Washington,Tonsil Model for Tuberculosis Research,1500000.0,Infectious Diseases; Science and Global Health R&D; Transformative Science,Grants,https://coefficientgiving.org/grants/university-of-washington-tonsil-model-for-tuberculosis-research/
grants-14722-0,14722,2023-02-06,2023,Sabine Wieluch and Sebastian Morr GbR,EA Web Content,30000.0,Global Catastrophic Risks Opportunities,Grants,https://coefficientgiving.org/grants/sabine-wieluch-and-sebastian-morr-gbr-ea-web-content/
grants-14219-0,14219,2023-02-07,2023,Rethink Priorities,Animal Welfare Field-Building,268684.0,Farm Animal Welfare,Grants,https://coefficientgiving.org/grants/rethink-priorities-animal-welfare-field-building/
grants-16325-0,16325,2023-02-07,2023,Gates Philanthropy Partners,Global Education Regranting,5000000.0,Global Health & Wellbeing Opportunities,Grants,https://coefficientgiving.org/grants/gates-philanthropy-partners-global-education-regranting/
grants-16327-0,16327,2023-02-07,2023,Gates Philanthropy Partners,Oral Cholera Vaccine Production,25000000.0,Global Health & Development; Global Health & Wellbeing Opportunities,Grants,https://coefficientgiving.org/grants/gates-philanthropy-partners-oral-cholera-vaccine-production/
grants-16331-0,16331,2023-02-07,2023,Gates Philanthropy Partners,Tuberculosis Vaccine Candidate,40050000.0,Global Health & Development; Global Health & Wellbeing Opportunities,Grants,https://coefficientgiving.org/grants/gates-philanthropy-partners-tuberculosis-vaccine-candidate/
grants-14394-0,14394,2023-02-08,2023,WorkStream Business Systems,EA Operations and Leadership Fellowships,14000.0,Global Catastrophic Risks Opportunities,Grants,https://coefficientgiving.org/grants/workstream-business-systems-ea-operations-and-leadership-fellowships/
grants-14868-0,14868,2023-02-08,2023,Federation of American Scientists,High-Skilled Immigration Reform (Predates Fund),352150.0,Abundance & Growth; Innovation Policy,Grants,https://coefficientgiving.org/grants/federation-of-american-scientists-high-skilled-immigration-reform/
grants-14872-0,14872,2023-02-08,2023,Good Judgment Inc.,H5N1 Forecasts (Contract),150000.0,Forecasting,Grants,https://coefficientgiving.org/grants/good-judgment-inc-h5n1-forecasts/
grants-13741-0,13741,2023-02-09,2023,Animal Ethics,Longtermist Animal Welfare Research,6100.0,Global Catastrophic Risks Opportunities,Grants,https://coefficientgiving.org/grants/animal-ethics-longtermist-animal-welfare-research/
grants-13986-0,13986,2023-02-09,2023,Founders Pledge,General Support,2250000.0,Effective Giving & Careers,Grants,https://coefficientgiving.org/grants/founders-pledge-general-support-2023/
grants-14141-0,14141,2023-02-10,2023,Effective Altruism Funds,Long-Term Future and Infrastructure Fund Regranting,3150000.0,Global Catastrophic Risks Opportunities,Grants,https://coefficientgiving.org/grants/effective-altruism-funds-long-term-future-and-infrastructure-fund-regranting/
grants-14719-0,14719,2023-02-13,2023,Alignment Research Engineer Accelerator,AI Safety Technical Program,18800.0,Navigating Transformative AI,Grants,https://coefficientgiving.org/grants/alignment-research-engineer-accelerator-ai-safety-technical-program/
grants-13491-0,13491,2023-02-14,2023,Compromiso Verde,Cage-Free Campaigns in Peru,336000.0,Cage-Free Reforms; Farm Animal Welfare,Grants,https://coefficientgiving.org/grants/compromiso-verde-cage-free-campaigns-in-peru/
grants-26276-0,26276,2023-02-14,2023,YIMBY Alliance,Pro-Housing Advocacy (Predates Fund),671830.0,Abundance & Growth; Housing Policy Reform,Grants,https://coefficientgiving.org/grants/yimby-alliance-pro-housing-advocacy/
grants-13855-0,13855,2023-02-15,2023,International Bank for Reconstruction and Development,Air Quality in the Indo-Gangetic Plain,1999999.0,Air Quality,Grants,https://coefficientgiving.org/grants/ibrd-air-quality-in-the-indo-gangetic-plain/
grants-13744-0,13744,2023-02-16,2023,Cambridge Boston Alignment Initiative,MIT Office Space,143751.0,Navigating Transformative AI,Grants,https://coefficientgiving.org/grants/cambridge-boston-alignment-initiative-mit-office-space/
grants-13763-0,13763,2023-02-16,2023,Cornell University,AI Safety Research (Lionel Levine),342645.0,Navigating Transformative AI,Grants,https://coefficientgiving.org/grants/cornell-university-ai-safety-research/
grants-15652-0,15652,2023-02-16,2023,Brian Christian,Psychology Research,37903.0,Navigating Transformative AI,Grants,https://coefficientgiving.org/grants/brian-christian-psychology-research/
grants-13278-0,13278,2023-02-17,2023,Longview Philanthropy,Far-UVC Event,165000.0,Biosecurity & Pandemic Preparedness,Grants,https://coefficientgiving.org/grants/longview-philanthropy-far-uvc-event-2023/
grants-13736-0,13736,2023-02-18,2023,Probably Good,Career Advice,455800.0,Effective Giving & Careers,Grants,https://coefficientgiving.org/grants/probably-good-career-advice-2023/
grants-13992-0,13992,2023-02-22,2023,Giving What We Can,General Support,2361905.0,Effective Giving & Careers,Grants,https://coefficientgiving.org/grants/giving-what-we-can-general-support-2/
grants-14147-0,14147,2023-02-22,2023,Epoch,AI Worldview Investigations,188558.0,Navigating Transformative AI,Grants,https://coefficientgiving.org/grants/epoch-ai-worldview-investigations/
grants-14225-0,14225,2023-02-22,2023,Effective Ventures Foundation USA,General Support,2750000.0,Global Catastrophic Risks Opportunities,Grants,https://coefficientgiving.org/grants/effective-ventures-foundation-usa-general-support/
grants-14429-0,14429,2023-02-22,2023,University of Tuebingen,Adversarial Robustness Research (Matthias Bethge),575000.0,Navigating Transformative AI,Grants,https://coefficientgiving.org/grants/university-of-tuebingen-adversarial-robustness-research/
grants-13954-0,13954,2023-02-24,2023,OBRAZ,Broiler Chicken Welfare in Czechia,350000.0,Broiler Chicken Welfare; Farm Animal Welfare,Grants,https://coefficientgiving.org/grants/obraz-broiler-chicken-welfare-in-czechia/
grants-13448-0,13448,2023-02-26,2023,Legal Priorities Project,Litigation Research,34000.0,Global Catastrophic Risks Opportunities,Grants,https://coefficientgiving.org/grants/legal-priorities-project-litigation-research/
grants-13696-0,13696,2023-02-28,2023,Longview Philanthropy,AI Policy Development at the OECD,770076.0,Navigating Transformative AI,Grants,https://coefficientgiving.org/grants/longview-philanthropy-ai-policy-development-at-the-oecd/
grants-13730-0,13730,2023-02-28,2023,Successif,Career Advising,778570.0,Global Catastrophic Risks Opportunities,Grants,https://coefficientgiving.org/grants/successif-career-advising/
grants-13747-0,13747,2023-03-01,2023,Compassion in World Farming USA,Implementation of Corporate Pledges,550000.0,Farm Animal Welfare,Grants,https://coefficientgiving.org/grants/compassion-in-world-farming-usa-implementation-of-corporate-pledges-2023/
grants-14384-0,14384,2023-03-01,2023,Wageningen University,Wild-Caught Fish Welfare,330566.0,Farm Animal Welfare; Fish Welfare,Grants,https://coefficientgiving.org/grants/wageningen-university-wild-caught-fish-welfare/
grants-13477-0,13477,2023-03-03,2023,Sightsavers,Deworming Programs,11195955.0,GiveWell-Recommended Charities; Global Health & Development; Global Health & Wellbeing Opportunities,Grants,https://coefficientgiving.org/grants/sightsavers-deworming-programs-2023/
grants-15563-0,15563,2023-03-03,2023,"California State University, San José",AI Research (Yan Zhang),39000.0,Navigating Transformative AI,Grants,https://coefficientgiving.org/grants/san-jose-state-university-ai-research/
grants-14260-0,14260,2023-03-05,2023,University of Southern California,Preterm Births Research,114353.0,Human Health and Wellbeing; Maternal and Newborn Health; Science and Global Health R&D,Grants,https://coefficientgiving.org/grants/university-of-southern-california-preterm-births-research/
grants-13709-0,13709,2023-03-06,2023,Humane Society International,Farm Animal Welfare in Europe,1032550.0,Farm Animal Welfare; Farm Animal Welfare in Europe,Grants,https://coefficientgiving.org/grants/humane-society-international-farm-animal-welfare-in-europe/
grants-14205-0,14205,2023-03-06,2023,ARCED Foundation,Bangladeshi Brick Kilns Governance RCT (Contract),281000.0,Air Quality,Grants,https://coefficientgiving.org/grants/arced-foundation-bangladeshi-brick-kilns-governance-rct/
grants-14839-0,14839,2023-03-07,2023,Government Relations Group,Scoping Work for Japan-Korea Aid Dialogues (Contract),86250.0,Global Aid Policy,Grants,https://coefficientgiving.org/grants/government-relations-group-scoping-work-for-japan-korea-aid-dialogues/
grants-13483-0,13483,2023-03-08,2023,Malaria Consortium,Seasonal Malaria Chemoprevention Programs,61443812.0,GiveWell-Recommended Charities; Global Health & Development; Global Health & Wellbeing Opportunities,Grants,https://coefficientgiving.org/grants/malaria-consortium-seasonal-malaria-chemoprevention-programs-2023/
grants-14151-0,14151,2023-03-08,2023,High Impact Professionals,General Support,200000.0,Effective Giving & Careers,Grants,https://coefficientgiving.org/grants/high-impact-professionals-general-support/
grants-14159-0,14159,2023-03-08,2023,Principles of Intelligent Behavior in Biological and Social Systems,AI Safety Summer Fellowship,239000.0,Navigating Transformative AI,Grants,https://coefficientgiving.org/grants/principles-of-intelligent-behavior-in-biological-and-social-systems-ai-safety-summer-fellowship/
grants-14222-0,14222,2023-03-08,2023,Gordon Research Conferences,Genetic Biocontrol Conference,25000.0,Science and Global Health R&D; Transformative Science,Grants,https://coefficientgiving.org/grants/gordon-research-conferences-genetic-biocontrol-conference/
grants-13567-0,13567,2023-03-09,2023,Global Challenges Project,General Support,687589.0,Global Catastrophic Risks Opportunities,Grants,https://coefficientgiving.org/grants/global-challenges-project-general-support/
grants-13688-0,13688,2023-03-09,2023,Fundación Veg,Farm Animal Welfare in Chile and Colombia,250000.0,Farm Animal Welfare,Grants,https://coefficientgiving.org/grants/vegetarianos-hoy-farm-animal-welfare-in-chile-and-colombia/
grants-14340-0,14340,2023-03-09,2023,Effective Ventures Foundation USA,Support for What We Owe The Future,75617.0,Global Catastrophic Risks Opportunities,Grants,https://coefficientgiving.org/grants/effective-ventures-foundation-usa-support-for-what-we-owe-the-future/
grants-14464-0,14464,2023-03-09,2023,Evotec,Henipavirus Antivirals,1830588.0,Infectious Diseases; Science and Global Health R&D; Science Supporting Biosecurity and Pandemic Preparedness; Transformative Science,Grants,https://coefficientgiving.org/grants/evotec-henipavirus-antivirals/
grants-14842-0,14842,2023-03-09,2023,Cambridge Effective Altruism,AI Safety Labs,25239.0,Navigating Transformative AI,Grants,https://coefficientgiving.org/grants/cambridge-effective-altruism-ai-safety-labs/
grants-28229-0,28229,2023-03-12,2023,Center for Global Development,Lead Exposure Research,75000.0,Global Health & Wellbeing Opportunities,Grants,https://coefficientgiving.org/grants/lead-exposure-research-2/
grants-14155-0,14155,2023-03-13,2023,Amaya Albalat,Research on Electrical Stunning,146812.0,Farm Animal Welfare; Fish Welfare,Grants,https://coefficientgiving.org/grants/university-of-stirling-research-on-electrical-stunning/
grants-14202-0,14202,2023-03-14,2023,cFactual,Consulting Services,105000.0,Global Catastrophic Risks Opportunities,Grants,https://coefficientgiving.org/grants/cfactual-consulting-services/
grants-14336-0,14336,2023-03-14,2023,FAR AI,FAR Labs Office Space,280000.0,Navigating Transformative AI,Grants,https://coefficientgiving.org/grants/far-ai-far-labs-office-space/
grants-18344-0,18344,2023-03-14,2023,PATH,Malaria Vaccine Trial,1841687.0,GiveWell-Recommended Charities; Global Health & Wellbeing Opportunities,Grants,https://coefficientgiving.org/grants/path-malaria-vaccine-trial-2022/
grants-13082-0,13082,2023-03-15,2023,,Support for Career Transition Plans,753162.0,Global Catastrophic Risks Opportunities,Grants,https://coefficientgiving.org/grants/support-for-career-transition-plans/
grants-14329-0,14329,2023-03-15,2023,Institute for Progress,General Support (Predates Fund),9341660.0,Abundance & Growth; Innovation Policy,Grants,https://coefficientgiving.org/grants/institute-for-progress-general-support-2023/
grants-14348-0,14348,2023-03-16,2023,Compassion in World Farming,Farm Animal Welfare in Asia and Latin America,573882.0,Broiler Chicken Welfare; Cage-Free Reforms; Farm Animal Welfare,Grants,https://coefficientgiving.org/grants/compassion-in-world-farming-farm-animal-welfare-in-asia-and-latin-america/
grants-15080-0,15080,2023-03-16,2023,University of Toronto,Social Science Prediction Platform,40000.0,Forecasting,Grants,https://coefficientgiving.org/grants/university-of-toronto-social-science-prediction-platform/
grants-15525-0,15525,2023-03-16,2023,California YIMBY,General Support (Predates Fund),3000000.0,Abundance & Growth; Housing Policy Reform,Grants,https://coefficientgiving.org/grants/california-yimby-general-support-2023/
grants-15431-0,15431,2023-03-17,2023,Forecasting Research Institute,AI Forecasting Project,150000.0,Forecasting,Grants,https://coefficientgiving.org/grants/forecasting-research-institute-ai-forecasting-project/
grants-14333-0,14333,2023-03-18,2023,World Heart Federation,Rheumatic Heart Disease Congress,200000.0,Global Health & Wellbeing Opportunities,Grants,https://coefficientgiving.org/grants/world-heart-federation-rheumatic-heart-disease-congress/
grants-14249-0,14249,2023-03-20,2023,Stanford University,Biosecurity Workshop,198000.0,Biosecurity & Pandemic Preparedness,Grants,https://coefficientgiving.org/grants/stanford-university-biosecurity-workshop/
grants-14860-0,14860,2023-03-20,2023,Cambridge Boston Alignment Initiative,AI Safety Field-Building,387741.0,Navigating Transformative AI,Grants,https://coefficientgiving.org/grants/cambridge-boston-alignment-initiative-ai-safety-field-building/
grants-13770-0,13770,2023-03-21,2023,Respirer Living Sciences,National Clean Air Programme Tracker (Contract),572000.0,Air Quality,Grants,https://coefficientgiving.org/grants/respirer-living-sciences-national-clean-air-programme-tracker/
grants-14879-0,14879,2023-03-21,2023,Eleanor Crook Foundation,Global Malnutrition Regranting,25000000.0,Global Health & Wellbeing Opportunities,Grants,https://coefficientgiving.org/grants/eleanor-crook-foundation-global-malnutrition-regranting/
grants-14992-0,14992,2023-03-21,2023,University of Illinois,AI Alignment Research (Ben Levinstein),80000.0,Navigating Transformative AI,Grants,https://coefficientgiving.org/grants/university-of-illinois-ai-alignment-research/
grants-14413-0,14413,2023-03-22,2023,Beth Israel Deaconess Medical Center,Long COVID Therapy Trial,1800000.0,Human Health and Wellbeing; Infectious Diseases; Science and Global Health R&D,Grants,https://coefficientgiving.org/grants/beth-israel-deaconess-medical-center-long-covid-therapy-trial/
grants-15521-0,15521,2023-03-22,2023,Abundant Housing Massachusetts,General Support (Predates Fund),600000.0,Abundance & Growth; Housing Policy Reform,Grants,https://coefficientgiving.org/grants/abundant-housing-massachusetts-general-support-2/
grants-15043-0,15043,2023-03-23,2023,Harvard University,Political Polarization App,100000.0,Other Areas,Grants,https://coefficientgiving.org/grants/harvard-university-political-polarization-app/
grants-14213-0,14213,2023-03-24,2023,ProVeg International,Innovation Competitions for Alternative Proteins,384000.0,Alternatives to Animal Products; Farm Animal Welfare,Grants,https://coefficientgiving.org/grants/proveg-international-innovation-competitions-for-alternative-proteins/
grants-14406-0,14406,2023-03-27,2023,Çiftlik Hayvanlarını Koruma Derneği,Farm Animal Welfare in Turkey,530800.0,Cage-Free Reforms; Farm Animal Welfare; Fish Welfare,Grants,https://coefficientgiving.org/grants/ciftlik-hayvanlarini-koruma-dernegi-farm-animal-welfare-in-turkey/
grants-14417-0,14417,2023-03-28,2023,Center for Global Development,Lead Exposure Research,75000.0,Global Health & Wellbeing Opportunities,Grants,https://coefficientgiving.org/grants/center-for-global-development-lead-exposure-research/
grants-14452-0,14452,2023-03-30,2023,FAR AI,AI Interpretability Research,100000.0,Navigating Transformative AI,Grants,https://coefficientgiving.org/grants/far-ai-ai-interpretability-research/
grants-14467-0,14467,2023-03-31,2023,Johns Hopkins Center for Health Security,"Biosecurity, Global Health Security, and Global Catastrophic Risks",10000000.0,Biosecurity & Pandemic Preparedness; Global Catastrophic Risks Opportunities,Grants,https://coefficientgiving.org/grants/johns-hopkins-center-for-health-security-biosecurity-global-health-security-and-global-catastrophic-risks-2023/
grants-14410-0,14410,2023-04-01,2023,Charity Entrepreneurship,Health Security Organizations,250000.0,Biosecurity & Pandemic Preparedness,Grants,https://coefficientgiving.org/grants/charity-entrepreneurship-health-security-organizations/
grants-14425-0,14425,2023-04-03,2023,AI Safety Support,Situational Awareness Research,443716.0,Navigating Transformative AI,Grants,https://coefficientgiving.org/grants/ai-safety-support-situational-awareness-research/
grants-14444-0,14444,2023-04-04,2023,Futurewise,Housing Advocacy in Washington (Predates Fund),450000.0,Abundance & Growth; Housing Policy Reform,Grants,https://coefficientgiving.org/grants/futurewise-housing-advocacy-in-washington/
grants-14446-0,14446,2023-04-06,2023,Forethought Foundation,Global Priorities Research,348993.0,Global Catastrophic Risks Opportunities,Grants,https://coefficientgiving.org/grants/forethought-foundation-global-priorities-research/
grants-14951-0,14951,2023-04-06,2023,RAND Corporation,Emerging Technology Fellowships and Research,5500000.0,Navigating Transformative AI,Grants,https://coefficientgiving.org/grants/rand-corporation-emerging-technology-fellowships-and-research/
grants-14775-0,14775,2023-04-08,2023,Nuclear Threat Initiative,Biosecurity Program Support,7831500.0,Biosecurity & Pandemic Preparedness,Grants,https://coefficientgiving.org/grants/nuclear-threat-initiative-biosecurity-program-support-2023/
grants-14438-0,14438,2023-04-10,2023,National Science Foundation,Safe Learning-Enabled Systems,5000000.0,Navigating Transformative AI,Grants,https://coefficientgiving.org/grants/national-science-foundation-safe-learning-enabled-systems/
grants-17027-0,17027,2023-04-11,2023,Freedom and Respect for Every Earthling (F.R.E.E.),Broiler and Cage-Free Reforms in Romania,193000.0,Farm Animal Welfare; Farm Animal Welfare in Europe,Grants,https://coefficientgiving.org/grants/f-r-e-e-broiler-and-cage-free-reforms-in-romania/
grants-14449-0,14449,2023-04-12,2023,Rethink Priorities,AI Governance Workshop,302390.0,Navigating Transformative AI,Grants,https://coefficientgiving.org/grants/rethink-priorities-ai-governance-workshop/
grants-14198-0,14198,2023-04-13,2023,Leap Labs,Interpretability Research,230000.0,Navigating Transformative AI,Grants,https://coefficientgiving.org/grants/leap-labs-interpretability-research/
grants-14388-0,14388,2023-04-13,2023,Carnegie Endowment for International Peace,Alternative Proteins for Security,322000.0,Alternatives to Animal Products; Farm Animal Welfare,Grants,https://coefficientgiving.org/grants/carnegie-endowment-for-international-peace-alternative-proteins-for-security/
grants-14780-0,14780,2023-04-13,2023,Atlas Fellowship,General Support,2000000.0,Global Catastrophic Risks Opportunities,Grants,https://coefficientgiving.org/grants/atlas-fellowship-general-support-2023/
grants-14432-0,14432,2023-04-14,2023,Aquaculture Stewardship Council,Welfare Standards,525000.0,Farm Animal Welfare; Fish Welfare,Grants,https://coefficientgiving.org/grants/aquaculture-stewardship-council-welfare-standards/
grants-14435-0,14435,2023-04-16,2023,Albin Gräns,Portable Fish EEG Manufacturing and Testing,384000.0,Farm Animal Welfare; Fish Welfare,Grants,https://coefficientgiving.org/grants/swedish-university-of-agricultural-sciences-portable-fish-eeg/
grants-14635-0,14635,2023-04-17,2023,Metaculus,Platform Development,3000000.0,Forecasting,Grants,https://coefficientgiving.org/grants/metaculus-platform-development-2023/
grants-15417-0,15417,2023-04-18,2023,Center for AI Safety,General Support,4025729.0,Navigating Transformative AI,Grants,https://coefficientgiving.org/grants/center-for-ai-safety-general-support-2023/
grants-15052-0,15052,2023-04-19,2023,University of Utah,AI Alignment Research (Daniel Brown),140000.0,Navigating Transformative AI,Grants,https://coefficientgiving.org/grants/university-of-utah-ai-alignment-research/
grants-14883-0,14883,2023-04-20,2023,Effective Ventures Foundation USA,Asterisk,937231.0,Global Catastrophic Risks Opportunities,Grants,https://coefficientgiving.org/grants/effective-ventures-foundation-usa-asterisk-2023/
grants-14811-0,14811,2023-04-24,2023,Victory Briefs Institute,Debate Camp Scholarships,40500.0,Global Catastrophic Risks Opportunities,Grants,https://coefficientgiving.org/grants/victory-briefs-institute-debate-camp-scholarships-2023/
grants-15056-0,15056,2023-04-24,2023,Conjecture,SERI MATS,245000.0,Navigating Transformative AI,Grants,https://coefficientgiving.org/grants/conjecture-seri-mats-2023/
grants-16689-0,16689,2023-04-24,2023,Stanford University,Language Model Evaluations (Percy Liang),250000.0,Navigating Transformative AI,Grants,https://coefficientgiving.org/grants/stanford-university-language-model-evaluations/
grants-17055-0,17055,2023-04-24,2023,Economic Innovation Group,High-Skilled Immigration Research and Advocacy (Predates Fund),1223935.0,Abundance & Growth; Innovation Policy,Grants,https://coefficientgiving.org/grants/economic-innovation-group-high-skilled-immigration-research-and-advocacy/
grants-14470-0,14470,2023-04-26,2023,Epoch,General Support,6922565.0,Navigating Transformative AI,Grants,https://coefficientgiving.org/grants/epoch-general-support-2023/
grants-14823-0,14823,2023-04-26,2023,University of Maryland,Policy Fellowship,312959.0,Navigating Transformative AI,Grants,https://coefficientgiving.org/grants/university-of-maryland-policy-fellowship-2023/
grants-14875-0,14875,2023-04-26,2023,Vegan Women Summit,Alternative Proteins Talent Pipeline,200000.0,Alternatives to Animal Products; Farm Animal Welfare,Grants,https://coefficientgiving.org/grants/vegan-women-summit-alternative-proteins-talent-pipeline-2023/
grants-20563-0,20563,2023-04-26,2023,Effective Ventures Foundation USA,Harvard Square Coworking Space,7644020.0,Global Catastrophic Risks Opportunities,Grants,https://coefficientgiving.org/grants/evf-usa-harvard-square-coworking-space/
grants-22251-0,22251,2023-04-26,2023,Effective Ventures Foundation USA,Harvard Square Coworking Space,7644021.0,Global Catastrophic Risks Opportunities,Grants,https://coefficientgiving.org/grants/centre-for-effective-altruism-harvard-square-coworking-space-2023/
grants-14737-0,14737,2023-04-27,2023,"80,000 Hours",Marketing,2492000.0,Global Catastrophic Risks Opportunities,Grants,https://coefficientgiving.org/grants/80000-hours-marketing-2023/
grants-14649-0,14649,2023-04-28,2023,Rethink Priorities,AI Governance Research,154810.0,Navigating Transformative AI,Grants,https://coefficientgiving.org/grants/rethink-priorities-ai-governance-research-2023/
grants-14887-0,14887,2023-04-28,2023,American University of Beirut,STI Diagnostic,49000.0,Human Health and Wellbeing; Infectious Diseases; Science and Global Health R&D,Grants,https://coefficientgiving.org/grants/american-university-of-beirut-sti-diagnostic/
grants-14890-0,14890,2023-05-01,2023,CSIRO,Henipavirus Research,778886.0,Infectious Diseases; Science and Global Health R&D; Science Supporting Biosecurity and Pandemic Preparedness; Transformative Science,Grants,https://coefficientgiving.org/grants/csiro-henipavirus-research/
grants-14643-0,14643,2023-05-02,2023,Pivotal Research,Summer Research Fellowship,286500.0,Global Catastrophic Risks Opportunities,Grants,https://coefficientgiving.org/grants/swiss-existential-risk-initiative-summer-research-fellowship/
grants-15004-0,15004,2023-05-02,2023,Michael West,Pivotal Essay Contest,80500.0,Global Catastrophic Risks Opportunities,Grants,https://coefficientgiving.org/grants/michael-west-what-we-owe-the-future-essay-contest/
grants-15497-0,15497,2023-05-02,2023,Consultants for Impact,General Support,380000.0,Global Catastrophic Risks Opportunities,Grants,https://coefficientgiving.org/grants/effective-altruism-consulting-network-general-support-2023/
grants-14652-0,14652,2023-05-03,2023,Rational Animations,Video Animation Costs,1000000.0,Global Catastrophic Risks Opportunities,Grants,https://coefficientgiving.org/grants/rational-animations-video-animation-costs-2023/
grants-14920-0,14920,2023-05-04,2023,"80,000 Hours",General Support,5575238.0,Global Catastrophic Risks Opportunities,Grants,https://coefficientgiving.org/grants/80000-hours-general-support-may-2023/
grants-14639-0,14639,2023-05-05,2023,University of Chicago,Existential Risk Laboratory Fellowship Program,285000.0,Global Catastrophic Risks Opportunities,Grants,https://coefficientgiving.org/grants/university-of-chicago-existential-risk-laboratory-fellowship-program/
grants-14740-0,14740,2023-05-05,2023,University of Ottawa,Institute for Replication (Predates Fund),464698.0,Abundance & Growth; Innovation Policy,Grants,https://coefficientgiving.org/grants/university-of-ottawa-institute-for-replication/
grants-36485-0,36485,2023-05-05,2023,Johns Hopkins Center for Health Security,Pandemic Preparedness Work,3746247.0,Biosecurity & Pandemic Preparedness,Grants,https://coefficientgiving.org/grants/pandemic-preparedness-work/
grants-16826-0,16826,2023-05-08,2023,Conjecture,AI Safety Technical Program,223569.0,Navigating Transformative AI,Grants,https://coefficientgiving.org/grants/conjecture-ai-safety-technical-program/
grants-15137-0,15137,2023-05-09,2023,RAND Corporation,Biosecurity Policy,16500000.0,Biosecurity & Pandemic Preparedness,Grants,https://coefficientgiving.org/grants/rand-corporation-biosecurity-policy/
grants-15046-0,15046,2023-05-10,2023,University of Birmingham,Biological Threat Detection Research,75000.0,Biosecurity & Pandemic Preparedness,Grants,https://coefficientgiving.org/grants/university-of-birmingham-biological-threat-detection-research/
grants-15089-0,15089,2023-05-10,2023,Fair Share Housing Center,Legal Work in NJ (Predates Fund),185000.0,Abundance & Growth; Housing Policy Reform,Grants,https://coefficientgiving.org/grants/fair-share-housing-center-legal-work-in-nj/
grants-14770-0,14770,2023-05-12,2023,Cures Within Reach,Generic Drug Trials,800000.0,Science and Global Health R&D,Grants,https://coefficientgiving.org/grants/cures-within-reach-generic-drug-trials/
grants-14906-0,14906,2023-05-12,2023,Koch Institute for Integrative Cancer Research,Pneumonia Diagnostics,3100000.0,Human Health and Wellbeing; Infectious Diseases; Science and Global Health R&D,Grants,https://coefficientgiving.org/grants/koch-institute-for-integrative-cancer-research-at-mit-pneumonia-diagnostics/
grants-15060-0,15060,2023-05-12,2023,Mila,Workshop on Human-Level AI,50000.0,Navigating Transformative AI,Grants,https://coefficientgiving.org/grants/mila-workshop-on-human-level-ai/
grants-15414-0,15414,2023-05-12,2023,Centre for the Governance of AI,General Support,3000000.0,Navigating Transformative AI,Grants,https://coefficientgiving.org/grants/centre-for-the-governance-of-ai-general-support-2/
grants-14995-0,14995,2023-05-15,2023,Life Sciences Research Foundation,Postdoctoral Fellowships,401750.0,Science and Global Health R&D; Transformative Science,Grants,https://coefficientgiving.org/grants/life-sciences-research-foundation-postdoctoral-fellowships-2023/
grants-15405-0,15405,2023-05-16,2023,University of Michigan,Research on Gamete Development,2000000.0,Science and Global Health R&D; Transformative Science,Grants,https://coefficientgiving.org/grants/university-of-michigan-research-on-gamete-development-2023/
grants-15474-0,15474,2023-05-16,2023,Ethical Seafood Research,Research on Farmed Tilapia Welfare in Egypt,56250.0,Farm Animal Welfare; Fish Welfare,Grants,https://coefficientgiving.org/grants/ethical-seafood-research-research-on-farmed-tilapia-welfare-in-egypt/
grants-14820-0,14820,2023-05-17,2023,Vital Strategies,LPG Subsidies Analysis,37536.0,Air Quality,Grants,https://coefficientgiving.org/grants/vital-strategies-lpg-subsidies-analysis/
grants-15408-0,15408,2023-05-17,2023,University of Chicago,Research on Complementary AI (Chenhao Tan),250000.0,Navigating Transformative AI,Grants,https://coefficientgiving.org/grants/university-of-chicago-research-on-complementary-ai/
grants-16829-0,16829,2023-05-17,2023,AI Safety Support,AI Safety Technical Program,146165.0,Navigating Transformative AI,Grants,https://coefficientgiving.org/grants/ai-safety-support-ai-safety-technical-program-may-2023/
grants-15035-0,15035,2023-05-19,2023,Effective Altruism Funds,Regranting and Operations Support,3370000.0,Global Catastrophic Risks Opportunities,Grants,https://coefficientgiving.org/grants/effective-altruism-funds-regranting-and-operations-support-may-2023/
grants-15076-0,15076,2023-05-22,2023,Joep Lange Institute,Expanding the Donor Base for Global Health,450000.0,Global Aid Policy,Grants,https://coefficientgiving.org/grants/joep-lange-institute-expanding-the-donor-base-for-global-health/
grants-15083-0,15083,2023-05-22,2023,Non-Trivial,Fellowship Program,315894.0,Global Catastrophic Risks Opportunities,Grants,https://coefficientgiving.org/grants/non-trivial-fellowship-program/
grants-15639-0,15639,2023-05-22,2023,Kurzgesagt,Video Production (Contract),1700000.0,Global Catastrophic Risks Opportunities,Grants,https://coefficientgiving.org/grants/kurzgesagt-video-production-2023/
grants-18837-0,18837,2023-05-22,2023,Government Relations Group,Japan and Korea Aid Policy Dialogues (Contract),355030.0,Global Aid Policy,Grants,https://coefficientgiving.org/grants/government-relations-group-japan-and-korea-aid-policy-dialogues/
grants-15500-0,15500,2023-05-23,2023,Global Alcohol Policy Alliance,Conference Travel Support,75000.0,Global Health & Wellbeing Opportunities,Grants,https://coefficientgiving.org/grants/global-alcohol-policy-alliance-conference-travel-support/
grants-16597-0,16597,2023-05-24,2023,Stiftelsen Impact Academy,Future Academy Program,62000.0,Global Catastrophic Risks Opportunities,Grants,https://coefficientgiving.org/grants/stiftelsen-impact-academy-future-academy-program/
grants-15614-0,15614,2023-05-25,2023,MiracleFeet,Clubfoot Treatment Program,4296185.0,GiveWell-Recommended Charities; Global Health & Development; Global Health & Wellbeing Opportunities,Grants,https://coefficientgiving.org/grants/miraclefeet-clubfoot-treatment-program/
grants-17062-0,17062,2023-05-31,2023,Effective Ventures Foundation USA,AI Evaluations Research (Owain Evans),1652076.0,Navigating Transformative AI,Grants,https://coefficientgiving.org/grants/owain-evans-research-group-ai-evaluations-research/
grants-15565-0,15565,2023-06-01,2023,Apollo Research,Startup Funding,1535480.0,Navigating Transformative AI,Grants,https://coefficientgiving.org/grants/apollo-research-startup-funding/
grants-15377-0,15377,2023-06-02,2023,Government Relations Group,Global Health Aid Study Tours (Contract),440750.0,Global Aid Policy,Grants,https://coefficientgiving.org/grants/government-relations-group-global-health-aid-study-tours/
grants-15567-0,15567,2023-06-06,2023,Redwood Research,General Support,5300000.0,Navigating Transformative AI,Grants,https://coefficientgiving.org/grants/redwood-research-general-support-2023/
grants-15570-0,15570,2023-06-06,2023,Constellation,Coworking Space,3000000.0,Global Catastrophic Risks Opportunities,Grants,https://coefficientgiving.org/grants/constellation-coworking-space/
grants-15895-0,15895,2023-06-06,2023,IRD Global,Organizational Support,5399805.0,GiveWell-Recommended Charities; Global Health & Development; Global Health & Wellbeing Opportunities,Grants,https://coefficientgiving.org/grants/ird-global-organizational-support/
grants-14728-0,14728,2023-06-07,2023,L214,Corporate Campaigns in France,2901250.0,Farm Animal Welfare; Farm Animal Welfare in Europe,Grants,https://coefficientgiving.org/grants/l214-corporate-campaigns-in-france-2023/
grants-15600-0,15600,2023-06-07,2023,University of Edinburgh,Preterm Birth RCT,344973.0,Maternal and Newborn Health; Science and Global Health R&D,Grants,https://coefficientgiving.org/grants/the-university-of-edinburgh-preterm-birth-rct/
grants-15610-0,15610,2023-06-07,2023,University of Edinburgh,Syphilis Genome Sequencing,357880.0,Human Health and Wellbeing; Infectious Diseases; Maternal and Newborn Health; Science and Global Health R&D; Transformative Science,Grants,https://coefficientgiving.org/grants/university-of-edinburgh-syphilis-genome-sequencing/
grants-19222-0,19222,2023-06-09,2023,Wild Animal Initiative,Academic Field Building,2500000.0,Farm Animal Welfare,Grants,https://coefficientgiving.org/grants/wild-animal-initiative-academic-field-building/
grants-15422-0,15422,2023-06-12,2023,Welfare Matters,Farm Animal Welfare Movement Building in Southeast Asia,1000000.0,Farm Animal Welfare; Farm Animal Welfare in Asia,Grants,https://coefficientgiving.org/grants/welfare-matters-farm-animal-welfare-movement-building-in-southeast-asia/
grants-17082-0,17082,2023-06-13,2023,Columbia University,Regulatory Affairs Position,138600.0,Global Health & Wellbeing Opportunities,Grants,https://coefficientgiving.org/grants/columbia-university-regulatory-affairs-position/
grants-17185-0,17185,2023-06-13,2023,SJS Inc.,Market Shaping for Alternative Proteins,300000.0,Alternatives to Animal Products; Farm Animal Welfare,Grants,https://coefficientgiving.org/grants/sjs-inc-market-shaping-for-alternative-proteins/
grants-18780-0,18780,2023-06-13,2023,PoliPoli,Global Health Aid Advocacy and Incubation,506982.0,Global Aid Policy,Grants,https://coefficientgiving.org/grants/polipoli-global-health-aid-advocacy-and-incubation/
grants-25977-0,25977,2023-06-13,2023,Instituto Tecnológico Autónomo de México,Lead Exposure Investigation,13140.0,Global Health & Wellbeing Opportunities,Grants,https://coefficientgiving.org/grants/instituto-tecnologico-autonomo-de-mexico-lead-exposure-investigation/
grants-16823-0,16823,2023-06-14,2023,Madre Brava,Corporate Commitments for Alternative Proteins,300000.0,Alternatives to Animal Products; Farm Animal Welfare,Grants,https://coefficientgiving.org/grants/madre-brava-corporate-commitments-for-alternative-proteins/
grants-15336-0,15336,2023-06-15,2023,University of Texas Medical Branch,Nucleic Acid Antiviral Testing,200000.0,Human Health and Wellbeing; Infectious Diseases; Science and Global Health R&D,Grants,https://coefficientgiving.org/grants/university-of-texas-medical-branch-nucleic-acid-antiviral-testing/
grants-16810-0,16810,2023-06-15,2023,Centre for Effective Altruism,General Support (EVF),11000000.0,Global Catastrophic Risks Opportunities,Grants,https://coefficientgiving.org/grants/centre-for-effective-altruism-general-support/
grants-16545-0,16545,2023-06-16,2023,Effective Ventures Foundation USA,General Support for the Centre for Effective Altruism,2360192.0,Global Catastrophic Risks Opportunities,Grants,https://coefficientgiving.org/grants/centre-for-effective-altruism-general-support-june-2023/
grants-17584-0,17584,2023-06-21,2023,People for Animals Uttarakhand,Farm Animal Welfare in India,204400.0,Farm Animal Welfare; Farm Animal Welfare in Asia,Grants,https://coefficientgiving.org/grants/people-for-animals-uttarakhand-farm-animal-welfare-in-india-2023/
grants-16794-0,16794,2023-06-22,2023,Effective Altruism Switzerland,Zurich Coworking Space,101426.0,Global Catastrophic Risks Opportunities,Grants,https://coefficientgiving.org/grants/effective-altruism-switzerland-zurich-coworking-space/
grants-16771-0,16771,2023-06-23,2023,Condor Camp,Summer Program for Brazilian Students,301197.0,Global Catastrophic Risks Opportunities,Grants,https://coefficientgiving.org/grants/condor-camp-summer-program-for-brazilian-students/
grants-17050-0,17050,2023-06-23,2023,World Animal Protection,Maina Ngotho,138000.0,Farm Animal Welfare,Grants,https://coefficientgiving.org/grants/world-animal-protection-farm-animal-welfare-in-kenya/
grants-16781-0,16781,2023-06-27,2023,Wisdom Good Works,Rodenticide Alternative,702600.0,Farm Animal Welfare,Grants,https://coefficientgiving.org/grants/wisdom-good-works-rodenticide-alternative/
grants-17041-0,17041,2023-06-27,2023,Effective Altruism Germany,ML4Good Bootcamp,40377.0,Global Catastrophic Risks Opportunities,Grants,https://coefficientgiving.org/grants/effective-altruism-germany-ml4good-bootcamp/
grants-15584-0,15584,2023-06-28,2023,Animal Empathy Philippines,Community Building Work,200000.0,Farm Animal Welfare; Farm Animal Welfare in Asia,Grants,https://coefficientgiving.org/grants/animal-empathy-philippines-community-building-work/
grants-16479-0,16479,2023-06-28,2023,Berkeley Existential Risk Initiative,SERI MATS 4.0,428942.0,Navigating Transformative AI,Grants,https://coefficientgiving.org/grants/berkeley-existential-risk-initiative-seri-mats-4-0/
grants-16483-0,16483,2023-06-28,2023,AI Safety Support,SERI MATS 4.0,1240840.0,Navigating Transformative AI,Grants,https://coefficientgiving.org/grants/ai-safety-support-seri-mats-4-0/
grants-16796-0,16796,2023-06-28,2023,Foundation for American Innovation,AI Safety Policy Advocacy,552500.0,Navigating Transformative AI,Grants,https://coefficientgiving.org/grants/foundation-for-american-innovation-ai-safety-policy-advocacy/
grants-16814-0,16814,2023-06-28,2023,BlueDot Impact,General Support,388890.0,Global Catastrophic Risks Opportunities,Grants,https://coefficientgiving.org/grants/bluedot-impact-general-support-2023/
grants-16775-0,16775,2023-06-29,2023,Legal Priorities Project,General Support,170000.0,Global Catastrophic Risks Opportunities,Grants,https://coefficientgiving.org/grants/legal-priorities-project-general-support/
grants-16841-0,16841,2023-06-29,2023,National Bureau of Economic Research,Innovation Policy Working Group (Predates Fund),214775.0,Abundance & Growth; Innovation Policy,Grants,https://coefficientgiving.org/grants/national-bureau-of-economic-research-innovation-policy-working-group-2023/
grants-17053-0,17053,2023-06-30,2023,Washington University in St. Louis,Research on Cryptosporidium Hominis,1200000.0,Human Health and Wellbeing; Infectious Diseases; Science and Global Health R&D; Transformative Science,Grants,https://coefficientgiving.org/grants/washington-university-in-st-louis-research-on-cryptosporidium-hominis-2023/
grants-17060-0,17060,2023-06-30,2023,International Vaccine Institute,Strep A Vaccine Global Consortium,3600492.0,Global Health & Wellbeing Opportunities,Grants,https://coefficientgiving.org/grants/international-vaccine-institute-strep-a-vaccine-global-consortium/
grants-16933-0,16933,2023-07-03,2023,Center for Global Development,USAID Staff Placement,107000.0,Global Aid Policy,Grants,https://coefficientgiving.org/grants/center-for-global-development-usaid-staff-placement/
grants-17031-0,17031,2023-07-03,2023,Humane Society International India,Farm Animal Welfare Work (Exit Grant),60000.0,Farm Animal Welfare; Farm Animal Welfare in Asia,Grants,https://coefficientgiving.org/grants/humane-society-international-india-exit-grant/
grants-15505-0,15505,2023-07-05,2023,World Health Organization,Responsible Life Sciences Research,900000.0,Biosecurity & Pandemic Preparedness,Grants,https://coefficientgiving.org/grants/world-health-organization-responsible-life-sciences-research/
grants-15648-0,15648,2023-07-07,2023,"University of California, San Francisco",Reproductive Medicine Research,200000.0,Science and Global Health R&D; Transformative Science,Grants,https://coefficientgiving.org/grants/university-of-california-san-francisco-foundation-reproductive-medicine-research-2023/
grants-16161-0,16161,2023-07-07,2023,Princeton University,Graduate Student Support,500000.0,Global Catastrophic Risks Opportunities,Grants,https://coefficientgiving.org/grants/princeton-university-graduate-student-support/
grants-15554-0,15554,2023-07-09,2023,FAR AI,General Support,460000.0,Navigating Transformative AI,Grants,https://coefficientgiving.org/grants/far-ai-general-support-2023/
grants-16693-0,16693,2023-07-10,2023,Effisciences,Existential Risk Programs,205000.0,Global Catastrophic Risks Opportunities,Grants,https://coefficientgiving.org/grants/effisciences-existential-risk-programs-2023/
grants-16818-0,16818,2023-07-11,2023,BlueDot Impact,General Support,1542364.0,Global Catastrophic Risks Opportunities,Grants,https://coefficientgiving.org/grants/bluedot-impact-general-support-july-2023/
grants-16550-0,16550,2023-07-13,2023,Eradivir,Influenza Antiviral Drug (Investment),1000000.0,Infectious Diseases; Science and Global Health R&D,Investments,https://coefficientgiving.org/grants/eradivir-influenza-antiviral-drug/
grants-15470-0,15470,2023-07-14,2023,Jonathan Birch and Lars Chittka,Animal Sentience Research,980926.0,Farm Animal Welfare,Grants,https://coefficientgiving.org/grants/queen-mary-university-of-london-animal-sentience-research/
grants-15641-0,15641,2023-07-14,2023,CDC Foundation,Malaria Control Research Project,900000.0,Human Health and Wellbeing; Infectious Diseases; Science and Global Health R&D; Transformative Science,Grants,https://coefficientgiving.org/grants/cdc-foundation-malaria-control-research-project-2023/
grants-15444-0,15444,2023-07-19,2023,Berkeley Existential Risk Initiative,Lab Retreat,35000.0,Navigating Transformative AI,Grants,https://coefficientgiving.org/grants/berkeley-existential-risk-initiative-lab-retreat/
grants-16703-0,16703,2023-07-19,2023,Open New York,General Support (Predates Fund),2000000.0,Abundance & Growth; Housing Policy Reform,Grants,https://coefficientgiving.org/grants/open-new-york-general-support-2023/
grants-15527-0,15527,2023-07-24,2023,Sightline Institute,Housing Reform in Washington and Oregon (Predates Fund),660000.0,Abundance & Growth; Housing Policy Reform,Grants,https://coefficientgiving.org/grants/sightline-institute-housing-reform-in-washington-and-oregon-2023/
grants-16113-0,16113,2023-07-25,2023,User-Friendly Marketing,Corporate Outreach Support,40000.0,Farm Animal Welfare,Grants,https://coefficientgiving.org/grants/user-friendly-marketing-corporate-outreach-support/
grants-16678-0,16678,2023-07-26,2023,European Consumer Organisation,EU Farm Animal Welfare Advocacy,215000.0,Farm Animal Welfare; Farm Animal Welfare in Europe,Grants,https://coefficientgiving.org/grants/the-european-consumer-organisation-eu-farm-animal-welfare-advocacy/
grants-18680-0,18680,2023-07-26,2023,Massachusetts Institute of Technology,AI Trends and Impacts Research (Neil Thompson),2911324.0,Navigating Transformative AI,Grants,https://coefficientgiving.org/grants/massachusetts-institute-of-technology-ai-trends-and-impacts-research-2023/
grants-15510-0,15510,2023-07-27,2023,Peterson Institute for International Economics,Indian Economic Policy Reform,500000.0,Global Growth,Grants,https://coefficientgiving.org/grants/peterson-institute-for-international-economics-indian-economic-policy-reform/
grants-16517-0,16517,2023-07-27,2023,University of Bonn,Influenza Drug Development,2200000.0,Human Health and Wellbeing; Infectious Diseases; Science and Global Health R&D,Grants,https://coefficientgiving.org/grants/university-of-bonn-influenza-drug-development/
grants-16630-0,16630,2023-07-28,2023,Animal Kingdom Foundation,Farm Animal Welfare in the Philippines,374800.0,Farm Animal Welfare,Grants,https://coefficientgiving.org/grants/animal-kingdom-foundation-farm-animal-welfare-in-the-philippines/
grants-15372-0,15372,2023-08-01,2023,University of Utah,Course on Human-AI Alignment (Daniel Brown),31773.0,Navigating Transformative AI,Grants,https://coefficientgiving.org/grants/university-of-utah-course-on-human-ai-alignment/
grants-15548-0,15548,2023-08-02,2023,AI Impacts,Expert Survey on Progress in AI,345000.0,Navigating Transformative AI,Grants,https://coefficientgiving.org/grants/ai-impacts-expert-survey-on-progress-in-ai/
grants-16576-0,16576,2023-08-08,2023,FAI Farms,Aquaculture Welfare Reforms,1919600.0,Farm Animal Welfare; Fish Welfare,Grants,https://coefficientgiving.org/grants/fai-farms-aquaculture-welfare-reforms/
grants-16641-0,16641,2023-08-08,2023,Asia for Animals Coalition,Farm Animal Welfare Movement Building in Asia,250000.0,Farm Animal Welfare; Farm Animal Welfare in Asia,Grants,https://coefficientgiving.org/grants/asia-for-animals-coalition-farm-animal-welfare-movement-building-in-asia/
grants-16670-0,16670,2023-08-08,2023,Compassion in World Farming,Farm Animal Welfare Advocacy,758953.0,Farm Animal Welfare; Farm Animal Welfare in Europe,Grants,https://coefficientgiving.org/grants/compassion-in-world-farming-eu-farm-animal-welfare-advocacy/
grants-16467-0,16467,2023-08-09,2023,University of Chicago,Air Quality Monitoring Research,73125.0,Air Quality,Grants,https://coefficientgiving.org/grants/the-university-of-chicago-air-quality-monitoring-research/
grants-16675-0,16675,2023-08-10,2023,European Environmental Bureau,EU Farm Animal Welfare Advocacy,321699.0,Farm Animal Welfare; Farm Animal Welfare in Europe,Grants,https://coefficientgiving.org/grants/european-environmental-bureau-eu-farm-animal-welfare-advocacy/
grants-15472-0,15472,2023-08-14,2023,Carly Moody,Rainbow Trout Enrichment Study,97457.0,Farm Animal Welfare; Fish Welfare,Grants,https://coefficientgiving.org/grants/uc-davis-rainbow-trout-enrichment-study/
grants-16057-0,16057,2023-08-16,2023,Blueprint Biosecurity,General Support,50000.0,Biosecurity & Pandemic Preparedness,Grants,https://coefficientgiving.org/grants/blueprint-biosecurity-general-support/
grants-16695-0,16695,2023-08-16,2023,AI Impacts,General Support,620000.0,Navigating Transformative AI,Grants,https://coefficientgiving.org/grants/ai-impacts-general-support-2023/
grants-16543-0,16543,2023-08-17,2023,University of Maryland,Research on Neural Network Generalization (Tom Goldstein),350000.0,Navigating Transformative AI,Grants,https://coefficientgiving.org/grants/university-of-maryland-research-on-neural-network-generalization/
grants-16611-0,16611,2023-08-17,2023,University of Washington,Tuberculosis Research,1425475.0,Infectious Diseases; Science and Global Health R&D,Grants,https://coefficientgiving.org/grants/university-of-washington-tuberculosis-research/
grants-16072-0,16072,2023-08-18,2023,Modulo Research,AI Safety Research,408255.0,Navigating Transformative AI,Grants,https://coefficientgiving.org/grants/modulo-research-ai-safety-research/
grants-16529-0,16529,2023-08-18,2023,Purdue University,Imatinib Trial for Drug-Resistant Malaria,780000.0,Human Health and Wellbeing; Infectious Diseases; Science and Global Health R&D,Grants,https://coefficientgiving.org/grants/purdue-university-imatinib-trial-for-drug-resistant-malaria-2023/
grants-16798-0,16798,2023-08-18,2023,Cambridge Boston Alignment Initiative,AI Research and Governance Workshop,38220.0,Navigating Transformative AI,Grants,https://coefficientgiving.org/grants/cambridge-boston-alignment-initiative-ai-research-and-governance-workshop/
grants-16608-0,16608,2023-08-21,2023,Animal Charity Evaluators,Impact Consultant ,20000.0,Farm Animal Welfare,Grants,https://coefficientgiving.org/grants/animal-charity-evaluators-impact-consultant/
grants-15966-0,15966,2023-08-22,2023,Legal Priorities Project,Law & AI Summer Research Fellowship,75000.0,Navigating Transformative AI,Grants,https://coefficientgiving.org/grants/legal-priorities-project-law-ai-summer-research-fellowship/
grants-16666-0,16666,2023-08-22,2023,Animal Alliance Asia,Farm Animal Welfare Movement Building,164000.0,Farm Animal Welfare; Farm Animal Welfare in Asia,Grants,https://coefficientgiving.org/grants/animal-alliance-asia-farm-animal-welfare-movement-building/
grants-16065-0,16065,2023-08-23,2023,L214,EU Farm Animal Welfare Legislation,256021.0,Farm Animal Welfare; Farm Animal Welfare in Europe,Grants,https://coefficientgiving.org/grants/l214-eu-farm-animal-welfare-legislation/
grants-16736-0,16736,2023-08-23,2023,Swiss AI Safety Summer Camp,AI Safety Bootcamp,51248.0,Navigating Transformative AI,Grants,https://coefficientgiving.org/grants/swiss-ai-safety-summer-camp-ai-safety-bootcamp/
grants-18710-0,18710,2023-08-23,2023,,AI Worldviews Contest Winners,225000.0,Navigating Transformative AI,,https://coefficientgiving.org/grants/ai-worldviews-contest-winners/
grants-18440-0,18440,2023-08-24,2023,Doneer Effectief,General Support,836000.0,Effective Giving & Careers,Grants,https://coefficientgiving.org/grants/doneer-effectief-general-support/
grants-16088-0,16088,2023-08-25,2023,Stockholm School of Economics,Global Health Diplomacy Project,100000.0,Global Aid Policy,Grants,https://coefficientgiving.org/grants/stockholm-school-of-economics-global-health-diplomacy-project/
grants-16341-0,16341,2023-08-30,2023,Partner Africa,Chicken Welfare in Kenya,100000.0,Broiler Chicken Welfare; Farm Animal Welfare,Grants,https://coefficientgiving.org/grants/partner-africa-chicken-welfare-in-kenya/
grants-16601-0,16601,2023-08-30,2023,Guide Labs,Open Access Interpretability Project,750000.0,Navigating Transformative AI,Grants,https://coefficientgiving.org/grants/guide-labs-open-access-interpretability-project/
grants-16620-0,16620,2023-08-30,2023,Animal Outlook,Investigations Training,50000.0,Farm Animal Welfare,Grants,https://coefficientgiving.org/grants/animal-outlook-investigations-training/
grants-16419-0,16419,2023-08-31,2023,SecureBio,Pathogen Early Warning Project,570000.0,Biosecurity & Pandemic Preparedness,Grants,https://coefficientgiving.org/grants/securebio-pathogen-early-warning-project/
grants-16448-0,16448,2023-08-31,2023,CSTEP,Centre for Air Pollution Studies Initiative,2673000.0,Air Quality,Grants,https://coefficientgiving.org/grants/center-for-study-of-science-technology-and-policy-centre-for-air-pollution-studies-initiative/
grants-16473-0,16473,2023-08-31,2023,Effective Ventures Foundation,AI Safety Communications Centre,288000.0,Navigating Transformative AI,Grants,https://coefficientgiving.org/grants/effective-ventures-foundation-ai-safety-communications-centre/
grants-16504-0,16504,2023-08-31,2023,Angela Aristizábal,ITAM AI Futures Fellowship,348320.0,Navigating Transformative AI,Grants,https://coefficientgiving.org/grants/angela-aristizabal-itam-ai-futures-fellowship/
grants-16711-0,16711,2023-08-31,2023,Effective Altruism Canada,Toronto Coworking Space ,135378.0,Global Catastrophic Risks Opportunities,Grants,https://coefficientgiving.org/grants/effective-altruism-canada-toronto-coworking-space/
grants-16117-0,16117,2023-09-01,2023,International Vaccine Institute,Hepatitis E and Leptospirosis Study,742176.0,Human Health and Wellbeing; Infectious Diseases; Science and Global Health R&D,Grants,https://coefficientgiving.org/grants/international-vaccine-institute-hepatitis-e-and-leptospirosis-study/
grants-16605-0,16605,2023-09-01,2023,Berkeley Existential Risk Initiative,Scalable Oversight Dataset,70000.0,Navigating Transformative AI,Grants,https://coefficientgiving.org/grants/berkeley-existential-risk-initiative-scalable-oversight-dataset/
grants-16644-0,16644,2023-09-06,2023,University of Pennsylvania,AI Governance Roundtables (Peter Conti-Brown),110000.0,Navigating Transformative AI,Grants,https://coefficientgiving.org/grants/university-of-pennsylvania-ai-governance-roundtables/
grants-18365-0,18365,2023-09-06,2023,Rethink Priorities,Strategy Workshop,35000.0,Effective Giving & Careers,Grants,https://coefficientgiving.org/grants/rethink-priorities-strategy-workshop/
grants-16063-0,16063,2023-09-07,2023,Health Effects Institute,Air Quality Assessment for Indian Cities,296705.0,Air Quality,Grants,https://coefficientgiving.org/grants/health-effects-institute-air-quality-assessment-for-indian-cities/
grants-16459-0,16459,2023-09-07,2023,People for Animals Uttarakhand,Farm Animal Welfare Fellowship,159800.0,Farm Animal Welfare; Farm Animal Welfare in Asia,Grants,https://coefficientgiving.org/grants/people-for-animals-uttarakhand-farm-animal-welfare-fellowship-2023/
grants-16060-0,16060,2023-09-08,2023,Commonwealth Veterinary Association,Animal Welfare Projects,55000.0,Farm Animal Welfare,Grants,https://coefficientgiving.org/grants/commonwealth-veterinary-association-animal-welfare-projects/
grants-16541-0,16541,2023-09-08,2023,The Good Food Institute,General Support,5300000.0,Alternatives to Animal Products; Farm Animal Welfare,Grants,https://coefficientgiving.org/grants/the-good-food-institute-general-support-2023/
grants-16569-0,16569,2023-09-08,2023,Humane Society International,Farm Animal Welfare in Southeast Asia,887300.0,Farm Animal Welfare; Farm Animal Welfare in Asia,Grants,https://coefficientgiving.org/grants/humane-society-international-farm-animal-welfare-in-southeast-asia/
grants-16051-0,16051,2023-09-11,2023,Stanford University,Immunization Research,500000.0,Human Health and Wellbeing; Infectious Diseases; Science and Global Health R&D,Grants,https://coefficientgiving.org/grants/stanford-university-immunization-research-2023/
grants-16462-0,16462,2023-09-11,2023,Global Food Partners,Cage-free Implementation in Asia,4000000.0,Farm Animal Welfare; Farm Animal Welfare in Asia,Grants,https://coefficientgiving.org/grants/global-food-partners-cage-free-implementation-in-asia-2023/
grants-16520-0,16520,2023-09-11,2023,Obafemi Awolowo University,Atorvastatin Combination Trial for Tuberculosis,318450.0,Infectious Diseases; Science and Global Health R&D,Grants,https://coefficientgiving.org/grants/obafemi-awolowo-university-atorvastatin-combination-trial-for-tuberculosis/
grants-16422-0,16422,2023-09-12,2023,Forecasting Research Institute,Existential Risk Persuasion Tournament,75000.0,Forecasting,Grants,https://coefficientgiving.org/grants/forecasting-research-institute-existential-risk-persuasion-tournament/
grants-16511-0,16511,2023-09-12,2023,Cambridge Boston Alignment Initiative,HAIST Office Space,151678.0,Navigating Transformative AI,Grants,https://coefficientgiving.org/grants/cambridge-boston-alignment-initiative-haist-office-space/
grants-16077-0,16077,2023-09-13,2023,Surge AI,Data Production for AI Safety Research (Contract),126250.0,Navigating Transformative AI,Grants,https://coefficientgiving.org/grants/surge-ai-data-production-for-ai-safety-research/
grants-16469-0,16469,2023-09-14,2023,Animal & Vegan Advocacy Summit,Conference Support,169200.0,Farm Animal Welfare; Farm Animal Welfare in Asia,Grants,https://coefficientgiving.org/grants/animal-vegan-advocacy-summit-conference-support/
grants-18654-0,18654,2023-09-18,2023,Michael Specter,Existential Risk Courses at MIT,60000.0,Global Catastrophic Risks Opportunities,Grants,https://coefficientgiving.org/grants/michael-specter-existential-risk-courses-at-mit-2023/
grants-16853-0,16853,2023-09-19,2023,Exscientia,Agonists for Interferon Lambda,2300000.0,Infectious Diseases; Science and Global Health R&D,Grants,https://coefficientgiving.org/grants/exscientia-agonists-for-interferon-lambda/
grants-16416-0,16416,2023-09-21,2023,Civita,Aid Policy Program,155043.0,Global Aid Policy,Grants,https://coefficientgiving.org/grants/civita-aid-policy-program/
grants-16494-0,16494,2023-09-21,2023,Heather Browning,Farm Animal Welfare Research,47517.0,Farm Animal Welfare,Grants,https://coefficientgiving.org/grants/the-university-of-southampton-farm-animal-welfare-research/
grants-18845-0,18845,2023-09-21,2023,Matthew Kenney,Language Model Capabilities Benchmarking,397350.0,Navigating Transformative AI,Grants,https://coefficientgiving.org/grants/matthew-kenney-language-model-capabilities-benchmarking/
grants-16108-0,16108,2023-09-25,2023,OpenMined,Software for AI Audits,6000000.0,Navigating Transformative AI,Grants,https://coefficientgiving.org/grants/openmined-software-for-ai-audits/
grants-16490-0,16490,2023-09-25,2023,FAR AI,Alignment Workshop,166500.0,Navigating Transformative AI,Grants,https://coefficientgiving.org/grants/far-ai-alignment-workshop/
grants-16424-0,16424,2023-09-26,2023,Training for Good,Operating Costs and Tarbell Fellowship,999000.0,Navigating Transformative AI,Grants,https://coefficientgiving.org/grants/training-for-good-operating-costs-and-tarbell-fellowship/
grants-16572-0,16572,2023-09-27,2023,AURA,YIMBYTown 2024 Conference (Predates Fund),75000.0,Abundance & Growth; Housing Policy Reform,Grants,https://coefficientgiving.org/grants/aura-yimbytown-2024/
grants-16591-0,16591,2023-09-27,2023,Magnify Mentoring,General Support,320000.0,Effective Giving & Careers,Grants,https://coefficientgiving.org/grants/magnify-mentoring-general-support/
grants-16527-0,16527,2023-09-28,2023,Northeastern University,Mechanistic Interpretability Research (David Bau),116072.0,Navigating Transformative AI,Grants,https://coefficientgiving.org/grants/northeastern-university-mechanistic-interpretability-research/
grants-16523-0,16523,2023-09-29,2023,Dalberg Media,Aid Advocacy Coalition in Denmark (Contract),158000.0,Global Aid Policy,Grants,https://coefficientgiving.org/grants/dalberg-media-aid-advocacy-coalition-in-denmark/
grants-16354-0,16354,2023-10-02,2023,The Humane League,General Support,8300000.0,Broiler Chicken Welfare; Cage-Free Reforms; Farm Animal Welfare,Grants,https://coefficientgiving.org/grants/the-humane-league-general-support-2023/
grants-16535-0,16535,2023-10-02,2023,RAND Corporation,Emerging Technology Initiatives,10500000.0,Navigating Transformative AI,Grants,https://coefficientgiving.org/grants/rand-corporation-emerging-technology-initiatives/
grants-18458-0,18458,2023-10-02,2023,Fund for the Global Fund,Malaria Advocacy in France,156600.0,Global Aid Policy,Grants,https://coefficientgiving.org/grants/fund-for-the-global-fund-malaria-advocacy-in-france/
grants-23700-0,23700,2023-10-04,2023,Center for AI Safety,General Support (Exit Grant),1866559.0,Navigating Transformative AI,Grants,https://coefficientgiving.org/grants/center-for-ai-safety-exit-grant-october-2023/
grants-17022-0,17022,2023-10-06,2023,Stockholm Environment Institute,Farm Animal Welfare Sustainability Reports,120000.0,Farm Animal Welfare,Grants,https://coefficientgiving.org/grants/stockholm-environment-institute-farm-animal-welfare-sustainability-reports/
grants-17025-0,17025,2023-10-09,2023,International Union Against Tuberculosis and Lung Disease,Conference Scholarships,50000.0,Infectious Diseases; Science and Global Health R&D,Grants,https://coefficientgiving.org/grants/the-international-union-against-tuberculosis-and-lung-disease-conference-scholarships/
grants-17136-0,17136,2023-10-10,2023,International Vaccine Institute,Hepatitis E Vaccine Trial,6000000.0,Infectious Diseases; Science and Global Health R&D,Grants,https://coefficientgiving.org/grants/international-vaccine-institute-hepatitis-e-vaccine-trial-2023/
grants-21640-0,21640,2023-10-10,2023,"80,000 Hours",General Support,4250000.0,Global Catastrophic Risks Opportunities,Grants,https://coefficientgiving.org/grants/80000-hours-general-support-october-2023/
grants-16803-0,16803,2023-10-12,2023,1Day Sooner,General Support,1000000.0,Global Health & Wellbeing Opportunities,Grants,https://coefficientgiving.org/grants/1day-sooner-general-support-2023/
grants-17101-0,17101,2023-10-12,2023,University of Helsinki,Travel Funding for Air Pollution Research,109000.0,Air Quality,Grants,https://coefficientgiving.org/grants/university-of-helsinki-travel-funding-for-air-pollution-research-2023/
grants-18103-0,18103,2023-10-12,2023,Clinton Health Access Initiative,Scoping Grant for Sickle Cell Disease Market Shaping,204332.0,Policy and Practice; Science and Global Health R&D,Grants,https://coefficientgiving.org/grants/clinton-health-access-initiative-scoping-grant-for-sickle-cell-disease-market-shaping/
grants-18267-0,18267,2023-10-12,2023,Fund for Global Talent Mobility,High-Skilled Immigration Grants (Predates Fund),900000.0,Abundance & Growth; Innovation Policy,Grants,https://coefficientgiving.org/grants/fund-for-global-talent-mobility-high-skilled-immigration-grants/
grants-16764-0,16764,2023-10-13,2023,Walter Veit,Farm Animal Welfare Research,26983.0,Farm Animal Welfare,Grants,https://coefficientgiving.org/grants/the-university-of-reading-farm-animal-welfare-research/
grants-16849-0,16849,2023-10-13,2023,Australian Alliance for Animals,Farm Animal Welfare Advocacy,150000.0,Farm Animal Welfare,Grants,https://coefficientgiving.org/grants/australian-alliance-for-animals-farm-animal-welfare-advocacy/
grants-16791-0,16791,2023-10-16,2023,Berkeley Existential Risk Initiative,University Collaboration Program,70000.0,Navigating Transformative AI,Grants,https://coefficientgiving.org/grants/berkeley-existential-risk-initiative-university-collaboration-program/
grants-16769-0,16769,2023-10-17,2023,University of Southern California,Linezolid Trial for Syphilis,160000.0,Human Health and Wellbeing; Infectious Diseases; Maternal and Newborn Health; Science and Global Health R&D,Grants,https://coefficientgiving.org/grants/university-of-southern-california-linezolid-trial-for-syphilis/
grants-16839-0,16839,2023-10-19,2023,Convergent Research,Biosecurity Projects ,400000.0,Biosecurity & Pandemic Preparedness,Grants,https://coefficientgiving.org/grants/convergent-research-biosecurity-projects/
grants-17072-0,17072,2023-10-19,2023,Princeton University,Research on Hepatitis B Variant,330000.0,Human Health and Wellbeing; Infectious Diseases; Science and Global Health R&D,Grants,https://coefficientgiving.org/grants/princeton-university-research-on-hepatitis-b-variant/
grants-17074-0,17074,2023-10-19,2023,Princeton University,Transgenic Mice for Hepatitis B Research,220000.0,Human Health and Wellbeing; Infectious Diseases; Science and Global Health R&D; Transformative Science,Grants,https://coefficientgiving.org/grants/princeton-university-transgenic-mice-for-hepatitis-b-research/
grants-18355-0,18355,2023-10-19,2023,IISER Mohali,North India Pollution Research,103765.0,Air Quality,Grants,https://coefficientgiving.org/grants/iiser-mohali-north-india-pollution-research/
grants-18473-0,18473,2023-10-19,2023,Molecular Approaches to Malaria Conference,General Conference Support and Travel Grants,60000.0,Infectious Diseases; Science and Global Health R&D,Grants,https://coefficientgiving.org/grants/molecular-approaches-to-malaria-conference-general-conference-support-and-travel-grants/
grants-17039-0,17039,2023-10-20,2023,Global Rice Research Foundation,Food Security Fellowships,24750.0,Science and Global Health R&D,Grants,https://coefficientgiving.org/grants/global-rice-research-foundation-food-security-fellowships/
grants-18651-0,18651,2023-10-20,2023,Global Priorities Institute,General Support,3078461.0,Global Catastrophic Risks Opportunities,Grants,https://coefficientgiving.org/grants/global-priorities-institute-general-support-october-2023/
grants-24956-0,24956,2023-10-23,2023,Lightcone Infrastructure,General Support,2960000.0,Global Catastrophic Risks Opportunities,Grants,https://coefficientgiving.org/grants/lightcone-infrastructure-general-support-2023/
grants-17064-0,17064,2023-10-24,2023,Should We Studio,Video Production,245000.0,Global Catastrophic Risks Opportunities,Grants,https://coefficientgiving.org/grants/should-we-studio-video-production-2023/
grants-17794-0,17794,2023-10-25,2023,Greater Greater Washington,Housing and Land Use Reform (Predates Fund),405700.0,Abundance & Growth; Housing Policy Reform,Grants,https://coefficientgiving.org/grants/greater-greater-washington-housing-and-land-use-reform-2023/
grants-18465-0,18465,2023-10-25,2023,Centre for Effective Altruism,Groups Team Support (EVF USA),276127.0,Global Catastrophic Risks Opportunities,Grants,https://coefficientgiving.org/grants/centre-for-effective-altruism-groups-team-support-usa/
grants-18540-0,18540,2023-10-25,2023,Anima International,General Support,13272625.0,Farm Animal Welfare,Grants,https://coefficientgiving.org/grants/anima-international-general-support/
grants-19087-0,19087,2023-10-25,2023,Evidence Action,Scale-Up of In-Line Chlorination in India,4190007.0,GiveWell-Recommended Charities; Global Health & Development; Global Health & Wellbeing Opportunities,Grants,https://coefficientgiving.org/grants/evidence-action-scale-up-of-in-line-chlorination-in-india-october-2023/
grants-15947-0,15947,2023-10-26,2023,University of Amsterdam,HCV Vaccine Research,3464862.0,Human Health and Wellbeing; Infectious Diseases; Science and Global Health R&D,Grants,https://coefficientgiving.org/grants/university-of-amsterdam-hcv-vaccine-research/
grants-15949-0,15949,2023-10-26,2023,University of Washington,HCV Vaccine Research,355608.0,Human Health and Wellbeing; Infectious Diseases; Science and Global Health R&D,Grants,https://coefficientgiving.org/grants/university-of-washington-hcv-vaccine-research/
grants-18476-0,18476,2023-10-27,2023,"University of California, Berkeley",AI Alignment Workshop,26000.0,Navigating Transformative AI,Grants,https://coefficientgiving.org/grants/university-of-california-berkeley-ai-alignment-workshop/
grants-18848-0,18848,2023-10-27,2023,"80,000 Hours",Marketing,2400000.0,Global Catastrophic Risks Opportunities,Grants,https://coefficientgiving.org/grants/80000-hours-marketing-october-2023/
grants-18414-0,18414,2023-10-28,2023,The Energy for Growth Hub,General Support,500000.0,Global Growth,Grants,https://coefficientgiving.org/grants/energy-for-growth-hub-general-support/
grants-18460-0,18460,2023-10-29,2023,Kyoto University,Reproductive Biology Research,4000000.0,Human Health and Wellbeing; Science and Global Health R&D; Transformative Science,Grants,https://coefficientgiving.org/grants/kyoto-university-reproductive-biology-research/
grants-18208-0,18208,2023-10-30,2023,Eurogroup for Animals,Fish Welfare,1736622.0,Farm Animal Welfare; Fish Welfare,Grants,https://coefficientgiving.org/grants/eurogroup-for-animals-fish-welfare-2024/
grants-18443-0,18443,2023-10-30,2023,Non-Trivial,Fellowship Program,1264691.0,Global Catastrophic Risks Opportunities,Grants,https://coefficientgiving.org/grants/non-trivial-fellowship-program-october-2023/
grants-18463-0,18463,2023-10-30,2023,Centre for Effective Altruism,Groups Team Support (EVF),710042.0,Global Catastrophic Risks Opportunities,Grants,https://coefficientgiving.org/grants/centre-for-effective-altruism-groups-team-support-uk/
grants-19858-0,19858,2023-10-30,2023,Effective Ventures Foundation,Office Space,320000.0,Global Catastrophic Risks Opportunities,Grants,https://coefficientgiving.org/grants/effective-ventures-foundation-office-space-2023/
grants-18427-0,18427,2023-11-02,2023,California Housing and Defense Fund,General Support (Predates Fund),440000.0,Abundance & Growth; Housing Policy Reform,Grants,https://coefficientgiving.org/grants/calhdf-general-support-2023/
grants-18495-0,18495,2023-11-02,2023,London Initiative for Safe AI,General Support,237000.0,Navigating Transformative AI,Grants,https://coefficientgiving.org/grants/london-initiative-for-safe-ai-lisa-general-support/
grants-18492-0,18492,2023-11-03,2023,Center for Global Development,General Support,1000000.0,Global Aid Policy,Grants,https://coefficientgiving.org/grants/center-for-global-development-general-support-2023/
grants-18410-0,18410,2023-11-06,2023,AI Safety Support,MATS Program,732631.0,Navigating Transformative AI,Grants,https://coefficientgiving.org/grants/ai-safety-support-mats-program-november-2023/
grants-18424-0,18424,2023-11-06,2023,Berkeley Existential Risk Initiative,MATS,2641368.0,Navigating Transformative AI,Grants,https://coefficientgiving.org/grants/berkeley-existential-risk-initiative-mats-november-2023/
grants-18688-0,18688,2023-11-06,2023,Rutgers University,Ethical Protections for Potential Tuberculosis Vaccine Trial,150416.0,Human Health and Wellbeing; Infectious Diseases; Policy and Practice; Science and Global Health R&D,Grants,https://coefficientgiving.org/grants/rutgers-university-ethical-protections-for-potential-tuberculosis-vaccine-trial/
grants-18420-0,18420,2023-11-09,2023,Alignment Research Engineer Accelerator,AI Safety Technical Program,98186.0,Navigating Transformative AI,Grants,https://coefficientgiving.org/grants/alignment-research-engineer-accelerator-ai-safety-technical-program-2023/
grants-18422-0,18422,2023-11-09,2023,Clinton Health Access Initiative,Tuberculosis Drug Price Reduction,600000.0,Science and Global Health R&D,Grants,https://coefficientgiving.org/grants/clinton-health-access-initiative-tuberculosis-drug-price-reduction/
grants-19040-0,19040,2023-11-09,2023,Stanford University,Humane & Sustainable Food Lab,200000.0,Farm Animal Welfare,Grants,https://coefficientgiving.org/grants/stanford-university-meat-purchasing-behavioral-studies/
grants-19082-0,19082,2023-11-14,2023,Stanford Existential Risks Initiative,General Support,630000.0,Global Catastrophic Risks Opportunities,Grants,https://coefficientgiving.org/grants/stanford-existential-risks-initiative-general-support/
grants-25750-0,25750,2023-11-14,2023,4J Therapeutics,Development of Locked Nucleic Acid Technology (Investment),2499993.0,Science and Global Health R&D; Transformative Science,Investments,https://coefficientgiving.org/grants/4j-therapeutics-locked-nucleic-acid-technology/
grants-16130-0,16130,2023-11-15,2023,Eleuther AI,Interpretability Research,2642273.0,Navigating Transformative AI,Grants,https://coefficientgiving.org/grants/eleuther-ai-interpretability-research/
grants-18725-0,18725,2023-11-15,2023,Fiocruz,Ethical Protections for Potential Tuberculosis Vaccine Trial,165770.0,Human Health and Wellbeing; Infectious Diseases; Policy and Practice; Science and Global Health R&D,Grants,https://coefficientgiving.org/grants/fiocruz-ethical-protections-for-potential-tuberculosis-vaccine-trial/
grants-18479-0,18479,2023-11-19,2023,Stanford University,AI Economic Impacts Workshop,120000.0,Navigating Transformative AI,Grants,https://coefficientgiving.org/grants/stanford-university-ai-economic-impacts-workshop/
grants-17806-0,17806,2023-11-20,2023,Shrimp Welfare Project,General Support,2000000.0,Farm Animal Welfare,Grants,https://coefficientgiving.org/grants/shrimp-welfare-project-general-support-2023/
grants-18622-0,18622,2023-11-20,2023,Cambridge Boston Alignment Initiative,Harvard AI Safety Team,550000.0,Navigating Transformative AI,Grants,https://coefficientgiving.org/grants/cambridge-boston-alignment-initiative-harvard-ai-safety-team/
grants-18347-0,18347,2023-11-22,2023,Arcadia Impact,University Group Support,405254.0,Global Catastrophic Risks Opportunities,Grants,https://coefficientgiving.org/grants/arcadia-impact-university-group-support/
grants-25229-0,25229,2023-11-22,2023,Effective Ventures Foundation,Effective Giving Summit,56608.0,Effective Giving & Careers,Grants,https://coefficientgiving.org/grants/effective-ventures-foundation-effective-giving-summit-november-2023/
grants-18489-0,18489,2023-11-23,2023,Rethink Priorities,General and Research Support,670000.0,Global Health & Wellbeing Opportunities,Grants,https://coefficientgiving.org/grants/rethink-priorities-general-and-research-support-2023/
grants-18431-0,18431,2023-11-28,2023,University of Queensland,Strep A Vaccine Research,1969857.0,Science and Global Health R&D,Grants,https://coefficientgiving.org/grants/the-university-of-queensland-strepa-vaccine-research/
grants-18628-0,18628,2023-11-28,2023,Dandelion Labs,Machine Learning and AI Safety Bootcamps,104803.0,Navigating Transformative AI,Grants,https://coefficientgiving.org/grants/dandelion-labs-machine-learning-and-ai-safety-bootcamps/
grants-18353-0,18353,2023-11-29,2023,ETH Zurich Fondation (USA),Machine Learning Research Support,25000.0,Navigating Transformative AI,Grants,https://coefficientgiving.org/grants/eth-zurich-foundation-usa-machine-learning-research-support/
grants-17696-0,17696,2023-11-30,2023,University of Oxford,Monoclonal Antibody Development for Malaria,300000.0,Infectious Diseases; Science and Global Health R&D,Grants,https://coefficientgiving.org/grants/university-of-oxford-monoclonal-antibody-development-for-malaria/
grants-17804-0,17804,2023-11-30,2023,Farmed Animal Funders,Fundraising Efforts,100000.0,Farm Animal Welfare,Grants,https://coefficientgiving.org/grants/farmed-animal-funders-fundraising-efforts/
grants-18399-0,18399,2023-11-30,2023,Forecasting Research Institute,Analysis of Historical Forecasts,60000.0,Forecasting,Grants,https://coefficientgiving.org/grants/forecasting-research-institute-analysis-of-historical-forecasts/
grants-18562-0,18562,2023-11-30,2023,Speculative Technologies,Research Program Training (Predates Fund),250000.0,Abundance & Growth; Innovation Policy,Grants,https://coefficientgiving.org/grants/speculative-technologies-research-program-training/
grants-19031-0,19031,2023-11-30,2023,Effective Ventures Foundation,General Support for the Centre for Effective Altruism,3342238.0,Global Catastrophic Risks Opportunities,Grants,https://coefficientgiving.org/grants/centre-for-effective-altruism-general-support-evf/
grants-19036-0,19036,2023-11-30,2023,Effective Ventures Foundation USA,General Support for the Centre for Effective Altruism,3543240.0,Global Catastrophic Risks Opportunities,Grants,https://coefficientgiving.org/grants/centre-for-effective-altruism-general-support-evf-usa/
grants-18839-0,18839,2023-12-04,2023,Washington University in St. Louis,Gut Microbiome Repair Research,2693834.0,Science and Global Health R&D; Transformative Science,Grants,https://coefficientgiving.org/grants/washington-university-in-st-louis-gut-microbiome-repair-research/
grants-18369-0,18369,2023-12-05,2023,Effective Altruism Funds,Regranting and Operations Support,5026513.0,Global Catastrophic Risks Opportunities,Grants,https://coefficientgiving.org/grants/effective-altruism-funds-regranting-and-operations-support-december-2023/
grants-20395-0,20395,2023-12-05,2023,University of Pennsylvania,Human Germ Cell Research,2585990.0,Human Health and Wellbeing; Science and Global Health R&D; Transformative Science,Grants,https://coefficientgiving.org/grants/university-of-pennsylvania-human-germ-cell-research-2023/
grants-23999-0,23999,2023-12-05,2023,Hemex Health,Diagnostic Products (Investment),2349999.0,Human Health and Wellbeing; Policy and Practice; Science and Global Health R&D,Investments,https://coefficientgiving.org/grants/hemex-health-diagnostic-products/
grants-18639-0,18639,2023-12-06,2023,University of Glasgow,Malaria Resistance Research,2307510.0,Infectious Diseases; Science and Global Health R&D; Transformative Science,Grants,https://coefficientgiving.org/grants/the-university-of-glasgow-malaria-resistance-research/
grants-17782-0,17782,2023-12-08,2023,GiveWell,General Support,1733862.0,GiveWell-Recommended Charities; Global Health & Wellbeing Opportunities,Grants,https://coefficientgiving.org/grants/givewell-general-support-2023/
grants-18429-0,18429,2023-12-08,2023,P150,General Support,350000.0,Global Health & Wellbeing Opportunities,Grants,https://coefficientgiving.org/grants/p150-general-support-2024/
grants-17777-0,17777,2023-12-15,2023,Korean Advocates for Global Health,Aid Policy Advocacy,540790.0,Global Aid Policy,Grants,https://coefficientgiving.org/grants/korean-advocates-for-global-health-aid-policy-advocacy/
grants-17799-0,17799,2023-12-15,2023,Maria Camila Ceballos Betancourt,Pork Immunocastration Research,107074.0,Farm Animal Welfare,Grants,https://coefficientgiving.org/grants/the-governors-of-the-university-of-calgary-pork-immunocastration-research/
grants-18386-0,18386,2023-12-15,2023,Cambridge Boston Alignment Initiative,General Support for MIT AI Alignment,612470.0,Navigating Transformative AI,Grants,https://coefficientgiving.org/grants/cambridge-boston-alignment-initiative-general-support-for-mit-ai-alignment/
grants-18615-0,18615,2023-12-15,2023,Longview Philanthropy,General Support,4020258.0,Global Catastrophic Risks Opportunities,Grants,https://coefficientgiving.org/grants/longview-philanthropy-general-support/
grants-18630-0,18630,2023-12-15,2023,International Centre of Insect Physiology and Ecology,Malaria Resistance Research,3012207.0,Human Health and Wellbeing; Infectious Diseases; Science and Global Health R&D; Transformative Science,Grants,https://coefficientgiving.org/grants/international-centre-of-insect-physiology-and-ecology-malaria-resistance-research/
grants-18364-0,18364,2023-12-18,2023,Diakonia,Aid Advocacy,724952.0,Global Aid Policy,Grants,https://coefficientgiving.org/grants/diakonia-aid-advocacy/
grants-18517-0,18517,2023-12-18,2023,Animal Welfare Corporate Partners,Cage-Free Implementation in Japan,558890.0,Cage-Free Reforms; Farm Animal Welfare,Grants,https://coefficientgiving.org/grants/animal-welfare-corporate-partners-cage-free-implementation-in-japan/
grants-18625-0,18625,2023-12-18,2023,Cambridge Existential Risk Initiative,Student Group Expenses,50006.0,Global Catastrophic Risks Opportunities,Grants,https://coefficientgiving.org/grants/cambridge-existential-risk-initiative-student-group-expenses/
grants-19965-0,19965,2023-12-19,2023,Safe AI Forum,Operating Expenses,1267513.0,Navigating Transformative AI,Grants,https://coefficientgiving.org/grants/safe-ai-forum-operating-expenses/
grants-17797-0,17797,2023-12-20,2023,Aquatic Life Institute,General Support,550000.0,Farm Animal Welfare; Fish Welfare,Grants,https://coefficientgiving.org/grants/aquatic-life-institute-general-support-2023/
grants-17801-0,17801,2023-12-20,2023,Vereniging Green Protein Alliance,Plant Protein Advocacy,299532.0,Farm Animal Welfare,Grants,https://coefficientgiving.org/grants/vereniging-green-protein-alliance-plant-protein-advocacy/
grants-18368-0,18368,2023-12-21,2023,Cambridge Boston Alignment Initiative,AI Research and Governance Workshop,66950.0,Navigating Transformative AI,Grants,https://coefficientgiving.org/grants/cambridge-boston-alignment-initiative-ai-research-and-governance-workshop-2023/
grants-19240-0,19240,2024-01-02,2024,Albin Gräns,Humane Fish Slaughter Research,53700.0,Farm Animal Welfare; Fish Welfare,Grants,https://coefficientgiving.org/grants/swedish-university-of-agricultural-sciences-humane-fish-slaughter-research/
grants-19319-0,19319,2024-01-02,2024,University of Illinois Urbana-Champaign,LLM Hacking Benchmarks (Daniel Kang),800000.0,Navigating Transformative AI,Grants,https://coefficientgiving.org/grants/university-of-illinois-foundation-llm-hacking-benchmarks/
grants-19248-0,19248,2024-01-03,2024,AI Safety Support,Astra Fellowship,617000.0,Navigating Transformative AI,Grants,https://coefficientgiving.org/grants/ai-safety-support-astra-fellowship/
grants-19328-0,19328,2024-01-03,2024,Global Bar Magazine,Global Health Content,100000.0,Global Aid Policy,Grants,https://coefficientgiving.org/grants/global-bar-magazine-global-health-content/
grants-20278-0,20278,2024-01-03,2024,Kyle House Group,Aid Policy Strategy (Contract),982500.0,Global Aid Policy,Grants,https://coefficientgiving.org/grants/kyle-house-group-aid-policy-strategy-2024/
grants-22021-0,22021,2024-01-03,2024,Overseas Development Institute,Sri Lanka Economic Growth Reforms,834083.0,Global Growth,Grants,https://coefficientgiving.org/grants/overseas-development-institute-sri-lanka-economic-growth-reforms/
grants-19470-0,19470,2024-01-04,2024,Harvard University,Fluorescent Imaging for In Vivo Monitoring,974132.0,Science and Global Health R&D; Scientific Innovation: Tools and Techniques; Transformative Science,Grants,https://coefficientgiving.org/grants/harvard-university-fluorescent-imaging-for-in-vivo-monitoring/
grants-18721-0,18721,2024-01-05,2024,Plant Based Foods Association,Advocacy and Corporate Engagement,2500000.0,Alternatives to Animal Products; Farm Animal Welfare,Grants,https://coefficientgiving.org/grants/plant-based-foods-association-advocacy-and-corporate-engagement/
grants-18760-0,18760,2024-01-05,2024,Plant Based Foods Institute,International Regranting Against Labeling Laws,257000.0,Alternatives to Animal Products; Farm Animal Welfare,Grants,https://coefficientgiving.org/grants/plant-based-foods-institute-international-regranting-against-labeling-laws-2024/
grants-18807-0,18807,2024-01-05,2024,Yale University,Purchase of TEER Instrument,151325.0,Noninfectious Diseases; Science and Global Health R&D; Transformative Science,Grants,https://coefficientgiving.org/grants/yale-university-purchase-of-teer-instrument/
grants-19230-0,19230,2024-01-09,2024,Condor Camp,Summer Program for Brazilian Students,652465.0,Global Catastrophic Risks Opportunities,Grants,https://coefficientgiving.org/grants/condor-camp-summer-program-for-brazilian-students-2024/
grants-18607-0,18607,2024-01-10,2024,Development Learning Lab,"Knowledge Reviews, Policy Reports, and Knowledge Services",300000.0,Global Aid Policy,Grants,https://coefficientgiving.org/grants/development-learning-lab-knowledge-reviews-policy-reports-and-knowledge-services/
grants-19245-0,19245,2024-01-10,2024,Scarlet Spark,Management and Leadership Training,450750.0,Farm Animal Welfare,Grants,https://coefficientgiving.org/grants/scarlet-spark-management-and-leadership-training/
grants-19335-0,19335,2024-01-10,2024,Institute for AI Policy and Strategy,General Support,3011895.0,Navigating Transformative AI,Grants,https://coefficientgiving.org/grants/institute-for-ai-policy-strategy-general-support/
grants-18735-0,18735,2024-01-11,2024,Dansk Vegetarisk Forening,Plant Protein Advocacy,325800.0,Alternatives to Animal Products; Farm Animal Welfare,Grants,https://coefficientgiving.org/grants/dansk-vegetarisk-forening-plant-protein-advocacy/
grants-18758-0,18758,2024-01-11,2024,Nice Light,AI Documentary ,127070.0,Navigating Transformative AI,Grants,https://coefficientgiving.org/grants/nice-light-ai-documentary/
grants-19945-0,19945,2024-01-11,2024,Hive,General Support,100000.0,Farm Animal Welfare,Grants,https://coefficientgiving.org/grants/hive-general-support-2023/
grants-19392-0,19392,2024-01-12,2024,Berkeley Existential Risk Initiative,CHAI Internships,1050000.0,Navigating Transformative AI,Grants,https://coefficientgiving.org/grants/berkeley-existential-risk-initiative-chai-internships/
grants-18855-0,18855,2024-01-16,2024,FAR AI,AI Alignment Research Projects,645750.0,Navigating Transformative AI,Grants,https://coefficientgiving.org/grants/far-ai-ai-alignment-research-projects/
grants-18672-0,18672,2024-01-17,2024,Cordaid,Dutch Aid Advocacy,54495.0,Global Aid Policy,Grants,https://coefficientgiving.org/grants/cordaid-dutch-aid-advocacy/
grants-18659-0,18659,2024-01-18,2024,Harvard University,"AI Interpretability, Controllability, and Safety Research (Martin Wattenberg, Fernanda Viégas)",1000000.0,Navigating Transformative AI,Grants,https://coefficientgiving.org/grants/harvard-university-ai-interpretability-controllability-and-safety-research/
grants-18704-0,18704,2024-01-22,2024,Osaka University,Reproductive Biology Research ,2500000.0,Human Health and Wellbeing; Science and Global Health R&D; Transformative Science,Grants,https://coefficientgiving.org/grants/osaka-university-reproductive-biology-research/
grants-19097-0,19097,2024-01-22,2024,Dartmouth,Workshop Travel Expenses (Predates Fund),11000.0,Abundance & Growth; Innovation Policy,Grants,https://coefficientgiving.org/grants/dartmouth-workshop-travel-expenses/
grants-19251-0,19251,2024-01-22,2024,Charity Entrepreneurship,Work Stipends for Incubated Charities,130200.0,Effective Giving & Careers,Grants,https://coefficientgiving.org/grants/charity-entrepreneurship-work-stipends-for-incubated-charities/
grants-19331-0,19331,2024-01-22,2024,Rethink Priorities,Farm Animal Welfare Research Support,3253550.0,Farm Animal Welfare,Grants,https://coefficientgiving.org/grants/rethink-priorities-farm-animal-welfare-research-support-2023/
grants-19370-0,19370,2024-01-22,2024,Swiss Tropical and Public Health Institute,Emodepside Phase III Trial,5111687.0,Infectious Diseases; Science and Global Health R&D,Grants,https://coefficientgiving.org/grants/swiss-tropical-and-public-health-institute-emodepside-phase-iii-trial/
grants-19377-0,19377,2024-01-23,2024,Longview Philanthropy,Effective Giving Information Sharing,595426.0,Global Catastrophic Risks Opportunities,Grants,https://coefficientgiving.org/grants/longview-philanthropy-effective-giving-information-sharing/
grants-19432-0,19432,2024-01-23,2024,FABRIC,Rationality Camp Programs,500000.0,Global Catastrophic Risks Opportunities,Grants,https://coefficientgiving.org/grants/fabric-rationality-camp-programs/
grants-19875-0,19875,2024-01-23,2024,Platinum,Global Health Advocacy in Ghana,118000.0,Global Aid Policy,Grants,https://coefficientgiving.org/grants/platinum-global-health-advocacy-in-ghana/
grants-18823-0,18823,2024-01-24,2024,Pakistan Air Quality Initiative,Air Quality in Pakistan (Contract),100000.0,Air Quality,Grants,https://coefficientgiving.org/grants/pakistan-air-quality-initiative-air-quality-in-pakistan/
grants-19365-0,19365,2024-01-24,2024,Rethink Priorities,General Support,2100000.0,Global Health & Wellbeing Opportunities,Grants,https://coefficientgiving.org/grants/rethink-priorities-general-support-2024/
grants-19381-0,19381,2024-01-24,2024,ERA,Cambridge AI Fellowship ,767585.0,Navigating Transformative AI,Grants,https://coefficientgiving.org/grants/existential-risk-alliance-cambridge-ai-fellowship/
grants-23397-0,23397,2024-01-25,2024,Evidence Action,Scale-Up of In-Line Chlorination in India,33433533.0,GiveWell-Recommended Charities; Global Health & Development; Global Health & Wellbeing Opportunities,Grants,https://coefficientgiving.org/grants/evidence-action-scale-up-of-in-line-chlorination-in-india/
grants-19374-0,19374,2024-01-26,2024,Albright Stonebridge Group,Korean Global Aid Advocacy,116525.0,Global Aid Policy,Grants,https://coefficientgiving.org/grants/albright-stonebridge-group-korean-global-aid-advocacy/
grants-19322-0,19322,2024-01-29,2024,OPTIC Forecasting,Forecasting Competitions,39000.0,Global Catastrophic Risks Opportunities,Grants,https://coefficientgiving.org/grants/optic-forecasting-forecasting-competitions/
grants-19337-0,19337,2024-01-30,2024,Lee Foster,LLM Misuse Database,223000.0,Navigating Transformative AI,Grants,https://coefficientgiving.org/grants/lee-foster-llm-misuse-database/
grants-19999-0,19999,2024-01-30,2024,Animal & Vegan Advocacy Summit,Travel Scholarships,360000.0,Farm Animal Welfare,Grants,https://coefficientgiving.org/grants/animal-vegan-advocacy-summit-travel-scholarships-2024/
grants-19234-0,19234,2024-01-31,2024,Produtor do Bem,Farm Animal Welfare Certification Program,300000.0,Farm Animal Welfare,Grants,https://coefficientgiving.org/grants/produtor-do-bem-certificao-farm-animal-welfare-certification-program/
grants-19282-0,19282,2024-02-02,2024,Berkeley Existential Risk Initiative,AI Risk Management Frameworks,713000.0,Navigating Transformative AI,Grants,https://coefficientgiving.org/grants/berkeley-existential-risk-initiative-ai-risk-management-frameworks-2024/
grants-19289-0,19289,2024-02-02,2024,Center for Long-Term Cybersecurity,AI Risk Management Frameworks,200000.0,Navigating Transformative AI,Grants,https://coefficientgiving.org/grants/center-for-long-term-cybersecurity-ai-risk-management-frameworks-2024/
grants-19434-0,19434,2024-02-06,2024,Harvard University,CRISPR-Based Diagnostics for Febrile Diseases,1597247.0,Human Health and Wellbeing; Infectious Diseases; Science and Global Health R&D,Grants,https://coefficientgiving.org/grants/harvard-university-crispr-based-diagnostics-for-febrile-diseases-2024/
grants-19137-0,19137,2024-02-07,2024,fair-fish international association,Database Support,112058.0,Farm Animal Welfare,Grants,https://coefficientgiving.org/grants/fair-fish-international-association-database-support/
grants-19762-0,19762,2024-02-08,2024,Straumli,LLM Cyberoffense Benchmark,400000.0,Navigating Transformative AI,Grants,https://coefficientgiving.org/grants/straumli-llm-cyberoffense-benchmark/
grants-19878-0,19878,2024-02-08,2024,Leibniz Institute for Economic Research,Development Economics Paper Replication (Predates Fund),80246.0,Abundance & Growth; Innovation Policy,Grants,https://coefficientgiving.org/grants/leibniz-institute-for-economic-research-development-economics-paper-replication/
grants-18815-0,18815,2024-02-09,2024,FishEthoGroup,Sea Bass and Sea Bream Environmental Enrichments,647204.0,Farm Animal Welfare; Fish Welfare,Grants,https://coefficientgiving.org/grants/fishethogroup-seabass-and-seabream-environmental-enrichments/
grants-19861-0,19861,2024-02-09,2024,Effective Ventures Foundation,Office Space,500000.0,Global Catastrophic Risks Opportunities,Grants,https://coefficientgiving.org/grants/effective-ventures-foundation-office-space-2024/
grants-28221-0,28221,2024-02-11,2024,Lead Exposure Elimination Project,New Method For Measuring Lead in Paint,19500.0,Lead Exposure Action Fund,Grants,https://coefficientgiving.org/grants/portable-x-ray-fluorescence-for-measuring-lead-in-paint/
grants-28225-0,28225,2024-02-11,2024,Mercer University,New Method For Measuring Lead in Paint,225500.0,Lead Exposure Action Fund,Grants,https://coefficientgiving.org/grants/portable-x-ray-fluorescence-for-measuring-lead-in-paint-3/
grants-28227-0,28227,2024-02-11,2024,Pure Earth,Operational Support,1720000.0,Lead Exposure Action Fund,Grants,https://coefficientgiving.org/grants/lead-exposure-mitigation-bridge-funding/
grants-23581-0,23581,2024-02-14,2024,Malengo,General Support,750000.0,Global Health & Wellbeing Opportunities,Grants,https://coefficientgiving.org/grants/malengo-general-support/
grants-28180-0,28180,2024-02-14,2024,Stanford University,New Method for Measuring Lead in Paint,100796.0,Lead Exposure Action Fund,Grants,https://coefficientgiving.org/grants/new-method-for-lead-paint-measurement/
grants-19894-0,19894,2024-02-19,2024,Touro College & University System,AI Governance Legal Research (Gabriel Weil),19783.0,Navigating Transformative AI,Grants,https://coefficientgiving.org/grants/touro-college-university-system-ai-governance-legal-research/
grants-18678-0,18678,2024-02-22,2024,"Animal Welfare Awareness, Research, and Education",Pig Welfare Reforms,301522.0,Farm Animal Welfare; Farm Animal Welfare in Asia,Grants,https://coefficientgiving.org/grants/aware-pig-welfare-reforms-2024/
grants-19430-0,19430,2024-02-22,2024,FABRIC,General Support,1436000.0,Global Catastrophic Risks Opportunities,Grants,https://coefficientgiving.org/grants/fabric-general-support/
grants-19759-0,19759,2024-02-22,2024,University of Michigan,Scalable Oversight Research (Samet Oymak),100000.0,Navigating Transformative AI,Grants,https://coefficientgiving.org/grants/university-of-michigan-scalable-oversight-research/
grants-18662-0,18662,2024-02-26,2024,Stanford University,Ethical Protections for Potential Tuberculosis Vaccine Trial,188478.0,Human Health and Wellbeing; Infectious Diseases; Policy and Practice; Science and Global Health R&D,Grants,https://coefficientgiving.org/grants/stanford-university-ethical-protections-for-potential-tuberculosis-vaccine-tria/
grants-19104-0,19104,2024-02-26,2024,Pandemic Action Network,European Commission Aid Advocacy  ,300000.0,Global Aid Policy,Grants,https://coefficientgiving.org/grants/pandemic-action-network-european-commission-aid-advocacy/
grants-19882-0,19882,2024-02-26,2024,Mary Ann Liebert Inc.,Open Source Biosafety Articles,50400.0,Biosecurity & Pandemic Preparedness,Grants,https://coefficientgiving.org/grants/mary-ann-liebert-inc-open-source-biosafety-articles/
grants-19896-0,19896,2024-02-26,2024,Giving What We Can,General Support,785000.0,Effective Giving & Careers,Grants,https://coefficientgiving.org/grants/giving-what-we-can-general-support-2024/
grants-18981-0,18981,2024-02-27,2024,International Society for Applied Ethology,Farm Animal Welfare Science in Developing Countries,396515.0,Farm Animal Welfare,Grants,https://coefficientgiving.org/grants/international-society-for-applied-ethology-farm-animal-welfare-science-in-developing-countries/
grants-19898-0,19898,2024-02-27,2024,Ethical Seafood Research,Aquaculture Strategy in Zanzibar,81659.0,Farm Animal Welfare,Grants,https://coefficientgiving.org/grants/ethical-seafood-research-aquaculture-strategy-in-zanzibar/
grants-19102-0,19102,2024-02-28,2024,Stanford University,Hepatitis B Research,2500000.0,Human Health and Wellbeing; Infectious Diseases; Science and Global Health R&D,Grants,https://coefficientgiving.org/grants/stanford-university-hepatitis-b-research/
grants-19909-0,19909,2024-02-28,2024,Institute for Replication,Large Language Model Replication Games,174112.0,Navigating Transformative AI,Grants,https://coefficientgiving.org/grants/institute-for-replication-large-language-model-replication-games/
grants-20127-0,20127,2024-02-28,2024,Humane Canada,Farmed Animal Standards,213500.0,Farm Animal Welfare,Grants,https://coefficientgiving.org/grants/humane-canada-farmed-animal-standards/
grants-24538-0,24538,2024-02-28,2024,Pattern Labs,Technological Risk Mitigation,6799999.0,Global Catastrophic Risks Opportunities,Grants,https://coefficientgiving.org/grants/pattern-labs-technological-risk-mitigation/
grants-18691-0,18691,2024-02-29,2024,Rational Animations,Video Animation Costs,2095355.0,Global Catastrophic Risks Opportunities,Grants,https://coefficientgiving.org/grants/rational-animations-video-animation-costs/
grants-20377-0,20377,2024-03-04,2024,Evidence Action,Deworm the World Initiative,4371604.0,GiveWell-Recommended Charities; Global Health & Development; Global Health & Wellbeing Opportunities,Grants,https://coefficientgiving.org/grants/evidence-action-deworm-the-world-initiative-march-2024/
grants-18767-0,18767,2024-03-05,2024,Cellular Agriculture Australia,Advocacy for Cellular Agriculture,239659.0,Alternatives to Animal Products; Farm Animal Welfare,Grants,https://coefficientgiving.org/grants/cellular-agriculture-australia-advocacy-for-cellular-agriculture/
grants-19880-0,19880,2024-03-05,2024,Global Challenges Project,General Support,441000.0,Global Catastrophic Risks Opportunities,Grants,https://coefficientgiving.org/grants/global-challenges-project-general-support-2024/
grants-18674-0,18674,2024-03-06,2024,Asociación para el Rescate y Bienestar de los Animales,Cage-Free Campaigns ,100000.0,Cage-Free Reforms; Farm Animal Welfare,Grants,https://coefficientgiving.org/grants/asociacion-para-el-rescate-y-bienestar-de-los-animales-cage-free-campaigns/
grants-18702-0,18702,2024-03-06,2024,London Initiative for Safe AI,London Coworking Space,821248.0,Navigating Transformative AI,Grants,https://coefficientgiving.org/grants/london-initiative-for-safe-ai-london-coworking-space/
grants-19668-0,19668,2024-03-08,2024,European Institute for Animal Law and Policy,EU Farm Animal Welfare Advocacy,1811961.0,Farm Animal Welfare,Grants,https://coefficientgiving.org/grants/european-institute-for-animal-law-policy-eu-farm-animal-welfare-advocacy/
grants-18765-0,18765,2024-03-11,2024,People for Animals Uttarakhand,Cage-Free Campaigns in India,91100.0,Farm Animal Welfare; Farm Animal Welfare in Asia,Grants,https://coefficientgiving.org/grants/people-for-animals-uttarakhand-cage-free-campaigns-in-india/
grants-18983-0,18983,2024-03-11,2024,cFactual,Fellowship Program,220000.0,Global Catastrophic Risks Opportunities,Grants,https://coefficientgiving.org/grants/cfactual-fellowship-program/
grants-19938-0,19938,2024-03-11,2024,Hospital for Sick Children,Malaria Vaccine Research and Preclinical Development,6522265.0,Infectious Diseases; Science and Global Health R&D,Grants,https://coefficientgiving.org/grants/the-hospital-for-sick-children-malaria-vaccine-research-and-preclinical-development/
grants-21037-0,21037,2024-03-11,2024,Humánny pokrok,Chicken Welfare Campaigns in Slovakia,100000.0,Farm Animal Welfare; Farm Animal Welfare in Europe,Grants,https://coefficientgiving.org/grants/humanny-pokrok-chicken-welfare-campaigns-in-slovakia/
grants-19076-0,19076,2024-03-13,2024,International AIDS Vaccine Initiative,Samples for Tuberculosis Vaccine Trial,796878.0,Infectious Diseases; Science and Global Health R&D,Grants,https://coefficientgiving.org/grants/international-aids-vaccine-initiative-samples-for-tuberculosis-vaccine-trial/
grants-19133-0,19133,2024-03-13,2024,Pivotal Research,Summer Research Fellowship,395608.0,Global Catastrophic Risks Opportunities,Grants,https://coefficientgiving.org/grants/pivotal-research-summer-research-fellowship-2024/
grants-19218-0,19218,2024-03-13,2024,Malaria Research and Training Center,TB31F Clinical Trial,2320803.0,Infectious Diseases; Science and Global Health R&D,Grants,https://coefficientgiving.org/grants/malaria-research-and-training-center-tb31f-clinical-trial/
grants-24901-0,24901,2024-03-13,2024,Eon Essay Contest,The Precipice Essay Contest,76382.0,Global Catastrophic Risks Opportunities,Grants,https://coefficientgiving.org/grants/eon-essay-contest-the-precipice-essay-contest-2024/
grants-35935-0,35935,2024-03-13,2024,LawAI,General Support,300000.0,Navigating Transformative AI,Grants,https://coefficientgiving.org/grants/general-support-28/
grants-19159-0,19159,2024-03-14,2024,Cambridge Biosecurity Hub,Biosecurity Course and Club Events,3331.0,Global Catastrophic Risks Opportunities,Grants,https://coefficientgiving.org/grants/cambridge-biosecurity-hub-biosecurity-course-and-club-events/
grants-20460-0,20460,2024-03-14,2024,Solutions for Our Climate Korea,Alternative Protein R&D,200000.0,Alternatives to Animal Products; Farm Animal Welfare,Grants,https://coefficientgiving.org/grants/solutions-for-our-climate-korea-alternative-protein-rd/
grants-28219-0,28219,2024-03-17,2024,World Health Summit Foundation,World Health Summit Event,10000.0,Lead Exposure Action Fund,Grants,https://coefficientgiving.org/grants/world-health-summit-event/
grants-18778-0,18778,2024-03-18,2024,Good Impressions,Amazon Advertising Campaign (Contract),60000.0,Global Catastrophic Risks Opportunities,Grants,https://coefficientgiving.org/grants/good-impressions-amazon-advertising-campaign/
grants-19155-0,19155,2024-03-18,2024,FutureSearch,Benchmark for Language Model Forecasting  ,606600.0,Navigating Transformative AI,Grants,https://coefficientgiving.org/grants/futuresearch-benchmark-for-language-model-forecasting/
grants-19185-0,19185,2024-03-18,2024,International Rescue Committee,Acute Malnutrition Treatment,7485323.0,GiveWell-Recommended Charities; Global Health & Development; Global Health & Wellbeing Opportunities,Grants,https://coefficientgiving.org/grants/international-rescue-committee-acute-malnutrition-treatment-january-2024/
grants-19043-0,19043,2024-03-19,2024,"University of California, Berkeley",Alternative Meats Lab,800000.0,Alternatives to Animal Products; Farm Animal Welfare,Grants,https://coefficientgiving.org/grants/university-of-california-berkeley-alternative-meats-lab-2024/
grants-19907-0,19907,2024-03-19,2024,Cooperation Canada,International Assistance Advocacy in Canada,50000.0,Global Aid Policy,Grants,https://coefficientgiving.org/grants/cooperation-canada-international-assistance-advocacy-in-canada-2024/
grants-19152-0,19152,2024-03-21,2024,Animals Aotearoa,Broiler Welfare Campaigns,150000.0,Farm Animal Welfare,Grants,https://coefficientgiving.org/grants/animals-aotearoa-broiler-welfare-campaigns/
grants-19905-0,19905,2024-03-22,2024,Clinton Health Access Initiative,Aid Efficacy Support,743775.0,Global Aid Policy,Grants,https://coefficientgiving.org/grants/clinton-health-access-initiative-aid-efficacy-support/
grants-22579-0,22579,2024-03-25,2024,Observatorio de Riesgos Catastróficos Globales,AI Policy Work,110000.0,Navigating Transformative AI,Grants,https://coefficientgiving.org/grants/observatorio-de-riesgos-catastroficos-globales-ai-policy-work/
grants-19283-0,19283,2024-03-27,2024,FutureHouse,Benchmarks for Biology Research and Development,2946250.0,Navigating Transformative AI,Grants,https://coefficientgiving.org/grants/future-house-benchmarks-for-biology-research-and-development/
grants-19355-0,19355,2024-03-27,2024,University Health Network,Hepatitis C Challenge Model,1460000.0,Human Health and Wellbeing; Infectious Diseases; Science and Global Health R&D,Grants,https://coefficientgiving.org/grants/university-health-network-hepatitis-c-challenge-model/
grants-19639-0,19639,2024-03-27,2024,Carnegie Mellon University,Benchmark for Web-Based Tasks (Graham Neubig),547452.0,Navigating Transformative AI,Grants,https://coefficientgiving.org/grants/carnegie-mellon-university-benchmark-for-web-based-tasks/
grants-19238-0,19238,2024-03-28,2024,Williams College,Regulatory Affairs Position,176000.0,Global Health & Wellbeing Opportunities,Grants,https://coefficientgiving.org/grants/williams-college-regulatory-affairs-position/
grants-19326-0,19326,2024-03-28,2024,Berkeley Existential Risk Initiative,Latent Adversarial Training Project ,45000.0,Navigating Transformative AI,Grants,https://coefficientgiving.org/grants/berkeley-existential-risk-initiative-latent-adversarial-training-project/
grants-19384-0,19384,2024-03-28,2024,RSPCA Australia,Broiler Chicken Reports,72347.0,Broiler Chicken Welfare; Farm Animal Welfare,Grants,https://coefficientgiving.org/grants/rspca-australia-broiler-chicken-reports/
grants-19386-0,19386,2024-03-29,2024,Animal Charity Evaluators,General Support,900000.0,,Grants,https://coefficientgiving.org/grants/animal-charity-evaluators-general-support-2024/
grants-20218-0,20218,2024-03-29,2024,Successif,Career Advising,1350000.0,Global Catastrophic Risks Opportunities,Grants,https://coefficientgiving.org/grants/successif-career-advising-2024/
grants-19389-0,19389,2024-04-01,2024,Focus Philanthropy,Farm Animal Welfare Fundraising,440000.0,Farm Animal Welfare,Grants,https://coefficientgiving.org/grants/focus-philanthropy-farm-animal-welfare-fundraising-2024/
grants-19534-0,19534,2024-04-01,2024,KU Leuven,Influenza Antiviral Research,3550000.0,Infectious Diseases; Science and Global Health R&D; Science Supporting Biosecurity and Pandemic Preparedness,Grants,https://coefficientgiving.org/grants/ku-leuven-influenza-antiviral-research/
grants-19993-0,19993,2024-04-01,2024,Simon Institute for Longterm Governance ,General Support,1461194.0,Navigating Transformative AI,Grants,https://coefficientgiving.org/grants/simon-institute-for-longterm-governance-general-support/
grants-20270-0,20270,2024-04-02,2024,University of Chicago,Existential Risk Laboratory Fellowship Program,301800.0,Global Catastrophic Risks Opportunities,Grants,https://coefficientgiving.org/grants/university-of-chicago-existential-risk-laboratory-fellowship-program-2024/
grants-19636-0,19636,2024-04-03,2024,LASR Labs,Fellowship Program,288732.0,Navigating Transformative AI,Grants,https://coefficientgiving.org/grants/lasr-labs-fellowship-program/
grants-19891-0,19891,2024-04-04,2024,World Health Organization,Syphilis Medication Trials,395978.0,Infectious Diseases; Maternal and Newborn Health; Science and Global Health R&D,Grants,https://coefficientgiving.org/grants/world-health-organization-syphilis-medication-trials/
grants-19278-0,19278,2024-04-05,2024,University of Pennsylvania,High-Skilled Immigration Budget Modeling (Predates Fund),1100000.0,Abundance & Growth; Innovation Policy,Grants,https://coefficientgiving.org/grants/university-of-pennsylvania-high-skilled-immigration-budget-modeling/
grants-21810-0,21810,2024-04-05,2024,RAND Corporation,Emerging Technology Fellowships and Research,2500000.0,Navigating Transformative AI,Grants,https://coefficientgiving.org/grants/rand-corporation-emerging-technology-fellowships-and-research-2024/
grants-19481-0,19481,2024-04-08,2024,Life Sciences Research Foundation,Virology Postdoctoral Fellowship,218500.0,Science and Global Health R&D; Transformative Science,Grants,https://coefficientgiving.org/grants/life-sciences-research-foundation-postdoctoral-fellowship/
grants-19900-0,19900,2024-04-08,2024,Forecasting Research Institute,Red-line Evaluations,125000.0,Navigating Transformative AI,Grants,https://coefficientgiving.org/grants/forecasting-research-institute-red-line-evaluations/
grants-26188-0,26188,2024-04-08,2024,SeedAI,AI Policy Development and Related Events,1500000.0,Navigating Transformative AI,Grants,https://coefficientgiving.org/grants/seedai-ai-policy-development-and-related-events/
grants-19350-0,19350,2024-04-09,2024,Compassion in World Farming,Farmed Fish Welfare ,1504198.0,Farm Animal Welfare; Fish Welfare,Grants,https://coefficientgiving.org/grants/compassion-in-world-farming-farmed-fish-welfare/
grants-20834-0,20834,2024-04-10,2024,Indiana University,Respiratory Distress Syndrome Interventions,1872195.0,Maternal and Newborn Health; Science and Global Health R&D,Grants,https://coefficientgiving.org/grants/indiana-university-respiratory-distress-syndrome-interventions/
grants-19633-0,19633,2024-04-12,2024,Forecasting Research Institute,Forecasting Benchmark ,100000.0,Navigating Transformative AI,Grants,https://coefficientgiving.org/grants/forecasting-research-institute-forecasting-benchmark/
grants-20157-0,20157,2024-04-12,2024,Metaculus,Platform Development,2750000.0,Forecasting,Grants,https://coefficientgiving.org/grants/metaculus-platform-development-2024/
grants-28217-0,28217,2024-04-14,2024,Pahle India Foundation,Lead Policy Research,187732.0,Lead Exposure Action Fund,Grants,https://coefficientgiving.org/grants/lead-policy/
grants-20220-0,20220,2024-04-16,2024,Big Picture International,Global Health Aid Advocacy in Japan (Contract),22400.0,Global Aid Policy,Grants,https://coefficientgiving.org/grants/big-picture-global-health-aid-advocacy-in-japan/
grants-20133-0,20133,2024-04-17,2024,People for Animals Uttarakhand,Cage-Free Farm and Training Center,200000.0,Farm Animal Welfare; Farm Animal Welfare in Asia,Grants,https://coefficientgiving.org/grants/people-for-animals-uttarakhand-cage-free-farm-and-training-center/
grants-20840-0,20840,2024-04-17,2024,"University of California, San Diego",AI Persuasiveness Evaluation (Benjamin Bergen),470731.0,Navigating Transformative AI,Grants,https://coefficientgiving.org/grants/university-of-california-san-diego-ai-persuasiveness-evaluation/
grants-20090-0,20090,2024-04-18,2024,Hans van de Vis,Wild-Caught Fish Welfare,831750.0,Farm Animal Welfare; Fish Welfare,Grants,https://coefficientgiving.org/grants/wageningen-university-wild-caught-fish-welfare-2024/
grants-20114-0,20114,2024-04-18,2024,Princeton University,Scalable Oversight Research (Jason Lee),100000.0,Navigating Transformative AI,Grants,https://coefficientgiving.org/grants/princeton-university-scalable-oversight-research/
grants-20458-0,20458,2024-04-18,2024,"University of California, Davis",Insectary for Malaria Gene Drive Research,500000.0,Human Health and Wellbeing; Infectious Diseases; Science and Global Health R&D; Transformative Science,Grants,https://coefficientgiving.org/grants/uc-davis-insectary-for-malaria-gene-drive-research/
grants-22625-0,22625,2024-04-18,2024,Eiger InnoTherapeutics,Lonafarnib and Pegylated Interferon Lambda (Investment),3000000.0,Infectious Diseases; Science and Global Health R&D,Investments,https://coefficientgiving.org/grants/eiger-innotherapeutics-lonafarnib-and-pegylated-interferon-lambda/
grants-24221-0,24221,2024-04-18,2024,Constellation,General Support,3200000.0,Navigating Transformative AI,Grants,https://coefficientgiving.org/grants/constellation-general-support/
grants-19629-0,19629,2024-04-19,2024,Compassion in World Farming,Farm Animal Welfare Advocacy ,812000.0,Farm Animal Welfare; Farm Animal Welfare in Europe,Grants,https://coefficientgiving.org/grants/compassion-in-world-farming-farm-animal-welfare-advocacy/
grants-19988-0,19988,2024-04-19,2024,EA Netherlands,AI Safety Retreat,25000.0,Navigating Transformative AI,Grants,https://coefficientgiving.org/grants/ea-netherlands-ai-safety-retreat/
grants-20001-0,20001,2024-04-19,2024,Norwegian Church Aid,Health Aid Advocacy,200000.0,Global Aid Policy,Grants,https://coefficientgiving.org/grants/norwegian-church-aid-health-aid-advocacy/
grants-20380-0,20380,2024-04-19,2024,Berkeley Existential Risk Initiative,AI for Epistemics Workshop ,21060.0,Navigating Transformative AI,Grants,https://coefficientgiving.org/grants/berkeley-existential-risk-initiative-ai-for-epistemics-workshop/
grants-25888-0,25888,2024-04-19,2024,FAR AI,AI Field Building ,1800000.0,Navigating Transformative AI,Grants,https://coefficientgiving.org/grants/far-ai-ai-field-building/
grants-25890-0,25890,2024-04-19,2024,FAR AI,FAR Labs Office Space,1700000.0,Navigating Transformative AI,Grants,https://coefficientgiving.org/grants/far-ai-far-labs-office-space-2024/
grants-25895-0,25895,2024-04-19,2024,FAR AI,General Support,2160000.0,Navigating Transformative AI,Grants,https://coefficientgiving.org/grants/far-ai-general-support-2024/
grants-19712-0,19712,2024-04-22,2024,University of Oxford,Hepatitis C Challenge Model,1353450.0,Human Health and Wellbeing; Infectious Diseases; Science and Global Health R&D,Grants,https://coefficientgiving.org/grants/university-of-oxford-hepatitis-c-challenge-model/
grants-19959-0,19959,2024-04-22,2024,Amaya Albalat,Research on Electrical Stunning,363054.0,Farm Animal Welfare; Fish Welfare,Grants,https://coefficientgiving.org/grants/university-of-stirling-research-on-electrical-stunning-2024/
grants-19986-0,19986,2024-04-22,2024,Institute for AI Policy and Strategy,General Support,828049.0,Navigating Transformative AI,Grants,https://coefficientgiving.org/grants/institute-for-ai-policy-and-strategy-general-support-april-2024/
grants-20094-0,20094,2024-04-23,2024,Growth Teams,2024 Growth Conference,142500.0,Global Growth,Grants,https://coefficientgiving.org/grants/growth-teams-conference-support/
grants-20108-0,20108,2024-04-23,2024,University of Wisconsin–Madison,Scalable Oversight Research (Dimitris Papailiopoulos),100000.0,Navigating Transformative AI,Grants,https://coefficientgiving.org/grants/university-of-wisconsin-madison-scalable-oversight-research/
grants-20673-0,20673,2024-04-23,2024,Conservative Animal Welfare Foundation,UK Farm Animal Welfare Advocacy,816400.0,Farm Animal Welfare; Farm Animal Welfare in Europe,Grants,https://coefficientgiving.org/grants/conservative-animal-welfare-foundation-uk-farm-animal-welfare-advocacy/
grants-19962-0,19962,2024-04-26,2024,Peterson Institute for International Economics,Indian Economic Policy Reform,680000.0,Global Growth,Grants,https://coefficientgiving.org/grants/peterson-institute-for-international-economics-indian-economic-policy-reform-2024/
grants-20150-0,20150,2024-04-26,2024,Rethink Priorities,Research on LLM Use,115887.0,Navigating Transformative AI,Grants,https://coefficientgiving.org/grants/rethink-priorities-research-on-llm-use/
grants-20225-0,20225,2024-04-26,2024,Rethink Priorities,Effective Altruism Brand Strategy Research,88240.0,Global Catastrophic Risks Opportunities,Grants,https://coefficientgiving.org/grants/rethink-priorities-effective-altruism-brand-strategy-research/
grants-20427-0,20427,2024-05-02,2024,Apollo Research,General Support,2178700.0,Navigating Transformative AI,Grants,https://coefficientgiving.org/grants/apollo-research-general-support/
grants-21901-0,21901,2024-05-03,2024,Obelus,Asterisk ,1134769.0,Global Catastrophic Risks Opportunities,Grants,https://coefficientgiving.org/grants/obelus-asterisk/
grants-20131-0,20131,2024-05-05,2024,AI Standards Lab,AI Standards and Risk Management Frameworks,200000.0,Navigating Transformative AI,Grants,https://coefficientgiving.org/grants/ai-standards-lab-ai-standards-and-risk-management-frameworks/
grants-20213-0,20213,2024-05-07,2024,Sage,Software Tools for Forecasting,550000.0,Forecasting,Grants,https://coefficientgiving.org/grants/sage-software-tools-for-forecasting/
grants-20215-0,20215,2024-05-07,2024,Sage,AI Explainers,550000.0,Navigating Transformative AI,Grants,https://coefficientgiving.org/grants/sage-ai-explainers/
grants-20223-0,20223,2024-05-07,2024,Imperial College London,Malaria Vaccine Research,46524.0,Infectious Diseases; Policy and Practice; Science and Global Health R&D,Grants,https://coefficientgiving.org/grants/imperial-college-london-malaria-vaccine-research/
grants-20101-0,20101,2024-05-08,2024,Metaculus,Forecasting Tournaments,532400.0,Navigating Transformative AI,Grants,https://coefficientgiving.org/grants/metaculus-forecasting-tournaments/
grants-20530-0,20530,2024-05-08,2024,International Institute of Information Technology Hyderabad,AI Systems Course (Ponnurangam Kumaraguru),7000.0,Navigating Transformative AI,Grants,https://coefficientgiving.org/grants/international-institute-of-information-technology-hyderabad-ai-systems-course/
grants-20125-0,20125,2024-05-09,2024,Carnegie Mellon University,"LLM Use Case Database (Hong Shen, Fei Fang)",266805.0,Navigating Transformative AI,Grants,https://coefficientgiving.org/grants/carnegie-mellon-university-llm-use-case-database/
grants-20432-0,20432,2024-05-09,2024,Bouisson-Bertrand Institute,Loiasis (African Eye Worm) Impact Study,211014.0,Infectious Diseases; Science and Global Health R&D,Grants,https://coefficientgiving.org/grants/bouisson-bertrand-institute-loiasis-african-eye-worm-impact-study/
grants-20446-0,20446,2024-05-09,2024,Liverpool School of Tropical Medicine,Malaria Chemoprevention in School-Aged Children,100000.0,Infectious Diseases; Science and Global Health R&D,Grants,https://coefficientgiving.org/grants/liverpool-school-of-tropical-medicine-malaria-chemoprevention-in-school-aged-children/
grants-20455-0,20455,2024-05-09,2024,Harvard University,Antimalarial Bednet Development and Evaluation,3078640.0,Infectious Diseases; Science and Global Health R&D,Grants,https://coefficientgiving.org/grants/harvard-university-antimalarial-bednet-development-and-evaluation/
grants-20334-0,20334,2024-05-10,2024,Faculty AI,Wargame for AI Documentary ,92597.0,Navigating Transformative AI,Grants,https://coefficientgiving.org/grants/faculty-ai-wargame-for-ai-documentary/
grants-20434-0,20434,2024-05-10,2024,Stanford University,LLM-Generated Research Ideation Benchmark (Tatsunori Hashimoto),880000.0,Navigating Transformative AI,Grants,https://coefficientgiving.org/grants/stanford-university-llm-generated-research-ideation-benchmark/
grants-20444-0,20444,2024-05-10,2024,Fund for the Global Fund,Global Fund Awareness in Japan,661635.0,Global Aid Policy,Grants,https://coefficientgiving.org/grants/fund-for-the-global-fund-global-fund-awareness-in-japan/
grants-20449-0,20449,2024-05-10,2024,Northeastern University,Large Language Model Interpretability Research (David Bau),1095017.0,Navigating Transformative AI,Grants,https://coefficientgiving.org/grants/northeastern-university-large-language-model-interpretability-research-2024/
grants-28215-0,28215,2024-05-12,2024,Pure Earth,Operational Support,714910.0,Lead Exposure Action Fund,Grants,https://coefficientgiving.org/grants/gap-funding/
grants-21911-0,21911,2024-05-13,2024,Centre for Effective Altruism,General Support,31229571.0,Global Catastrophic Risks Opportunities,Grants,https://coefficientgiving.org/grants/centre-for-effective-altruism-general-support-evf-uk-may-2024/
grants-20843-0,20843,2024-05-14,2024,Eurogroup for Animals,Chicken Welfare Advocacy,944312.0,Broiler Chicken Welfare; Farm Animal Welfare; Farm Animal Welfare in Europe,Grants,https://coefficientgiving.org/grants/eurogroup-for-animals-chicken-welfare-advocacy-2024/
grants-21923-0,21923,2024-05-15,2024,Effective Ventures Foundation,Centre for Effective Altruism Spinout Costs,460000.0,Global Catastrophic Risks Opportunities,Grants,https://coefficientgiving.org/grants/centre-for-effective-altruism-spinout-costs-evf-uk-may-2024/
grants-21925-0,21925,2024-05-15,2024,Effective Ventures Foundation USA,Centre for Effective Altruism Spinout Costs,990000.0,Global Catastrophic Risks Opportunities,Grants,https://coefficientgiving.org/grants/centre-for-effective-altruism-spinout-costs-evf-usa-may-2024/
grants-20230-0,20230,2024-05-17,2024,Effective Altruism Israel,Information Security Talent Development,139228.0,Navigating Transformative AI,Grants,https://coefficientgiving.org/grants/effective-altruism-israel-information-security-talent-development/
grants-20453-0,20453,2024-05-21,2024,University of Warsaw,Effective Altruism Course Development,6160.0,Global Catastrophic Risks Opportunities,Grants,https://coefficientgiving.org/grants/university-of-warsaw-effective-altruism-course-development/
grants-20671-0,20671,2024-05-21,2024,Princeton University,Software Engineering LLM Benchmark (Karthik Narasimhan),1045620.0,Navigating Transformative AI,Grants,https://coefficientgiving.org/grants/princeton-university-software-engineering-llm-benchmark/
grants-20677-0,20677,2024-05-22,2024,Nautilus Collaboration,Literature Review on Stress Markers in Farmed Fish,30000.0,Farm Animal Welfare; Fish Welfare,Grants,https://coefficientgiving.org/grants/nautilus-collaboration-literature-review-on-stress-markers-in-farmed-fish/
grants-20422-0,20422,2024-05-23,2024,Probably Good,Career Advice,250000.0,Effective Giving & Careers,Grants,https://coefficientgiving.org/grants/probably-good-career-advice-may-2024/
grants-20397-0,20397,2024-05-24,2024,A World of Good Initiative,Animal Welfare Forum in Asia,39400.0,Farm Animal Welfare; Farm Animal Welfare in Asia,Grants,https://coefficientgiving.org/grants/a-world-of-good-initiative-farm-animal-welfare-forum/
grants-37048-0,37048,2024-05-24,2024,World Health Summit Foundation,Side Event on Lead Exposure,10000.0,Lead Exposure Action Fund,Grants,https://coefficientgiving.org/grants/side-event-on-lead-exposure/
grants-20679-0,20679,2024-05-27,2024,Compassion in World Farming USA,Implementation of Corporate Pledges,1300000.0,Broiler Chicken Welfare; Cage-Free Reforms; Farm Animal Welfare,Grants,https://coefficientgiving.org/grants/compassion-in-world-farming-usa-implementation-of-corporate-pledges-2024/
grants-21034-0,21034,2024-05-27,2024,DRIIV Foundation,Air Quality Sensors in Delhi,52494.0,Air Quality,Grants,https://coefficientgiving.org/grants/driiv-foundation-air-quality-sensors-in-delhi/
grants-20853-0,20853,2024-05-28,2024,Effective Altruism Germany,ML4Good Bootcamp,57000.0,Global Catastrophic Risks Opportunities,Grants,https://coefficientgiving.org/grants/effective-altruism-germany-ml4good-bootcamp-2024/
grants-20425-0,20425,2024-05-30,2024,Eurogroup for Animals,European Union Trade Strategy,1329945.0,Farm Animal Welfare,Grants,https://coefficientgiving.org/grants/eurogroup-for-animals-european-union-trade-strategy-2024/
grants-23965-0,23965,2024-05-30,2024,Mila,AI Safety Research,2000000.0,Navigating Transformative AI,Grants,https://coefficientgiving.org/grants/mila-ai-safety-research/
grants-24016-0,24016,2024-05-30,2024,AI Safety Support,MATS Program 6.0 + 7.0,2381609.0,Navigating Transformative AI,Grants,https://coefficientgiving.org/grants/ai-safety-support-mats-program-6-0-7-0/
grants-20855-0,20855,2024-05-31,2024,Government Relations Group,Global Health Aid Study Tour in Ghana (Contract),204009.0,Global Aid Policy,Grants,https://coefficientgiving.org/grants/government-relations-group-global-health-aid-study-tour-in-ghana/
grants-21006-0,21006,2024-05-31,2024,One for the World,General Support,296000.0,Effective Giving & Careers,Grants,https://coefficientgiving.org/grants/one-for-the-world-general-support-2024/
grants-21762-0,21762,2024-05-31,2024,University of Dundee,Strep A Vaccine Research,1050000.0,Infectious Diseases; Science and Global Health R&D,Grants,https://coefficientgiving.org/grants/university-of-dundee-strepa-vaccine-research/
grants-20462-0,20462,2024-06-04,2024,Gi Effektivt,General Support,937000.0,Effective Giving & Careers,Grants,https://coefficientgiving.org/grants/gi-effektivt-general-support/
grants-21010-0,21010,2024-06-04,2024,Wakker Dier,Farm Animal Welfare Litigation,958286.0,Farm Animal Welfare,Grants,https://coefficientgiving.org/grants/wakker-dier-farm-animal-welfare-litigation-2024/
grants-21058-0,21058,2024-06-04,2024,Centre for Pesticide Suicide Prevention,General Support,12529708.0,Global Health & Wellbeing Opportunities,Grants,https://coefficientgiving.org/grants/centre-for-pesticide-suicide-prevention-general-support-2024/
grants-21469-0,21469,2024-06-04,2024,Harvard Animal Law & Policy Clinic,Global Farmed Animal Benchmark,350000.0,Farm Animal Welfare,Grants,https://coefficientgiving.org/grants/harvard-animal-law-policy-clinic-global-farmed-animal-benchmark/
grants-21066-0,21066,2024-06-05,2024,University of Chicago,EPIC Air Quality Fund,1490000.0,Air Quality,Grants,https://coefficientgiving.org/grants/the-university-of-chicago-epic-air-quality-fund/
grants-24014-0,24014,2024-06-05,2024,MATS Research,MATS Program 6.0 + 7.0,3382029.0,Navigating Transformative AI,Grants,https://coefficientgiving.org/grants/mats-research-mats-program-6-0-7-0/
grants-21083-0,21083,2024-06-06,2024,"University of California, Santa Barbara",LLM Use Case Database (William Wang),133402.0,Navigating Transformative AI,Grants,https://coefficientgiving.org/grants/uc-santa-barbara-llm-use-case-database/
grants-21074-0,21074,2024-06-07,2024,World Health Organization,Syphilis Treatment for Pregnant Women,583544.0,Infectious Diseases; Maternal and Newborn Health; Science and Global Health R&D,Grants,https://coefficientgiving.org/grants/world-health-organization-syphilis-treatment-for-pregnant-women/
grants-20684-0,20684,2024-06-10,2024,We Animals Media,Content for Farm Animal Welfare Advocacy,400000.0,Farm Animal Welfare,Grants,https://coefficientgiving.org/grants/we-animals-media-content-for-farm-animal-welfare-advocacy-2024/
grants-20850-0,20850,2024-06-11,2024,Effective Altruism UK,Biosecurity Networking Event,7500.0,Biosecurity & Pandemic Preparedness,Grants,https://coefficientgiving.org/grants/effective-altruism-uk-biosecurity-networking-event/
grants-21949-0,21949,2024-06-11,2024,William & Mary,AidData (Contract),105767.0,Global Aid Policy,Grants,https://coefficientgiving.org/grants/william-mary-aiddata/
grants-21012-0,21012,2024-06-12,2024,"Council on Energy, Environment, and Water",Liquefied Petroleum Gas Survey,131500.0,Air Quality,Grants,https://coefficientgiving.org/grants/council-of-energy-environment-and-water-liquefied-petroleum-gas-survey/
grants-21771-0,21771,2024-06-13,2024,Organisation for Economic Co-operation and Development,Non-compete Prevalence Survey,467767.0,Global Health & Wellbeing Opportunities,Grants,https://coefficientgiving.org/grants/organisation-for-economic-co-operation-and-development-non-compete-prevalence-survey/
grants-24010-0,24010,2024-06-13,2024,Harmony Intelligence,LLM Moneymaking Benchmark,54270.0,Navigating Transformative AI,Grants,https://coefficientgiving.org/grants/harmony-intelligence-llm-moneymaking-benchmark/
grants-20861-0,20861,2024-06-14,2024,Clinton Health Access Initiative,Effectiveness Improvements for Health Multilaterals,250000.0,Global Aid Policy,Grants,https://coefficientgiving.org/grants/clinton-health-access-initiative-effectiveness-improvements-for-health-multilaterals/
grants-21026-0,21026,2024-06-14,2024,YIMBY Law,General Support (Predates Fund),180000.0,Abundance & Growth; Housing Policy Reform,Grants,https://coefficientgiving.org/grants/yimby-law-general-support-2024/
grants-24202-0,24202,2024-06-14,2024,Against Malaria Foundation,Insecticide-Treated Bednets,22000000.0,GiveWell-Recommended Charities; Global Health & Development; Global Health & Wellbeing Opportunities,Grants,https://coefficientgiving.org/grants/against-malaria-foundation-insecticide-treated-bednets/
grants-28279-0,28279,2024-06-16,2024,FAR AI,AI Safety Regranting,12000000.0,Navigating Transformative AI,Grants,https://coefficientgiving.org/grants/ai-safety-regranting/
grants-20858-0,20858,2024-06-17,2024,YIMBY Action,Housing Advocacy in California (Predates Fund),120000.0,Abundance & Growth; Housing Policy Reform,Grants,https://coefficientgiving.org/grants/yimby-action-housing-advocacy-in-california-2024/
grants-20436-0,20436,2024-06-18,2024,Government Relations Group,Japanese Support for NTD Elimination (Contract),42273.0,Global Aid Policy,Grants,https://coefficientgiving.org/grants/government-relations-group-japanese-support-for-ntd-elimination/
grants-21464-0,21464,2024-06-18,2024,Palisade Research,General Support,1680000.0,Navigating Transformative AI,Grants,https://coefficientgiving.org/grants/palisade-research-general-support/
grants-22565-0,22565,2024-06-18,2024,Consultants for Impact,General Support,1397395.0,Global Catastrophic Risks Opportunities,Grants,https://coefficientgiving.org/grants/consultants-for-impact-general-support/
grants-21022-0,21022,2024-06-19,2024,International Union Against Tuberculosis and Lung Disease,Conference Scholarships,55000.0,Infectious Diseases; Science and Global Health R&D,Grants,https://coefficientgiving.org/grants/the-international-union-against-tuberculosis-and-lung-disease-conference-scholarships-2024/
grants-24218-0,24218,2024-06-19,2024,Constellation,Programmatic Activities and Operating Expenses ,16750000.0,Navigating Transformative AI,Grants,https://coefficientgiving.org/grants/constellation-programmatic-activities-and-operating-expenses/
grants-21481-0,21481,2024-06-20,2024,Johns Hopkins Center for Health Security,Health Security Scholars,86981.0,Biosecurity & Pandemic Preparedness,Grants,https://coefficientgiving.org/grants/john-hopkins-center-for-health-security-health-security-scholars-2024/
grants-22577-0,22577,2024-06-20,2024,Consultants for Impact,Career Transition Fellowship,318000.0,Global Catastrophic Risks Opportunities,Grants,https://coefficientgiving.org/grants/consultants-for-impact-career-transition-fellowship/
grants-20848-0,20848,2024-06-21,2024,International Vaccine Institute,Cholera Vaccine Phase II Trial,6600000.0,Human Health and Wellbeing; Infectious Diseases; Science and Global Health R&D,Grants,https://coefficientgiving.org/grants/international-vaccine-institute-cholera-vaccine-phase-ii-trial/
grants-21024-0,21024,2024-06-21,2024,University of Washington,Air Pollution Research Planning,82000.0,Air Quality,Grants,https://coefficientgiving.org/grants/university-of-washington-air-pollution-research-planning/
grants-22257-0,22257,2024-06-21,2024,University of Cape Town,Tuberculosis Vaccine Preclinical Development and Testing,597557.0,Infectious Diseases; Science and Global Health R&D,Grants,https://coefficientgiving.org/grants/university-of-cape-town-tuberculosis-vaccine-preclinical-development-and-testing/
grants-20832-0,20832,2024-06-25,2024,Fórum Nacional de Proteção e Defesa Animal,Corporate Campaigns in Brazil,406300.0,Cage-Free Reforms; Farm Animal Welfare; Fish Welfare,Grants,https://coefficientgiving.org/grants/forum-nacional-de-protecao-e-defesa-animal-corporate-campaigns-in-brazil-2024/
grants-21014-0,21014,2024-06-25,2024,Essere Animali,Farm Animal Welfare in Italy,500000.0,Farm Animal Welfare,Grants,https://coefficientgiving.org/grants/essere-animali-farm-animal-welfare-in-italy-2024/
grants-21016-0,21016,2024-06-26,2024,Malaria No More UK,Malaria Advocacy (Exit Grant),300000.0,Global Aid Policy,Grants,https://coefficientgiving.org/grants/malaria-no-more-uk-exit-grant/
grants-21072-0,21072,2024-06-26,2024,Yale University,LLM Persuasiveness Evaluation (Josh Kalla),596200.0,Navigating Transformative AI,,https://coefficientgiving.org/grants/yale-university-llm-persuasiveness-evaluation/
grants-21070-0,21070,2024-06-28,2024,Better World Story,Global Health Advocacy Field Building,77000.0,Global Aid Policy,Grants,https://coefficientgiving.org/grants/better-world-story-global-health-advocacy-field-building/
grants-21076-0,21076,2024-06-28,2024,"University of Minnesota, Twin Cities",Legal Automation Benchmark (Dongyeop Kang),74132.0,Navigating Transformative AI,Grants,https://coefficientgiving.org/grants/university-of-minnesota-legal-automation-benchmark/
grants-21477-0,21477,2024-06-28,2024,Rutgers University,Global Discussions of Life Sciences Governance,400000.0,Biosecurity & Pandemic Preparedness,Grants,https://coefficientgiving.org/grants/rutgers-university-global-discussions-of-life-sciences-governance/
grants-23383-0,23383,2024-06-28,2024,University of Warwick,High-Skilled Immigration Research (Predates Fund),210000.0,Abundance & Growth; Global Health & Wellbeing Opportunities; Innovation Policy,Grants,https://coefficientgiving.org/grants/university-of-warwick-high-skilled-immigration-research/
grants-21020-0,21020,2024-06-30,2024,University of Washington,Syphilis Vaccine Development (Lorenzo Giacani),1025884.0,Human Health and Wellbeing; Infectious Diseases; Maternal and Newborn Health; Science and Global Health R&D,Grants,https://coefficientgiving.org/grants/university-of-washington-syphilis-vaccine-development-lorenzo-giacani-2024/
grants-22236-0,22236,2024-07-01,2024,Centre for International Governance Innovation,Global AI Risks Initiative,300000.0,Navigating Transformative AI,Grants,https://coefficientgiving.org/grants/centre-for-international-governance-innovation-global-ai-risks-initiative/
grants-22933-0,22933,2024-07-01,2024,RAND Corporation,Emerging Technology Initiatives,5000000.0,Navigating Transformative AI,Grants,https://coefficientgiving.org/grants/rand-corporation-emerging-technology-initiatives-2024/
grants-21056-0,21056,2024-07-03,2024,Boston University,"LLM Research Benchmark (Najoung Kim, Sebastian Schuster)",756396.0,Navigating Transformative AI,Grants,https://coefficientgiving.org/grants/trustees-of-boston-university-llm-research-benchmark/
grants-21754-0,21754,2024-07-04,2024,"Erasmus MC, University Medical Center Rotterdam",Emodepside Disease Modeling,220158.0,Infectious Diseases; Policy and Practice; Science and Global Health R&D,Grants,https://coefficientgiving.org/grants/erasmus-mc-university-medical-center-rotterdam-emodepside-disease-modeling/
grants-21760-0,21760,2024-07-05,2024,Stanford University,LLM Cybersecurity Benchmark (Percy Liang),2937000.0,Navigating Transformative AI,Grants,https://coefficientgiving.org/grants/stanford-university-llm-cyberoffense-benchmark/
grants-21702-0,21702,2024-07-08,2024,WITS Health Consortium,Tuberculosis Vaccine Preclinical Development and Testing,696742.0,Infectious Diseases; Science and Global Health R&D,Grants,https://coefficientgiving.org/grants/wits-health-consortium-tuberculosis-vaccine-preclinical-development-and-testing/
grants-21765-0,21765,2024-07-08,2024,La Trobe University,Pediatric Sepsis Treatment,914522.0,Infectious Diseases; Science and Global Health R&D,Grants,https://coefficientgiving.org/grants/la-trobe-university-pediatric-sepsis-treatment/
grants-21773-0,21773,2024-07-08,2024,Anhimalia,Cage-free Campaigns in Argentina,96000.0,Cage-Free Reforms; Farm Animal Welfare,Grants,https://coefficientgiving.org/grants/anhimalia-cage-free-campaigns-in-argentina/
grants-21920-0,21920,2024-07-10,2024,New York University,"LLM Cybersecurity Benchmark (Alex Leader, Dan Zhao, He He)",2077350.0,Navigating Transformative AI,Grants,https://coefficientgiving.org/grants/new-york-university-llm-cybersecurity-benchmark/
grants-23196-0,23196,2024-07-10,2024,Center for Open Science,LLM Research Benchmark,1700000.0,Navigating Transformative AI,Grants,https://coefficientgiving.org/grants/center-for-open-science-llm-research-benchmark/
grants-21977-0,21977,2024-07-11,2024,Alignment Research Engineer Accelerator,AI Safety Technical Program,318272.0,Navigating Transformative AI,Grants,https://coefficientgiving.org/grants/alignment-research-engineer-accelerator-ai-safety-technical-program-2024/
grants-21460-0,21460,2024-07-12,2024,Yale University,Sepsis Treatment Preclinical Tests,50000.0,Infectious Diseases; Science and Global Health R&D,Grants,https://coefficientgiving.org/grants/yale-university-school-of-medicine-sepsis-treatment-preclinical-tests/
grants-21700-0,21700,2024-07-12,2024,University of Utah,Henipavirus Antivirals,427900.0,Infectious Diseases; Science and Global Health R&D,Grants,https://coefficientgiving.org/grants/university-of-utah-henipavirus-antivirals-2024/
grants-21750-0,21750,2024-07-12,2024,Madre Brava,Corporate Commitments for Alternative Proteins,300000.0,Alternatives to Animal Products; Farm Animal Welfare,Grants,https://coefficientgiving.org/grants/madre-brava-corporate-commitments-for-alternative-proteins-2024/
grants-28208-0,28208,2024-07-14,2024,Pure Earth,General Support,6480500.0,Lead Exposure Action Fund,Grants,https://coefficientgiving.org/grants/general-support/
grants-21738-0,21738,2024-07-17,2024,Jennifer Lin,LLM Model-Based Planning Report,70000.0,Navigating Transformative AI,Grants,https://coefficientgiving.org/grants/jennifer-lin-llm-model-based-planning-report/
grants-21684-0,21684,2024-07-18,2024,Joep Lange Institute,Expanding the Donor Base for Global Health,1000000.0,Global Aid Policy,Grants,https://coefficientgiving.org/grants/joep-lange-institute-expanding-the-donor-base-for-global-health-2024/
grants-28213-0,28213,2024-07-21,2024,Pure Earth,General Support,8400000.0,Lead Exposure Action Fund,Grants,https://coefficientgiving.org/grants/general-support-2/
grants-23713-0,23713,2024-07-22,2024,London Initiative for Safe AI,General Support,739105.0,Navigating Transformative AI,Grants,https://coefficientgiving.org/grants/london-initiative-for-safe-ai-general-support/
grants-38051-0,38051,2024-07-22,2024,Mirror Biology Dialogues Fund,General Support,500000.0,Biosecurity & Pandemic Preparedness,Grants,https://coefficientgiving.org/grants/general-support-52/
grants-22144-0,22144,2024-07-23,2024,Massachusetts General Hospital,Tuberculosis Vaccine Preclinical Development and Testing,177794.0,Infectious Diseases; Science and Global Health R&D,Grants,https://coefficientgiving.org/grants/massachusetts-general-hospital-tuberculosis-vaccine-preclinical-development-and-testing/
grants-21728-0,21728,2024-07-24,2024,Centre for Aquaculture Progress,Farmed Fish Welfare,150000.0,Farm Animal Welfare; Farm Animal Welfare in Europe; Fish Welfare,Grants,https://coefficientgiving.org/grants/centre-for-aquaculture-progress-farmed-fish-welfare/
grants-21767-0,21767,2024-07-25,2024,The Good Food Institute Asia Pacific,Alternative Protein Nutrition Gaps Research,22500.0,Alternatives to Animal Products; Farm Animal Welfare,Grants,https://coefficientgiving.org/grants/the-good-food-institute-asia-pacific-alternative-protein-nutrition-gaps-research/
grants-21918-0,21918,2024-07-25,2024,FAR AI,AI Alignment Research Projects,676180.0,Navigating Transformative AI,Grants,https://coefficientgiving.org/grants/far-ai-ai-alignment-research-projects-2024/
grants-21956-0,21956,2024-07-26,2024,Cambridge in America,"Data Science Benchmark  (Lorenzo Pacchiardi, José Hernández-Orallo, Lucy Cheke)",517693.0,Navigating Transformative AI,Grants,https://coefficientgiving.org/grants/cambridge-in-america-data-science-benchmark/
grants-22117-0,22117,2024-07-26,2024,Ali Merali,Economics Research on AI Model Scaling Effects,54650.0,Navigating Transformative AI,Grants,https://coefficientgiving.org/grants/ali-merali-economics-research-on-ai-model-scaling-effects/
grants-22220-0,22220,2024-07-26,2024,Talos Network,General Support ,662378.0,Navigating Transformative AI,Grants,https://coefficientgiving.org/grants/talos-network-general-support/
grants-21992-0,21992,2024-07-29,2024,Mercy For Animals,Corporate Campaigns,12380000.0,Farm Animal Welfare,Grants,https://coefficientgiving.org/grants/mercy-for-animals-corporate-campaigns-2024/
grants-24073-0,24073,2024-07-29,2024,Foundation for American Innovation,AI Safety Policy Research and Advocacy (Exit Grant),423500.0,Navigating Transformative AI,Grants,https://coefficientgiving.org/grants/foundation-for-american-innovation-exit-grant/
grants-22201-0,22201,2024-07-30,2024,High Impact Medicine,General Support,321338.0,Effective Giving & Careers,Grants,https://coefficientgiving.org/grants/high-impact-medicine-general-support/
grants-24925-0,24925,2024-07-30,2024,Cambridge Boston Alignment Initiative,AI Research and Governance Workshop,78000.0,Navigating Transformative AI,Grants,https://coefficientgiving.org/grants/cambridge-boston-alignment-initiative-ai-research-and-governance-workshop-2024/
grants-22011-0,22011,2024-07-31,2024,New York University,Wild Animal Welfare Program,200000.0,Farm Animal Welfare,Grants,https://coefficientgiving.org/grants/new-york-university-wild-animal-welfare-program-2024/
grants-21962-0,21962,2024-08-01,2024,VegeProject,Corporate Outreach,300000.0,Farm Animal Welfare; Farm Animal Welfare in Asia,Grants,https://coefficientgiving.org/grants/vegeproject-corporate-outreach-2024/
grants-22119-0,22119,2024-08-01,2024,BlueDot Impact,General Support,2468511.0,Global Catastrophic Risks Opportunities,Grants,https://coefficientgiving.org/grants/bluedot-impact-general-support-2024/
grants-23726-0,23726,2024-08-01,2024,RAND Corporation,Technology and Security Policy Center,6000000.0,Navigating Transformative AI,Grants,https://coefficientgiving.org/grants/rand-corporation-technology-and-security-policy-center/
grants-26347-0,26347,2024-08-01,2024,RAND Corporation,Forecasting Platform,3400000.0,Forecasting,Grants,https://coefficientgiving.org/grants/rand-corporation-forecasting-platform/
grants-23051-0,23051,2024-08-02,2024,Drizzle Health,Tuberculosis Diagnostics (Investment),500000.0,Infectious Diseases; Science and Global Health R&D,Investments,https://coefficientgiving.org/grants/drizzle-health-tuberculosis-diagnostics/
grants-23708-0,23708,2024-08-06,2024,Dyrevernalliansen (The Norwegian Animal Protection Alliance),Fish Welfare Advocacy,333554.0,Farm Animal Welfare; Fish Welfare,Grants,https://coefficientgiving.org/grants/dyrevernalliansen-fish-welfare-advocacy/
grants-22135-0,22135,2024-08-08,2024,Dyrevernalliansen (The Norwegian Animal Protection Alliance),Ethical Investment Criteria,95000.0,Farm Animal Welfare; Farm Animal Welfare in Europe,Grants,https://coefficientgiving.org/grants/dyrevernalliansen-ethical-investment-criteria/
grants-22307-0,22307,2024-08-08,2024,Wilton Park,Biological Weapons Convention Retreat,43484.0,Biosecurity & Pandemic Preparedness,Grants,https://coefficientgiving.org/grants/wilton-park-biological-weapons-convention-retreat-2024/
grants-22230-0,22230,2024-08-09,2024,Georgia Institute of Technology,Portable Spectrometers,840030.0,Human Health and Wellbeing; Infectious Diseases; Science and Global Health R&D,Grants,https://coefficientgiving.org/grants/georgia-institute-of-technology-portable-spectrometers-2024/
grants-22303-0,22303,2024-08-09,2024,Data for India,Public Health and Development Data Analysis (Contract),600000.0,Global Health & Wellbeing Opportunities,Grants,https://coefficientgiving.org/grants/data-for-india-public-health-and-development-data-analysis/
grants-39730-0,39730,2024-08-09,2024,University of Colorado,Portable Spectrometers,1136532.0,Human Health and Wellbeing; Infectious Diseases; Science and Global Health R&D,Grants,https://coefficientgiving.org/grants/portable-spectrometers/
grants-22121-0,22121,2024-08-12,2024,Animal Rights Center Japan,Corporate Campaigns,323066.0,Farm Animal Welfare; Farm Animal Welfare in Asia,Grants,https://coefficientgiving.org/grants/animal-rights-center-japan-corporate-campaigns-2024/
grants-22199-0,22199,2024-08-14,2024,World Animal Protection,Farm Animal Welfare in Southeast Asia,1233000.0,Farm Animal Welfare; Farm Animal Welfare in Asia,Grants,https://coefficientgiving.org/grants/world-animal-protection-farm-animal-welfare-in-southeast-asia-2024/
grants-22194-0,22194,2024-08-16,2024,University of Pennsylvania,VEuPATH Database,750000.0,Science and Global Health R&D; Transformative Science,Grants,https://coefficientgiving.org/grants/university-of-pennsylvania-veupath-database/
grants-22465-0,22465,2024-08-16,2024,The Centre for Long-Term Resilience,General Support,5119246.0,Navigating Transformative AI,Grants,https://coefficientgiving.org/grants/the-centre-for-long-term-resilience-general-support/
grants-23198-0,23198,2024-08-16,2024,Algorithmic Research Group,Language Model Capabilities Benchmarking,1052500.0,Navigating Transformative AI,Grants,https://coefficientgiving.org/grants/algorithmic-research-group-language-model-capabilities-benchmarking-2024/
grants-28200-0,28200,2024-08-18,2024,Center for Global Development,Lead Exposure Research,2700000.0,Lead Exposure Action Fund,Grants,https://coefficientgiving.org/grants/lead-exposure-research/
grants-22651-0,22651,2024-08-20,2024,Summer Program on Applied Rationality and Cognition,General Support,180000.0,Global Catastrophic Risks Opportunities,Grants,https://coefficientgiving.org/grants/sparc-general-support/
grants-23085-0,23085,2024-08-20,2024,Americans for Responsible Innovation,General Support,3000000.0,Navigating Transformative AI,Grants,https://coefficientgiving.org/grants/americans-for-responsible-innovation-general-support/
grants-22388-0,22388,2024-08-22,2024,Liverpool School of Tropical Medicine,Snakebite Therapies,7099308.0,Noninfectious Diseases; Science and Global Health R&D,Grants,https://coefficientgiving.org/grants/liverpool-school-of-tropical-medicine-snakebite-therapies/
grants-24045-0,24045,2024-08-22,2024,Supervised Program for Alignment Research,Research Mentorship Program,189350.0,Navigating Transformative AI,Grants,https://coefficientgiving.org/grants/supervised-program-for-alignment-research-research-mentorship-program/
grants-22328-0,22328,2024-08-26,2024,"University of California, Berkeley",Software Engineering Benchmark (Koushik Sen),739866.0,Navigating Transformative AI,Grants,https://coefficientgiving.org/grants/university-of-california-berkeley-software-engineering-benchmark/
grants-22288-0,22288,2024-08-29,2024,User-Friendly Marketing,Corporate Outreach Support,77100.0,Farm Animal Welfare,Grants,https://coefficientgiving.org/grants/user-friendly-marketing-corporate-outreach-support-2024/
grants-22371-0,22371,2024-08-30,2024,London School of Hygiene and Tropical Medicine,Anemia RCT,4667205.0,Noninfectious Diseases; Science and Global Health R&D,Grants,https://coefficientgiving.org/grants/london-school-of-hygiene-and-tropical-medicine-anemia-rct/
grants-23276-0,23276,2024-08-30,2024,Center for Responsible Innovation,General Support,3000000.0,Navigating Transformative AI,Grants,https://coefficientgiving.org/grants/center-for-responsible-innovation-general-support/
grants-22770-0,22770,2024-09-01,2024,The Good Food Institute,General Support,5300000.0,Alternatives to Animal Products; Farm Animal Welfare,Grants,https://coefficientgiving.org/grants/the-good-food-institute-general-support-2024/
grants-22369-0,22369,2024-09-04,2024,Practical AI Alignment and Interpretability Research Group,Interpretability Work,737000.0,Navigating Transformative AI,Grants,https://coefficientgiving.org/grants/practical-ai-alignment-and-interpretability-research-group-interpretability-work/
grants-23028-0,23028,2024-09-10,2024,London School of Hygiene and Tropical Medicine,School Net Program RCT,2971954.0,Infectious Diseases; Policy and Practice; Science and Global Health R&D,Grants,https://coefficientgiving.org/grants/london-school-of-hygiene-and-tropical-medicine-school-net-program-rct/
grants-22567-0,22567,2024-09-11,2024,High Impact Athletes,General Support,55000.0,Effective Giving & Careers,Grants,https://coefficientgiving.org/grants/high-impact-athletes-general-support/
grants-26302-0,26302,2024-09-11,2024,Centre for Effective Altruism,Groups Team Support,322536.0,Global Catastrophic Risks Opportunities,Grants,https://coefficientgiving.org/grants/centre-for-effective-altruism-groups-team-support-evf-2024/
grants-22545-0,22545,2024-09-12,2024,Dartmouth,Course Buyouts (Predates Fund),505564.0,Abundance & Growth; Innovation Policy,Grants,https://coefficientgiving.org/grants/dartmouth-course-buyouts/
grants-23370-0,23370,2024-09-12,2024,Mantic,AI Forecasting Research,610000.0,Forecasting,Grants,https://coefficientgiving.org/grants/mantic-ai-forecasting-research/
grants-22631-0,22631,2024-09-13,2024,Animal Ask,Fish Advocacy Research,240000.0,Farm Animal Welfare,Grants,https://coefficientgiving.org/grants/animal-ask-fish-advocacy-research/
grants-23088-0,23088,2024-09-13,2024,ETH Zürich,LLM Adversarial Attacks Benchmark (Florian Tramér),130000.0,Navigating Transformative AI,Grants,https://coefficientgiving.org/grants/eth-zurich-llm-adversarial-attacks-benchmark/
grants-28197-0,28197,2024-09-15,2024,UNICEF USA,Partnership For a Lead-Free Future,2800000.0,Lead Exposure Action Fund,Grants,https://coefficientgiving.org/grants/partnership-for-a-lead-free-future/
grants-28742-0,28742,2024-09-15,2024,Malaria Consortium,Distribution of Insecticide-Treated Nets in Nigeria,9381474.0,Global Health & Wellbeing Opportunities,Grants,https://coefficientgiving.org/grants/distribution-of-insecticide-treated-nets-in-nigeria/
grants-22434-0,22434,2024-09-16,2024,Swift Centre,Forecasting Workshops,200000.0,Forecasting,Grants,https://coefficientgiving.org/grants/swift-centre-forecasting-workshops/
grants-22461-0,22461,2024-09-17,2024,Science History Institute,Conference Fellowships,250000.0,Biosecurity & Pandemic Preparedness,Grants,https://coefficientgiving.org/grants/science-history-institute-conference-fellowships/
grants-25119-0,25119,2024-09-17,2024,Rethink Priorities,Strategy Workshop,19354.0,Effective Giving & Careers,Grants,https://coefficientgiving.org/grants/rethink-priorities-strategy-workshop-2024/
grants-22549-0,22549,2024-09-18,2024,University of Oxford,LLM Research Replication (Jakob Foerster),622167.0,Navigating Transformative AI,Grants,https://coefficientgiving.org/grants/university-of-oxford-llm-research-replication/
grants-22610-0,22610,2024-09-18,2024,Founders Pledge,Multiplier Initiative,250000.0,Effective Giving & Careers,Grants,https://coefficientgiving.org/grants/founders-pledge-multiplier-initiative/
grants-22765-0,22765,2024-09-18,2024,Joep Lange Institute,Debt to Health Advocacy,200000.0,Global Aid Policy,Grants,https://coefficientgiving.org/grants/joep-lange-institute-debt-to-health-advocacy/
grants-22554-0,22554,2024-09-19,2024,Swift Centre,Alternative Protein Forecasting (Contract),116707.0,Farm Animal Welfare,Grants,https://coefficientgiving.org/grants/swift-centre-alternative-protein-forecasting/
grants-22501-0,22501,2024-09-20,2024,Speculative Technologies,Research Program Training (Predates Fund),750000.0,Abundance & Growth; Innovation Policy,Grants,https://coefficientgiving.org/grants/speculative-technologies-research-program-training-2024/
grants-22547-0,22547,2024-09-20,2024,Meridian,Operating Costs,1025422.0,Global Catastrophic Risks Opportunities,Grants,https://coefficientgiving.org/grants/meridian-operating-costs/
grants-23155-0,23155,2024-09-20,2024,Stanford University,Immunology Project,330000.0,Infectious Diseases; Science and Global Health R&D; Transformative Science,Grants,https://coefficientgiving.org/grants/stanford-university-immunology-project/
grants-22486-0,22486,2024-09-22,2024,Berkeley Existential Risk Initiative,Algorithmic Alignment Group,30000.0,Navigating Transformative AI,Grants,https://coefficientgiving.org/grants/berkeley-existential-risk-initiative-algorithmic-alignment-group/
grants-23314-0,23314,2024-09-22,2024,A World of Good Initiative,Animal Welfare Forum in Asia,46600.0,Farm Animal Welfare,Grants,https://coefficientgiving.org/grants/a-world-of-good-initiative-animal-welfare-forum-in-asia/
grants-23376-0,23376,2024-09-23,2024,Ambitious Impact,Farm Animal Welfare Charity Incubator,1296986.0,Farm Animal Welfare,Grants,https://coefficientgiving.org/grants/ambitious-impact-farm-animal-welfare-charity-incubator-2024/
grants-24923-0,24923,2024-09-23,2024,Renaissance Philanthropy,Big if True Science Accelerator (Predates Fund),250000.0,Abundance & Growth; Innovation Policy,Grants,https://coefficientgiving.org/grants/renaissance-philanthropy-big-if-true-science-accelerator/
grants-22653-0,22653,2024-09-24,2024,University of Maryland,LLM Cybersecurity Benchmark (Yizheng Chen),1721079.0,Navigating Transformative AI,Grants,https://coefficientgiving.org/grants/university-of-maryland-llm-cybsercurity-benchmark/
grants-23381-0,23381,2024-09-26,2024,Probably Good,General Support,2000000.0,Effective Giving & Careers,Grants,https://coefficientgiving.org/grants/probably-good-general-support-2024/
grants-22772-0,22772,2024-09-27,2024,Ethical Seafood Research,Farmed Tilapia Welfare in Egypt,330157.0,Farm Animal Welfare; Fish Welfare,Grants,https://coefficientgiving.org/grants/ethical-seafood-research-farmed-tilapia-welfare-in-egypt/
grants-23112-0,23112,2024-09-27,2024,People for Animals Uttarakhand,Farm Animal Welfare Fellowship,248632.0,Farm Animal Welfare; Farm Animal Welfare in Asia,Grants,https://coefficientgiving.org/grants/people-for-animals-uttarakhand-farm-animal-welfare-fellowship-2024/
grants-22760-0,22760,2024-09-30,2024,Princeton University,AI R&D Benchmark (Arvind Narayanan),863143.0,Navigating Transformative AI,Grants,https://coefficientgiving.org/grants/princeton-university-ai-rd-benchmark/
grants-22763-0,22763,2024-09-30,2024,The Task Force for Global Health,Global Flu Funders Consortium,323000.0,Infectious Diseases; Policy and Practice; Science and Global Health R&D,Grants,https://coefficientgiving.org/grants/the-task-force-for-global-health-global-flu-funders-consortium/
grants-23026-0,23026,2024-09-30,2024,Effective Institutions Project,AI Governance Work,400000.0,Navigating Transformative AI,Grants,https://coefficientgiving.org/grants/effective-institutions-project-ai-governance-work/
grants-23201-0,23201,2024-09-30,2024,Humane Society International,Corporate Campaigns in Mexico,200000.0,Cage-Free Reforms; Farm Animal Welfare,Grants,https://coefficientgiving.org/grants/humane-society-international-corporate-campaigns-in-mexico/
grants-25075-0,25075,2024-09-30,2024,Wavefront Security,Cybersecurity Services,206464.0,Navigating Transformative AI,Grants,https://coefficientgiving.org/grants/wavefront-security-cybersecurity-services/
grants-23140-0,23140,2024-10-01,2024,Novartis,Cryptosporidiosis Challenge Trial,2500000.0,Infectious Diseases; Science and Global Health R&D,Grants,https://coefficientgiving.org/grants/novartis-cryptosporidiosis-challenge-trial/
grants-23203-0,23203,2024-10-01,2024,Crate Free USA,Pig Gestation Corporate Campaigns (Exit Grant),69900.0,Farm Animal Welfare,Grants,https://coefficientgiving.org/grants/crate-free-usa-exit-grant/
grants-23465-0,23465,2024-10-01,2024,The Humane League,General Support,8400000.0,Broiler Chicken Welfare; Cage-Free Reforms; Farm Animal Welfare,Grants,https://coefficientgiving.org/grants/the-humane-league-general-support-2024/
grants-22656-0,22656,2024-10-02,2024,Coalition for Global Hepatitis Elimination,Hepatitis B Research,7615867.0,Infectious Diseases; Policy and Practice; Science and Global Health R&D,Grants,https://coefficientgiving.org/grants/coalition-for-global-hepatitis-elimination-hepatitis-b-research/
grants-23192-0,23192,2024-10-02,2024,Clinton Health Access Initiative,Sickle Cell Disease Market Shaping,8000000.0,Policy and Practice; Science and Global Health R&D,Grants,https://coefficientgiving.org/grants/clinton-health-access-initiative-sickle-cell-disease-market-shaping/
grants-23194-0,23194,2024-10-02,2024,Forecasting Research Institute,AI Progress Forecasting Panel,1071000.0,Navigating Transformative AI,Grants,https://coefficientgiving.org/grants/forecasting-research-institute-ai-progress-forecasting-panel/
grants-23217-0,23217,2024-10-02,2024,Berkeley Existential Risk Initiative,Oxford Martin AI Governance Initiative,35000.0,Navigating Transformative AI,Grants,https://coefficientgiving.org/grants/berkeley-existential-risk-initiative-oxford-martin-ai-governance-initiative/
grants-23360-0,23360,2024-10-02,2024,Inclusive Abundance Initiative,Abundance Conference,10000.0,Navigating Transformative AI,Grants,https://coefficientgiving.org/grants/inclusive-abundance-initiative-abundance-conference/
grants-23385-0,23385,2024-10-02,2024,Dalhousie University,Colostrum Research,5307885.0,Maternal and Newborn Health; Science and Global Health R&D,Grants,https://coefficientgiving.org/grants/dalhousie-university-colostrum-and-neonatal-sepsis-research/
grants-23973-0,23973,2024-10-02,2024,Stanford University,Humane & Sustainable Food Lab,200000.0,Farm Animal Welfare,Grants,https://coefficientgiving.org/grants/stanford-university-humane-sustainable-food-lab/
grants-22608-0,22608,2024-10-03,2024,Gradient Institute,Australian AI Safety Forum ,20000.0,Navigating Transformative AI,Grants,https://coefficientgiving.org/grants/gradient-institute-australian-ai-safety-forum/
grants-23095-0,23095,2024-10-03,2024,Sinergia Animal,Farm Animal Welfare in Southeast Asia and Latin America,3301255.0,Farm Animal Welfare,Grants,https://coefficientgiving.org/grants/sinergia-animal-farm-animal-welfare-in-southeast-asia-and-latin-america-2024/
grants-26300-0,26300,2024-10-03,2024,AI Safety Support,MATS Program Extension,709567.0,Navigating Transformative AI,Grants,https://coefficientgiving.org/grants/ai-safety-support-mats-program-extension/
grants-23049-0,23049,2024-10-04,2024,Global Health Innovative Technology Fund,Private Sector Fundraising,125000.0,Global Aid Policy,Grants,https://coefficientgiving.org/grants/global-health-innovative-technology-fund-private-sector-fundraising/
grants-23374-0,23374,2024-10-04,2024,Centre for the Governance of AI,General Support,2500000.0,Navigating Transformative AI,Grants,https://coefficientgiving.org/grants/govai-general-support-2024/
grants-22758-0,22758,2024-10-06,2024,Carreras con Impacto,Mentorship Program and Online Courses,189000.0,Global Catastrophic Risks Opportunities,Grants,https://coefficientgiving.org/grants/carreras-con-impacto-mentorship-program-and-online-courses/
grants-23986-0,23986,2024-10-07,2024,Michael Specter,Existential Risk Courses at MIT,62000.0,Global Catastrophic Risks Opportunities,Grants,https://coefficientgiving.org/grants/michael-specter-existential-risk-courses-at-mit-2024/
grants-23982-0,23982,2024-10-08,2024,Global Development Incubator,Lead Exposure Strategy Development,259582.0,Global Health & Wellbeing Opportunities,Grants,https://coefficientgiving.org/grants/global-development-incubator-lead-exposure-strategy-development/
grants-36546-0,36546,2024-10-08,2024,RAND Corporation,Biological Risk and Critical Infrastructure Analysis,450000.0,Biosecurity & Pandemic Preparedness,Grants,https://coefficientgiving.org/grants/biological-risk-and-critical-infrastructure-analysis/
grants-23319-0,23319,2024-10-09,2024,Blueprint Biosecurity,General Support,900000.0,Biosecurity & Pandemic Preparedness,Grants,https://coefficientgiving.org/grants/blueprint-biosecurity-general-support-2024/
grants-23372-0,23372,2024-10-09,2024,Heather Browning,Farm Animal Welfare Research,49571.0,Farm Animal Welfare,Grants,https://coefficientgiving.org/grants/the-university-of-southampton-farm-animal-welfare-research-2024/
grants-23362-0,23362,2024-10-10,2024,Forecasting Research Institute,Tripwire Capability Evaluations,358850.0,Navigating Transformative AI,Grants,https://coefficientgiving.org/grants/forecasting-research-institute-tripwire-capability-evaluations/
grants-28325-0,28325,2024-10-13,2024,United Kingdom Research and Innovation,Metascience Research (Predates Fund),2374160.0,Abundance & Growth; Innovation Policy,Grants,https://coefficientgiving.org/grants/metascience-research/
grants-23190-0,23190,2024-10-15,2024,University of Southern California,Clinical Trial for Preterm Birth Supplements,1070495.0,Human Health and Wellbeing; Maternal and Newborn Health; Science and Global Health R&D,Grants,https://coefficientgiving.org/grants/university-of-southern-california-clinical-trial-for-preterm-birth-supplements/
grants-23977-0,23977,2024-10-15,2024,Yale University,Inflammation Control Research,282000.0,Noninfectious Diseases; Science and Global Health R&D; Transformative Science,Grants,https://coefficientgiving.org/grants/yale-university-inflammation-control-research/
grants-23150-0,23150,2024-10-16,2024,Langsikt,AI Safety Advocacy,660000.0,Navigating Transformative AI,Grants,https://coefficientgiving.org/grants/langsikt-ai-safety-advocacy/
grants-24039-0,24039,2024-10-16,2024,Cambridge Boston Alignment Initiative,Student AI Safety Groups,1170000.0,Navigating Transformative AI,Grants,https://coefficientgiving.org/grants/cambridge-boston-alignment-initiative-student-ai-safety-groups/
grants-24869-0,24869,2024-10-16,2024,Rutgers University,AI Takeoff Speeds Paper (Cameron Domenico Kirk-Giannini),26675.0,Navigating Transformative AI,Grants,https://coefficientgiving.org/grants/rutgers-university-ai-takeoff-speeds-paper/
grants-23259-0,23259,2024-10-17,2024,VasoRX,Operating Costs (Investment),280000.0,Science and Global Health R&D; Transformative Science,Investments,https://coefficientgiving.org/grants/vasorx-operating-costs/
grants-23244-0,23244,2024-10-18,2024,Langsikt,Norwegian Aid Policy Work ,484000.0,Global Aid Policy,Grants,https://coefficientgiving.org/grants/langsikt-norwegian-aid-policy-work/
grants-23367-0,23367,2024-10-18,2024,Ayuda Efectiva,General Support,378000.0,Effective Giving & Careers,Grants,https://coefficientgiving.org/grants/ayuda-efectiva-general-support-2024/
grants-23975-0,23975,2024-10-18,2024,The Kids Research Institute Australia,Malaria Vaccine Modelling,410309.0,Infectious Diseases; Science and Global Health R&D,Grants,https://coefficientgiving.org/grants/the-kids-research-institute-australia-malaria-vaccine-modelling/
grants-25267-0,25267,2024-10-18,2024,World Health Organization,Next-Generation Malaria Vaccines,359053.0,Infectious Diseases; Science and Global Health R&D,Grants,https://coefficientgiving.org/grants/world-health-organization-next-generation-malaria-vaccines/
grants-23358-0,23358,2024-10-20,2024,The Vista Institute for AI Policy,AI Law Field Building,846265.0,Navigating Transformative AI,Grants,https://coefficientgiving.org/grants/the-vista-institute-for-ai-policy-ai-law-field-building/
grants-23110-0,23110,2024-10-21,2024,Observatorio de Riesgos Catastróficos Globales,AI Risk Explorer,212510.0,Navigating Transformative AI,Grants,https://coefficientgiving.org/grants/observatorio-de-riesgos-catastroficos-globales-ai-risk-explorer/
grants-24037-0,24037,2024-10-21,2024,Kairos Project,AI Safety University Group Support,886285.0,Navigating Transformative AI,Grants,https://coefficientgiving.org/grants/kairos-project-ai-safety-university-group-support/
grants-23971-0,23971,2024-10-22,2024,Mission Realization,Support for Farm Animal Welfare Organizations (Contract),820000.0,Farm Animal Welfare,Grants,https://coefficientgiving.org/grants/mission-realization-support-for-farm-animal-welfare-organizations-october-2024/
grants-25683-0,25683,2024-10-23,2024,University of Manitoba,Colostrum Research,2306098.0,Maternal and Newborn Health; Science and Global Health R&D,Grants,https://coefficientgiving.org/grants/the-university-of-manitoba-colostrum-research/
grants-23968-0,23968,2024-10-25,2024,Sightsavers,Trachoma Treatment Research,1021953.0,Infectious Diseases; Science and Global Health R&D,Grants,https://coefficientgiving.org/grants/sightsavers-trachoma-treatment-research/
grants-24043-0,24043,2024-10-27,2024,"80,000 Hours",General Support,6600000.0,Global Catastrophic Risks Opportunities,Grants,https://coefficientgiving.org/grants/80000-hours-general-support-october-2024/
grants-23222-0,23222,2024-10-28,2024,Friedrich Schiller University Jena,Analytical Chemistry Benchmark (Kevin Jablonka),828979.0,Navigating Transformative AI,Grants,https://coefficientgiving.org/grants/friedrich-schiller-university-jena-analytical-chemistry-benchmark/
grants-23979-0,23979,2024-10-29,2024,Longview Philanthropy,General Support,15961273.0,Global Catastrophic Risks Opportunities,Grants,https://coefficientgiving.org/grants/longview-philanthropy-general-support-october-2024/
grants-22930-0,22930,2024-10-30,2024,Massachusetts General Hospital,Novel Sepsis Diagnosis Method,958130.0,Infectious Diseases; Science and Global Health R&D,Grants,https://coefficientgiving.org/grants/massachusetts-general-hospital-novel-sepsis-diagnosis-method/
grants-24917-0,24917,2024-10-31,2024,Virtue AI,NeurIPS Prizes,30000.0,Navigating Transformative AI,Grants,https://coefficientgiving.org/grants/virtue-ai-neurips-prizes/
grants-24914-0,24914,2024-11-04,2024,AI Safety Hungary,AI Safety Capacity Building,22450.0,Navigating Transformative AI,Grants,https://coefficientgiving.org/grants/ai-safety-hungary-ai-safety-capacity-building/
grants-24980-0,24980,2024-11-04,2024,Fred Hutchinson Cancer Center,Fluro-BCG planning,102000.0,Infectious Diseases; Science and Global Health R&D,Grants,https://coefficientgiving.org/grants/fred-hutchinson-cancer-center-fluro-bcg-planning/
grants-36976-0,36976,2024-11-05,2024,RAND Corporation,AI Security Research,6000000.0,Navigating Transformative AI,Grants,https://coefficientgiving.org/grants/rand-corporation-ai-security-research/
grants-23257-0,23257,2024-11-06,2024,Pivotal Research,Research Fellowships,932733.0,Global Catastrophic Risks Opportunities,Grants,https://coefficientgiving.org/grants/pivotal-research-research-fellowships/
grants-24041-0,24041,2024-11-07,2024,Fred Hutchinson Cancer Center,CAR T-cell Cancer Treatment,195000.0,Noninfectious Diseases; Science and Global Health R&D; Transformative Science,Grants,https://coefficientgiving.org/grants/fred-hutchinson-cancer-center-car-t-cell-cancer-treatment/
grants-25010-0,25010,2024-11-07,2024,Cures Within Reach,Generic Drug Trials,1492040.0,Science and Global Health R&D,Grants,https://coefficientgiving.org/grants/cures-within-reach-generic-drug-trials-2024/
grants-25145-0,25145,2024-11-07,2024,University of Zurich,Swiss Aid Effectiveness,136097.0,Global Aid Policy,Grants,https://coefficientgiving.org/grants/university-of-zurich-swiss-aid-effectiveness/
grants-25157-0,25157,2024-11-07,2024,University of Basel,Graduate Courses on Cause Prioritization,22000.0,Effective Giving & Careers,Grants,https://coefficientgiving.org/grants/university-of-basel-graduate-courses-on-cause-prioritization/
grants-23177-0,23177,2024-11-08,2024,Vital Strategies,RESET Alcohol Initiative,8206570.0,Global Health & Wellbeing Opportunities,Grants,https://coefficientgiving.org/grants/vital-strategies-reset-alcohol-initiative-2024/
grants-23389-0,23389,2024-11-08,2024,SJS Inc.,Market Shaping for Alternative Proteins,300000.0,Alternatives to Animal Products; Farm Animal Welfare,Grants,https://coefficientgiving.org/grants/sjs-inc-market-shaping-for-alternative-proteins-2024/
grants-25177-0,25177,2024-11-08,2024,Arb Research,Shallow Review of AI Safety Research,5000.0,Navigating Transformative AI,Grants,https://coefficientgiving.org/grants/arb-research-shallow-review-of-ai-safety-research/
grants-23279-0,23279,2024-11-13,2024,Tony Blair Institute for Global Change,AI Governance Initiatives,636000.0,Navigating Transformative AI,Grants,https://coefficientgiving.org/grants/tony-blair-institute-for-global-change-ai-governance-initiatives/
grants-24937-0,24937,2024-11-13,2024,SecureBio,General Support,4000000.0,Biosecurity & Pandemic Preparedness,Grants,https://coefficientgiving.org/grants/securebio-general-support/
grants-25188-0,25188,2024-11-13,2024,Aquatic Life Institute,Fish Welfare Benchmarking,114420.0,Farm Animal Welfare; Fish Welfare,Grants,https://coefficientgiving.org/grants/aquatic-life-institute-fish-welfare-benchmarking/
grants-35864-0,35864,2024-11-13,2024,Giving What We Can,Effective Giving Summit,83390.0,Effective Giving & Careers,Grants,https://coefficientgiving.org/grants/effective-giving-summit/
grants-24048-0,24048,2024-11-14,2024,Effective Altruism Nigeria,Community-building Projects,9293.0,Effective Giving & Careers,Grants,https://coefficientgiving.org/grants/ea-nigeria-community-building-projects/
grants-23584-0,23584,2024-11-15,2024,Albert Schweitzer Foundation,General Support,1745172.0,Farm Animal Welfare; Farm Animal Welfare in Europe,Grants,https://coefficientgiving.org/grants/albert-schweitzer-foundation-general-support-2024/
grants-25153-0,25153,2024-11-15,2024,Cambridge Biosecurity Hub,Biosecurity Course and Club Events,34653.0,Global Catastrophic Risks Opportunities,Grants,https://coefficientgiving.org/grants/cambridge-biosecurity-hub-biosecurity-course-and-club-events-november-2024/
grants-28264-0,28264,2024-11-17,2024,Tarbell Center for AI Journalism,General Support,816000.0,Navigating Transformative AI,Grants,https://coefficientgiving.org/grants/general-support-3/
grants-28774-0,28774,2024-11-17,2024,Sage,AI 2025 Forecasting Questions (Contract),7275.0,Navigating Transformative AI,Grants,https://coefficientgiving.org/grants/ai-2025-forecasting-questions/
grants-23185-0,23185,2024-11-18,2024,Council on Strategic Risks,"Biosecurity Fellowships, Policy, and General Operations",6530000.0,Biosecurity & Pandemic Preparedness,Grants,https://coefficientgiving.org/grants/council-on-strategic-risks-biosecurity-fellowships-policy-and-general-operations/
grants-23254-0,23254,2024-11-19,2024,FABRIC,General Support,582000.0,Global Catastrophic Risks Opportunities,Grants,https://coefficientgiving.org/grants/fabric-general-support-2024/
grants-23732-0,23732,2024-11-19,2024,Sherlock Biosciences,Operating Costs & STI Clinical Trial (Investment),1500000.0,Infectious Diseases; Science and Global Health R&D,Investments,https://coefficientgiving.org/grants/sherlock-biosciences-operating-costs-sti-clinical-trial/
grants-24891-0,24891,2024-11-19,2024,Global Challenges Project,General Support,496000.0,Global Catastrophic Risks Opportunities,Grants,https://coefficientgiving.org/grants/global-challenges-project-general-support-november-2024/
grants-25150-0,25150,2024-11-19,2024,Star Farm Pakistan,Broiler Chicken and Layer Hen Welfare,350000.0,Broiler Chicken Welfare; Farm Animal Welfare; Farm Animal Welfare in Asia,Grants,https://coefficientgiving.org/grants/star-farms-pakistan-broiler-chicken-and-layer-hen-welfare/
grants-25131-0,25131,2024-11-20,2024,Giving What We Can,General Support,2200000.0,Effective Giving & Careers,Grants,https://coefficientgiving.org/grants/giving-what-we-can-general-support-november-2024/
grants-25194-0,25194,2024-11-21,2024,Drugs & Diagnostics for Tropical Diseases,Rapid Diagnostic Tests,356000.0,Policy and Practice; Science and Global Health R&D,Grants,https://coefficientgiving.org/grants/drugs-diagnostics-for-tropical-diseases-rapid-diagnostic-tests/
grants-23729-0,23729,2024-11-24,2024,Fund for Global Talent Mobility,High-Skilled Immigration Grants (Predates Fund),1100000.0,Abundance & Growth; Innovation Policy,Grants,https://coefficientgiving.org/grants/fund-for-global-talent-mobility-high-skilled-immigration-grants-november-2024/
grants-23706-0,23706,2024-11-25,2024,University of Oxford,"AI Cybersecurity Project (Brianna Rosen, Ciaran Martin)",264666.0,Navigating Transformative AI,Grants,https://coefficientgiving.org/grants/university-of-oxford-ai-cybersecurity-project/
grants-25273-0,25273,2024-11-25,2024,UK Animal Law Foundation / Advocates for Animals,Farm Animal Welfare Legal Work,559977.0,Farm Animal Welfare,Grants,https://coefficientgiving.org/grants/animal-law-foundation-farm-animal-welfare-legal-work-2024/
grants-25313-0,25313,2024-11-26,2024,Animal & Vegan Advocacy Summit,Conference Support,186000.0,Farm Animal Welfare,Grants,https://coefficientgiving.org/grants/animal-vegan-advocacy-summit-conference-support-2024/
grants-23592-0,23592,2024-11-27,2024,Montreal SPCA,Farm Animal Welfare Advocacy,243829.0,Farm Animal Welfare,Grants,https://coefficientgiving.org/grants/montreal-spca-farm-animal-welfare-advocacy/
grants-23988-0,23988,2024-11-27,2024,Cambridge AI Safety Hub,Operating Costs,589903.0,Navigating Transformative AI,Grants,https://coefficientgiving.org/grants/cambridge-ai-safety-hub-operating-costs/
grants-24907-0,24907,2024-11-27,2024,Centre for the Governance of AI,General Support,400000.0,Navigating Transformative AI,Grants,https://coefficientgiving.org/grants/govai-general-support-november-2024/
grants-24909-0,24909,2024-11-27,2024,Centre for the Governance of AI,General Support,600000.0,Navigating Transformative AI,Grants,https://coefficientgiving.org/grants/govai-general-support-november-2024-2/
grants-25315-0,25315,2024-11-27,2024,University of Warwick,Evidence-Based Policymaking,21490.0,Global Health & Wellbeing Opportunities,Grants,https://coefficientgiving.org/grants/university-of-warwick-evidence-based-policymaking/
grants-34823-0,34823,2024-12-04,2024,Mirror Biology Dialogues Fund,Operating Costs,5300000.0,Biosecurity & Pandemic Preparedness,Grants,https://coefficientgiving.org/grants/operating-costs-2/
grants-24830-0,24830,2024-12-05,2024,Kainomyx,Antimalarial Drug (Investment),900000.0,Infectious Diseases; Science and Global Health R&D; Transformative Science,Investments,https://coefficientgiving.org/grants/kainomyx-antimalarial-drug-2025/
grants-25660-0,25660,2024-12-05,2024,Food Frontier,Promoting Plant-Based Meat Alternatives,505000.0,Alternatives to Animal Products; Farm Animal Welfare,Grants,https://coefficientgiving.org/grants/food-frontier-promoting-plant-based-meat-alternatives/
grants-24608-0,24608,2024-12-09,2024,University of Oxford,Improved First-Generation Malaria Vaccine Development,4296130.0,Infectious Diseases; Science and Global Health R&D,Grants,https://coefficientgiving.org/grants/university-of-oxford-improved-first-generation-malaria-vaccine-development/
grants-24610-0,24610,2024-12-09,2024,University of Oxford,Malaria Vaccine Manufacturing,4703785.0,Infectious Diseases; Science and Global Health R&D,Grants,https://coefficientgiving.org/grants/university-of-oxford-malaria-vaccine-manufacturing/
grants-24624-0,24624,2024-12-09,2024,Stanford University,Research on Vaccine Durability,4000000.0,Infectious Diseases; Science and Global Health R&D; Transformative Science,Grants,https://coefficientgiving.org/grants/stanford-university-research-on-vaccine-durability/
grants-25300-0,25300,2024-12-09,2024,University of Ottawa,Institute for Replication,1005774.0,Global Health & Wellbeing Opportunities,Grants,https://coefficientgiving.org/grants/university-of-ottawa-institute-for-replication-2024/
grants-25308-0,25308,2024-12-09,2024,Center for Policy and Animal Welfare,General Support,55000.0,Farm Animal Welfare,Grants,https://coefficientgiving.org/grants/animal-welfare-economics-working-group-general-support/
grants-25644-0,25644,2024-12-10,2024,Cambridge Boston Alignment Initiative,Cybersecurity Bootcamp,42807.0,Navigating Transformative AI,Grants,https://coefficientgiving.org/grants/cambridge-boston-alignment-initiative-cybersecurity-bootcamp/
grants-24767-0,24767,2024-12-11,2024,Generation Pledge,General Support,1500000.0,Effective Giving & Careers,Grants,https://coefficientgiving.org/grants/generation-pledge-general-support/
grants-25302-0,25302,2024-12-11,2024,University of Texas at Austin,"AI Safety Research (Christian Tarsney, Brad Knox)",785000.0,Navigating Transformative AI,Grants,https://coefficientgiving.org/grants/university-of-texas-at-austin-ai-safety-research/
grants-25646-0,25646,2024-12-11,2024,Trajectory Labs,AI Safety Coworking Space,250087.0,Navigating Transformative AI,Grants,https://coefficientgiving.org/grants/trajectory-labs-ai-safety-coworking-space/
grants-25648-0,25648,2024-12-11,2024,Daniel Kang,Research on AI Benchmarks,725000.0,Navigating Transformative AI,Grants,https://coefficientgiving.org/grants/daniel-kang-research-on-ai-benchmarks/
grants-36822-0,36822,2024-12-11,2024,Clinton Health Access Initiative,Program Performance Team,5104824.0,Global Health & Wellbeing Opportunities,Grants,https://coefficientgiving.org/grants/program-performance-team/
grants-23734-0,23734,2024-12-13,2024,Good Ancestors Policy,Global Catastrophic Risks Advocacy,580236.0,Navigating Transformative AI,Grants,https://coefficientgiving.org/grants/good-ancestors-policy-global-catastrophic-risks-advocacy/
grants-25304-0,25304,2024-12-13,2024,Rethink Priorities,Fish Welfare Conference,42054.0,Farm Animal Welfare; Fish Welfare,Grants,https://coefficientgiving.org/grants/rethink-priorities-fish-welfare-conference/
grants-26228-0,26228,2024-12-13,2024,Legal Impact for Chickens,Farm Animal Welfare Litigation,300000.0,Farm Animal Welfare,Grants,https://coefficientgiving.org/grants/legal-impact-for-chickens-farm-animal-welfare-litigation-2024/
grants-25705-0,25705,2024-12-17,2024,Future Impact Group,Research Mentorship Program,219133.0,Global Catastrophic Risks Opportunities,Grants,https://coefficientgiving.org/grants/future-impact-group-research-mentorship-program/
grants-37587-0,37587,2024-12-17,2024,Centre for British Progress,General Support,1000000.0,Abundance & Growth,Grants,https://coefficientgiving.org/grants/general-support-42/
grants-25269-0,25269,2024-12-18,2024,Animal & Vegan Advocacy Summit,General Support,550000.0,Farm Animal Welfare,Grants,https://coefficientgiving.org/grants/animal-vegan-advocacy-summit-general-support/
grants-25271-0,25271,2024-12-18,2024,Advocates for Animals,Farm Animal Welfare Legal Work,550000.0,Farm Animal Welfare,Grants,https://coefficientgiving.org/grants/advocates-for-animals-farm-animal-welfare-legal-work-2024/
grants-25662-0,25662,2024-12-18,2024,GiveWell,General Support,5058549.0,Global Health & Wellbeing Opportunities,Grants,https://coefficientgiving.org/grants/givewell-general-support-2024/
grants-25401-0,25401,2024-12-19,2024,MATS Research,AI Safety Research Expenses,660000.0,Navigating Transformative AI,Grants,https://coefficientgiving.org/grants/mats-research-ai-safety-research-expenses/
grants-23586-0,23586,2024-12-20,2024,World Animal Protection,Farm Animal Welfare in Asia,600000.0,Farm Animal Welfare; Farm Animal Welfare in Asia,Grants,https://coefficientgiving.org/grants/world-animal-protection-farm-animal-welfare-in-asia-2024/
grants-23984-0,23984,2024-12-20,2024,Esade,Course Buyouts (Predates Fund),135000.0,Abundance & Growth; Innovation Policy,Grants,https://coefficientgiving.org/grants/esade-course-buyouts/
grants-24673-0,24673,2024-12-20,2024,Janaagraha,Air Quality Grants Assessment,194920.0,Air Quality,Grants,https://coefficientgiving.org/grants/janaagraha-air-quality-grants-assessment/
grants-24714-0,24714,2024-12-20,2024,The Centre for Economic Policy Research,Macroeconomic Impacts of Cash Transfers,125210.0,Forecasting,Grants,https://coefficientgiving.org/grants/the-centre-for-economic-policy-research-macroeconomic-impacts-of-cash-transfers/
grants-24835-0,24835,2024-12-20,2024,Edward Schram,R&D on Humane Wild Fish Capture,176395.0,Farm Animal Welfare; Fish Welfare,Grants,https://coefficientgiving.org/grants/nederlandse-vissersbond-rd-on-humane-wild-fish-capture/
grants-24967-0,24967,2024-12-20,2024,fair-fish international association,General Support,518430.0,Farm Animal Welfare; Fish Welfare,Grants,https://coefficientgiving.org/grants/fair-fish-international-association-general-support-2024/
grants-25306-0,25306,2024-12-20,2024,A World of Good Initiative,Animal Welfare Forum in Asia,156000.0,Farm Animal Welfare,Grants,https://coefficientgiving.org/grants/a-world-of-good-initiative-animal-welfare-in-asia/
grants-25694-0,25694,2024-12-21,2024,Faunalytics,Farm Animal Welfare Datasets,35000.0,Farm Animal Welfare,Grants,https://coefficientgiving.org/grants/faunalytics-farm-animal-welfare-datasets/
grants-25404-0,25404,2024-12-24,2024,National Academy of Sciences,Future of Biomedical Databases Study,75000.0,Policy and Practice; Science and Global Health R&D,Grants,https://coefficientgiving.org/grants/national-academy-of-sciences-future-of-biomedical-databases-study/
grants-38337-0,38337,2025-01-01,2025,Albert Schweitzer Foundation,General Support,1903824.0,Farm Animal Welfare,Grants,https://coefficientgiving.org/grants/general-support-39/
grants-37021-0,37021,2025-01-03,2025,Pahle India Foundation,Lead Exposure Research and Convening,267878.0,Lead Exposure Action Fund,Grants,https://coefficientgiving.org/grants/lead-exposure-research-and-convening/
grants-24626-0,24626,2025-01-07,2025,Massachusetts Institute of Technology,AI Trends and Impacts Research (Neil Thompson),3600000.0,Navigating Transformative AI,Grants,https://coefficientgiving.org/grants/massachusetts-institute-of-technology-ai-trends-and-impacts-research-2025/
grants-25220-0,25220,2025-01-07,2025,Bipartisan Commission on Biodefense,General Support,2005867.0,Biosecurity & Pandemic Preparedness,Grants,https://coefficientgiving.org/grants/bipartisan-commission-on-biodefense-general-support-2024/
grants-25677-0,25677,2025-01-07,2025,Effektiv Spenden,Berlin Coworking Space,109000.0,Global Catastrophic Risks Opportunities,Grants,https://coefficientgiving.org/grants/effektiv-spenden-berlin-coworking-space/
grants-25311-0,25311,2025-01-08,2025,Good Impressions,Pro Bono Global Health Campaigns,130000.0,Effective Giving & Careers,Grants,https://coefficientgiving.org/grants/good-impressions-pro-bono-marketing/
grants-26449-0,26449,2025-01-08,2025,Tlön,Translation Work,653072.0,Global Catastrophic Risks Opportunities,Grants,https://coefficientgiving.org/grants/tlon-translation-work/
grants-24844-0,24844,2025-01-09,2025,ERA,AI Fellowships,2505245.0,Navigating Transformative AI,Grants,https://coefficientgiving.org/grants/era-ai-fellowships-2025/
grants-23664-0,23664,2025-01-10,2025,Animal Welfare Observatory,Farm Animal Welfare Campaigns,1312631.0,Farm Animal Welfare; Farm Animal Welfare in Europe,Grants,https://coefficientgiving.org/grants/animal-welfare-observatory-farm-animal-welfare-campaigns/
grants-24741-0,24741,2025-01-10,2025,High Impact Professionals,General Support,251110.0,Effective Giving & Careers,Grants,https://coefficientgiving.org/grants/high-impact-professionals-general-support-2025/
grants-26023-0,26023,2025-01-10,2025,ML4Good,AI Safety Bootcamps,140382.0,Navigating Transformative AI,Grants,https://coefficientgiving.org/grants/ml4good-ai-safety-bootcamps/
grants-25711-0,25711,2025-01-14,2025,Hive,General Support,250000.0,Farm Animal Welfare,Grants,https://coefficientgiving.org/grants/hive-general-support-2025/
grants-28323-0,28323,2025-01-15,2025,Innovation Growth Lab,General Support,1000000.0,Abundance & Growth; Innovation Policy,Grants,https://coefficientgiving.org/grants/general-support-5/
grants-24012-0,24012,2025-01-16,2025,Training for Good,Operating Costs and EU Tech Policy Fellowship,461069.0,Navigating Transformative AI,Grants,https://coefficientgiving.org/grants/training-for-good-operating-costs-and-eu-tech-policy-fellowship/
grants-24605-0,24605,2025-01-17,2025,Asociación para el Rescate y Bienestar de los Animales,Farm Animal Welfare in Peru,300000.0,Farm Animal Welfare,Grants,https://coefficientgiving.org/grants/asociacion-para-el-rescate-y-bienestar-de-los-animales-farm-animal-welfare-in-peru-2025/
grants-25406-0,25406,2025-01-17,2025,Timaeus Research,Operating Expenses,2049000.0,Navigating Transformative AI,Grants,https://coefficientgiving.org/grants/timaeus-operating-expenses/
grants-25664-0,25664,2025-01-17,2025,Apart Research,AI Alignment Hackathons,161280.0,Navigating Transformative AI,Grants,https://coefficientgiving.org/grants/apart-research-ai-alignment-hackathons-2025/
grants-24119-0,24119,2025-01-21,2025,Effective Altruism Funds,Operating Expenses,602000.0,Global Catastrophic Risks Opportunities,Grants,https://coefficientgiving.org/grants/ea-funds-operating-expenses-2025/
grants-24595-0,24595,2025-01-21,2025,Animal Nepal,Advocacy for Poultry and Buffalo Welfare (Exit Grant),55000.0,Farm Animal Welfare,Grants,https://coefficientgiving.org/grants/animal-nepal-exit-grant/
grants-25741-0,25741,2025-01-21,2025,The Pollination Project,Movement Building,220000.0,Farm Animal Welfare,Grants,https://coefficientgiving.org/grants/the-pollination-project-movement-building-2025/
grants-25970-0,25970,2025-01-21,2025,Ge Effektivt,General Support,95500.0,Effective Giving & Careers,Grants,https://coefficientgiving.org/grants/ge-effektivt-general-support-2025/
grants-25637-0,25637,2025-01-22,2025,Southern African Faith Communities’ Environment Institute,Cage-free Campaigns,200000.0,Farm Animal Welfare,Grants,https://coefficientgiving.org/grants/southern-african-faith-communities-environment-institute-cage-free-campaigns/
grants-25714-0,25714,2025-01-22,2025,Asothia,Funding Opportunity Tool,14472.0,Abundance & Growth; Innovation Policy,Grants,https://coefficientgiving.org/grants/asothia-funding-opportunity-tool/
grants-25733-0,25733,2025-01-22,2025,International Institute for Strategic Studies,Forecasting Session,33000.0,Forecasting,Grants,https://coefficientgiving.org/grants/international-institute-for-strategic-studies-forecasting-session/
grants-26138-0,26138,2025-01-22,2025,Oregon Health and Science University,Nanobody Discovery for Malaria Prevention,385480.0,Infectious Diseases; Science and Global Health R&D; Transformative Science,Grants,https://coefficientgiving.org/grants/oregon-health-science-university-nanobody-discovery-for-malaria-prevention/
grants-23693-0,23693,2025-01-23,2025,Alignment Research Engineer Accelerator,AI Safety Technical Program,1000000.0,Navigating Transformative AI,Grants,https://coefficientgiving.org/grants/alignment-research-engineer-accelerator-ai-safety-technical-program-2025/
grants-24096-0,24096,2025-01-24,2025,Sai Uttej,Exploratory Work on Indian Social Welfare Policy,8500.0,Effective Giving & Careers,Grants,https://coefficientgiving.org/grants/sai-uttej-exploratory-work-on-indian-social-welfare-policy/
grants-24098-0,24098,2025-01-24,2025,Haindavi Kandarpa,Exploratory Work on Indian Social Welfare Policy,8500.0,Effective Giving & Careers,Grants,https://coefficientgiving.org/grants/haindavi-kandarpa-exploratory-work-on-indian-social-welfare-policy/
grants-24143-0,24143,2025-01-24,2025,Compassion in World Farming,Broiler Chicken Welfare and Efforts to End Cages and Crates,3381985.0,Farm Animal Welfare,Grants,https://coefficientgiving.org/grants/compassion-in-world-farming-broiler-chicken-welfare-and-efforts-to-end-cages-and-crates-2025/
grants-25699-0,25699,2025-01-28,2025,Nova School of Business and Economics,Study on Development Interventions,45000.0,Global Health & Wellbeing Opportunities,Grants,https://coefficientgiving.org/grants/nova-school-of-business-and-economics-study-on-development-interventions/
grants-25716-0,25716,2025-01-28,2025,University of Ottawa,Prof. Abel Brodeur Research Chairship,69588.0,Abundance & Growth; Innovation Policy,Grants,https://coefficientgiving.org/grants/university-of-ottawa-research-chairship/
grants-25816-0,25816,2025-01-28,2025,Telethon Kids Institute,Malaria Vaccine Stakeholder Engagement Meeting,55000.0,Infectious Diseases; Science and Global Health R&D,Grants,https://coefficientgiving.org/grants/kids-research-institute-australia-malaria-vaccine-stakeholder-engagement-meeting/
grants-24730-0,24730,2025-01-29,2025,Berkeley Existential Risk Initiative,InterACT Lab (Anca Dragan),59400.0,Navigating Transformative AI,Grants,https://coefficientgiving.org/grants/berkeley-existential-risk-initiative-interact-lab/
grants-24762-0,24762,2025-01-29,2025,Zipline,Scoping Grant for Vaccine Delivery,54620.0,Global Health & Wellbeing Opportunities,Grants,https://coefficientgiving.org/grants/zipline-scoping-grant-for-vaccine-delivery/
grants-26195-0,26195,2025-01-29,2025,The Humane League,General Support,10000000.0,Farm Animal Welfare,Grants,https://coefficientgiving.org/grants/the-humane-league-general-support-2025/
grants-24598-0,24598,2025-01-30,2025,Oxford AI Safety Initiative,Office Access,18309.0,Navigating Transformative AI,Grants,https://coefficientgiving.org/grants/oxford-ai-safety-initiative-office-access/
grants-24677-0,24677,2025-01-30,2025,Indian Institute of Technology Delhi,Truck Emissions Research,163291.0,Air Quality,Grants,https://coefficientgiving.org/grants/indian-institute-of-technology-delhi-truck-emissions-research/
grants-25701-0,25701,2025-01-30,2025,"University of California, Berkeley",AI Red-teaming Bootcamp (Andrew Reddie),100000.0,Navigating Transformative AI,Grants,https://coefficientgiving.org/grants/uc-berkeley-ai-red-teaming-bootcamp/
grants-24719-0,24719,2025-02-04,2025,"University of California, Berkeley",InterACT Lab (Anca Dragan),775000.0,Navigating Transformative AI,Grants,https://coefficientgiving.org/grants/uc-berkeley-interact-lab/
grants-24739-0,24739,2025-02-04,2025,Stanford University,H5N1 Testing Scale-up,100000.0,Infectious Diseases; Science and Global Health R&D,Grants,https://coefficientgiving.org/grants/stanford-university-h5n1-testing-scale-up/
grants-26048-0,26048,2025-02-04,2025,TropIQ Health Sciences,Antimalarial Bednet Drug Screening,540568.0,Infectious Diseases; Science and Global Health R&D,Grants,https://coefficientgiving.org/grants/tropiq-health-sciences-antimalarial-bednet-drug-screening/
grants-25709-0,25709,2025-02-05,2025,Lancefield Society,Strep A Conference,38052.0,Infectious Diseases; Policy and Practice; Science and Global Health R&D,Grants,https://coefficientgiving.org/grants/the-lancefield-society-strep-a-conference-support/
grants-26079-0,26079,2025-02-05,2025,International Rescue Committee,Costing Analysis,159460.0,Global Aid Policy,Grants,https://coefficientgiving.org/grants/international-rescue-committee-costing-analysis/
grants-26088-0,26088,2025-02-05,2025,Epoch,General Support,4132488.0,Navigating Transformative AI,Grants,https://coefficientgiving.org/grants/epoch-ai-general-support-2025/
grants-25703-0,25703,2025-02-06,2025,University of Pretoria,Far-UVC Study,754525.0,Biosecurity & Pandemic Preparedness,Grants,https://coefficientgiving.org/grants/university-of-pretoria-far-uvc-study/
grants-24635-0,24635,2025-02-10,2025,Center for Building in North America,Building Code Reform,500000.0,Abundance & Growth; Housing Policy Reform,Grants,https://coefficientgiving.org/grants/center-for-building-in-north-america-building-code-reform-2025/
grants-25747-0,25747,2025-02-11,2025,Pakistan Air Quality Initiative,Air Quality in Pakistan (Contract),200000.0,Air Quality,Grants,https://coefficientgiving.org/grants/pakistan-air-quality-initiative-air-quality-in-pakistan-2025/
grants-26059-0,26059,2025-02-11,2025,Union,Animal Welfare Documentary,30000.0,Farm Animal Welfare; Farm Animal Welfare in Europe,Grants,https://coefficientgiving.org/grants/union-animal-welfare-documentary/
grants-36986-0,36986,2025-02-11,2025,National Bureau of Economic Research,National Bureau of Economic Research — Innovation Policy Working Group,457386.0,Abundance & Growth; Innovation Policy,Grants,https://coefficientgiving.org/grants/national-bureau-of-economic-research-innovation-policy-working-group-2/
grants-25096-0,25096,2025-02-12,2025,Alianima,Corporate Pledge Implementation in Brazil,999997.0,Cage-Free Reforms; Farm Animal Welfare,Grants,https://coefficientgiving.org/grants/alianima-corporate-pledge-implementation-in-brazil-2025/
grants-26103-0,26103,2025-02-13,2025,Centre for the Governance of AI,AI Governance Field-building,441613.0,Navigating Transformative AI,Grants,https://coefficientgiving.org/grants/govai-ai-governance-field-building-february-2025/
grants-26018-0,26018,2025-02-14,2025,University of Illinois Urbana-Champaign,Zero-knowledge Proofs for Secure AI Audits (Daniel Kang),615000.0,Navigating Transformative AI,Grants,https://coefficientgiving.org/grants/university-of-illinois-urbana-champaign-zero-knowledge-proofs-for-secure-ai-audits/
grants-28190-0,28190,2025-02-16,2025,Clinton Health Access Initiative,Scoping Strategies for Lead Exposure,287500.0,Lead Exposure Action Fund,Grants,https://coefficientgiving.org/grants/scoping-strategies-for-lead-exposure/
grants-28270-0,28270,2025-02-16,2025,Animal Friends Jogja,Farm Animal Welfare in Indonesia,365200.0,Farm Animal Welfare,Grants,https://coefficientgiving.org/grants/farm-animal-welfare-in-indonesia/
grants-26271-0,26271,2025-02-17,2025,Humánny pokrok,Chicken Welfare Campaigns in Slovakia,402933.0,Farm Animal Welfare; Farm Animal Welfare in Europe,Grants,https://coefficientgiving.org/grants/humanny-pokrok-chicken-welfare-campaigns-in-slovakia-2025/
grants-24637-0,24637,2025-02-18,2025,SecureBio,Nucleic Acid Observatory,3430000.0,Biosecurity & Pandemic Preparedness,Grants,https://coefficientgiving.org/grants/securebio-nucleic-acid-observatory/
grants-24728-0,24728,2025-02-18,2025,Vaccine Formulation Institute,Clinical Development of Novel Adjuvants,5732100.0,Infectious Diseases; Science and Global Health R&D,Grants,https://coefficientgiving.org/grants/vaccine-formulation-institute-clinical-development-of-novel-adjuvants/
grants-26238-0,26238,2025-02-18,2025,Kyle House Group,Aid Policy Strategy (Contract),930000.0,Global Aid Policy,Grants,https://coefficientgiving.org/grants/kyle-house-group-aid-policy-strategy-2025/
grants-24640-0,24640,2025-02-19,2025,Center for Global Development,General Support,1500000.0,Global Aid Policy,Grants,https://coefficientgiving.org/grants/center-for-global-development-general-support-2025/
grants-25509-0,25509,2025-02-19,2025,Produtor do Bem,Farm Animal Welfare Certification in Brazil,600000.0,Farm Animal Welfare,Grants,https://coefficientgiving.org/grants/produtor-do-bem-certificao-farm-animal-welfare-certification-in-brazil-2025/
grants-26025-0,26025,2025-02-20,2025,"University of California, San Francisco",Communal Computing Technology,1500000.0,Abundance & Growth; Innovation Policy,Grants,https://coefficientgiving.org/grants/ucsf-communal-computing-technology/
grants-26105-0,26105,2025-02-20,2025,"80,000 Hours",Marketing,2700000.0,Global Catastrophic Risks Opportunities,Grants,https://coefficientgiving.org/grants/80000-hours-marketing-2025/
grants-24905-0,24905,2025-02-21,2025,Global Shield,Global Catastrophic Risks Advocacy,2320000.0,Navigating Transformative AI,Grants,https://coefficientgiving.org/grants/global-shield-global-catastrophic-risks-advocacy/
grants-26027-0,26027,2025-02-21,2025,Desegregate CT,YIMBYtown Conference,75000.0,Abundance & Growth; Housing Policy Reform,Grants,https://coefficientgiving.org/grants/desegregatect-yimbytown-2025/
grants-24745-0,24745,2025-02-24,2025,1Day Sooner,General Support,3000000.0,Science and Global Health R&D,Grants,https://coefficientgiving.org/grants/1day-sooner-general-support-2025/
grants-26426-0,26426,2025-02-24,2025,Gordon Research Conferences,2025 Malaria Conference,100000.0,Infectious Diseases; Science and Global Health R&D,Grants,https://coefficientgiving.org/grants/gordon-research-conferences-malaria-conference-2025/
grants-25071-0,25071,2025-02-25,2025,PoliPoli,Global Health Aid Advocacy and Incubation,218200.0,Global Aid Policy,Grants,https://coefficientgiving.org/grants/polipoli-global-health-aid-advocacy-and-incubation-2025/
grants-26065-0,26065,2025-02-25,2025,"University of California, Berkeley",Fieldwork Trip for Proposed RCT,20000.0,Global Health & Wellbeing Opportunities,Grants,https://coefficientgiving.org/grants/uc-berkeley-fieldwork-trip-for-proposed-rct/
grants-25632-0,25632,2025-02-26,2025,Dartmouth,Economics Ph.D. Fellowship,134200.0,Effective Giving & Careers,Grants,https://coefficientgiving.org/grants/dartmouth-economics-ph-d-fellowship/
grants-25083-0,25083,2025-02-27,2025,Compromiso Verde,Cage-Free Campaigns in Peru,324000.0,Cage-Free Reforms; Farm Animal Welfare,Grants,https://coefficientgiving.org/grants/compromiso-verde-cage-free-campaigns-in-peru-2025/
grants-25642-0,25642,2025-02-27,2025,"Berkeley Center for Responsible, Decentralized Intelligence",AI Safety Competition Prizes,20000.0,Navigating Transformative AI,Grants,https://coefficientgiving.org/grants/llm-agents-hackathon-ai-safety-competition-prizes/
grants-26020-0,26020,2025-02-27,2025,Centre for the Governance of AI,General Support,2995207.0,Navigating Transformative AI,Grants,https://coefficientgiving.org/grants/govai-general-support-february-2025/
grants-26094-0,26094,2025-02-27,2025,Fish Welfare Initiative,Fish Welfare in India,650000.0,Farm Animal Welfare; Fish Welfare,Grants,https://coefficientgiving.org/grants/fish-welfare-initiative-fish-welfare-in-india-2025/
grants-25032-0,25032,2025-02-28,2025,Forecasting Research Institute,General Support,10080000.0,Forecasting,Grants,https://coefficientgiving.org/grants/forecasting-research-institute-general-support/
grants-25511-0,25511,2025-02-28,2025,Animal Advocacy Careers,General Support,500000.0,Farm Animal Welfare,Grants,https://coefficientgiving.org/grants/animal-advocacy-careers-general-support-2025/
grants-25980-0,25980,2025-03-03,2025,University of Oxford,Oxford AI Governance Initiative,5423018.0,Navigating Transformative AI,Grants,https://coefficientgiving.org/grants/university-of-oxford-oxford-ai-governance-initiative/
grants-25839-0,25839,2025-03-04,2025,Rethink Priorities,Global Health & Development Team Support,1500000.0,Effective Giving & Careers,Grants,https://coefficientgiving.org/grants/rethink-priorities-global-health-development-team-support/
grants-25909-0,25909,2025-03-05,2025,London Initiative for Safe AI,General Support,1647005.0,Navigating Transformative AI,Grants,https://coefficientgiving.org/grants/london-initiative-for-safe-ai-general-support-2025/
grants-25914-0,25914,2025-03-06,2025,Catalyst,Cage-free Campaigns,745000.0,Farm Animal Welfare,Grants,https://coefficientgiving.org/grants/catalyst-cage-free-campaigns/
grants-28351-0,28351,2025-03-06,2025,Tarbell Center for AI Journalism,Operating Costs,2888000.0,Navigating Transformative AI,Grants,https://coefficientgiving.org/grants/operating-costs/
grants-26090-0,26090,2025-03-10,2025,"Council on Energy, Environment, and Water",Study on Alternative Proteins in India,148000.0,Alternatives to Animal Products; Farm Animal Welfare,Grants,https://coefficientgiving.org/grants/council-on-energy-environment-and-water-study-on-alternative-proteins-in-india/
grants-26222-0,26222,2025-03-11,2025,University of Edinburgh,Treatments for Preterm Birth,5900000.0,Maternal and Newborn Health; Science and Global Health R&D,Grants,https://coefficientgiving.org/grants/university-of-edinburgh-treatments-for-preterm-birth/
grants-26086-0,26086,2025-03-12,2025,Epoch,FrontierMath Benchmark Improvements,70000.0,Navigating Transformative AI,Grants,https://coefficientgiving.org/grants/epoch-ai-frontiermath-benchmark-improvements/
grants-26428-0,26428,2025-03-12,2025,Albion East,Aid Policy Advocacy,606849.0,Global Aid Policy,Grants,https://coefficientgiving.org/grants/albion-east-aid-policy-advocacy/
grants-25973-0,25973,2025-03-14,2025,Animal Justice Canada,Cage-free Corporate Campaigns,400000.0,Farm Animal Welfare,Grants,https://coefficientgiving.org/grants/animal-justice-canada-cage-free-corporate-campaigns-2025/
grants-26081-0,26081,2025-03-14,2025,MATS Research,AI Safety Research Expenses,6880000.0,Navigating Transformative AI,Grants,https://coefficientgiving.org/grants/mats-research-ai-safety-research-expenses-2025/
grants-26234-0,26234,2025-03-14,2025,Sincxpress Education,Mechanistic Interpretability Course Development,30000.0,Navigating Transformative AI,Grants,https://coefficientgiving.org/grants/sincxpress-education-mechanistic-interpretability-course-development/
grants-28186-0,28186,2025-03-16,2025,Resolve To Save Lives,Lead Poisoning Elimination in Nigeria,3040000.0,Lead Exposure Action Fund,Grants,https://coefficientgiving.org/grants/lead-poisoning-elimination-in-nigeria/
grants-28268-0,28268,2025-03-16,2025,Stanford University,AI Standards Report (Colin Kahl),387500.0,Navigating Transformative AI,Grants,https://coefficientgiving.org/grants/ai-standards-report/
grants-28770-0,28770,2025-03-16,2025,Eradavir,Influenza Treatment RCT (Investment),250000.0,Infectious Diseases; Science and Global Health R&D,Investments,https://coefficientgiving.org/grants/influenza-treatment-rct/
grants-28963-0,28963,2025-03-16,2025,Founders Pledge,General Support,4000000.0,Effective Giving & Careers,Grants,https://coefficientgiving.org/grants/general-support-13/
grants-35903-0,35903,2025-03-17,2025,Centre for Effective Altruism,Events and Travel Support,430000.0,Effective Giving & Careers,Grants,https://coefficientgiving.org/grants/events-and-travel-support/
grants-25112-0,25112,2025-03-18,2025,Civita,Aid Policy Program,240000.0,Global Aid Policy,Grants,https://coefficientgiving.org/grants/civita-aid-policy-program-2025/
grants-25640-0,25640,2025-03-18,2025,Children’s National Research Institute,Diagnostic AI for Rheumatic Heart Disease,563248.0,Noninfectious Diseases; Science and Global Health R&D,Grants,https://coefficientgiving.org/grants/childrens-national-research-institute-diagnostic-ai-for-rheumatic-heart-disease/
grants-25832-0,25832,2025-03-18,2025,AI Safety Argentina,Research Scholarships,77000.0,Navigating Transformative AI,Grants,https://coefficientgiving.org/grants/ai-safety-argentina-research-scholarships-2025/
grants-26092-0,26092,2025-03-18,2025,Institute for Security and Technology,Semiconductor Policy,284034.0,Navigating Transformative AI,Grants,https://coefficientgiving.org/grants/institute-for-security-and-technology-semiconductor-policy/
grants-26098-0,26098,2025-03-18,2025,SecureBio,AI Biological Capabilities Dashboard,58450.0,Navigating Transformative AI,Grants,https://coefficientgiving.org/grants/securebio-ai-biological-capabilities-dashboard/
grants-25103-0,25103,2025-03-19,2025,Freedom and Respect for Every Earthling (F.R.E.E.),Broiler and Cage-Free Reforms in Romania,96000.0,Farm Animal Welfare; Farm Animal Welfare in Europe,Grants,https://coefficientgiving.org/grants/f-r-e-e-broiler-and-cage-free-reforms-in-romania-2025/
grants-25264-0,25264,2025-03-21,2025,Speculative Technologies,Leadership Training Program,500000.0,Navigating Transformative AI,Grants,https://coefficientgiving.org/grants/speculative-technologies-leadership-training-program/
grants-25916-0,25916,2025-03-21,2025,London School of Hygiene and Tropical Medicine,TB Vaccine Modeling,197429.0,Infectious Diseases; Policy and Practice; Science and Global Health R&D,Grants,https://coefficientgiving.org/grants/london-school-of-hygiene-and-tropical-medicine-tb-vaccine-modeling/
grants-25907-0,25907,2025-03-24,2025,SeedAI,General Support,1610178.0,Navigating Transformative AI,Grants,https://coefficientgiving.org/grants/seedai-general-support/
grants-26062-0,26062,2025-03-24,2025,International Initiative for Impact Evaluation,Follow-up of Mozambique Preschool Trial,169691.0,Global Health & Wellbeing Opportunities,Grants,https://coefficientgiving.org/grants/international-initiative-for-impact-evaluation-follow-up-of-mozambique-preschool-trial/
grants-26096-0,26096,2025-03-24,2025,SecureBio,AI Benchmark Improvements,37000.0,Navigating Transformative AI,Grants,https://coefficientgiving.org/grants/securebio-ai-benchmark-improvements/
grants-26114-0,26114,2025-03-24,2025,Ambitious Impact,General Support,1950000.0,Effective Giving & Careers,Grants,https://coefficientgiving.org/grants/ambitious-impact-general-support-2025/
grants-25110-0,25110,2025-03-25,2025,Environment & Animal Society of Taiwan,Farm Animal Welfare in Taiwan,650000.0,Farm Animal Welfare; Farm Animal Welfare in Asia,Grants,https://coefficientgiving.org/grants/environment-animal-society-of-taiwan-farm-animal-welfare-in-taiwan-2025/
grants-26040-0,26040,2025-03-25,2025,The Breakthrough Institute,Abundance 2025 Conference,50000.0,Abundance & Growth,Grants,https://coefficientgiving.org/grants/the-breakthrough-institute-abundance-conference/
grants-25101-0,25101,2025-03-26,2025,Massachusetts Institute of Technology Media Lab,General Support,264000.0,Biosecurity & Pandemic Preparedness,Grants,https://coefficientgiving.org/grants/massachusetts-institute-of-technology-media-lab-general-support/
grants-25757-0,25757,2025-03-26,2025,Brown University,Brown's Pandemic Center,450000.0,Biosecurity & Pandemic Preparedness,Grants,https://coefficientgiving.org/grants/brown-university-pandemic-center/
grants-26232-0,26232,2025-03-26,2025,Stanford University,Transformative AI Summer Program (Philip Trammell),165000.0,Navigating Transformative AI,Grants,https://coefficientgiving.org/grants/stanford-university-transformative-ai-summer-program/
grants-25905-0,25905,2025-03-27,2025,YIMBY Melbourne,General Support (Predates Fund),500000.0,Abundance & Growth; Housing Policy Reform,Grants,https://coefficientgiving.org/grants/yimby-melbourne-general-support/
grants-26192-0,26192,2025-03-28,2025,Epistea,AI Safety Conference,200000.0,Navigating Transformative AI,Grants,https://coefficientgiving.org/grants/epistea-ai-safety-conference/
grants-26084-0,26084,2025-03-31,2025,Princeton University,Marmoset Model for Hepatitis B,1123946.0,Human Health and Wellbeing; Science and Global Health R&D; Transformative Science,Grants,https://coefficientgiving.org/grants/princeton-university-marmoset-model-for-hepatitis-b/
grants-26145-0,26145,2025-03-31,2025,Reporters for Animals International,Animal Welfare Investigations,300000.0,Farm Animal Welfare,Grants,https://coefficientgiving.org/grants/reporters-for-animals-international-animal-welfare-investigations/
grants-37003-0,37003,2025-04-07,2025,International AIDS Vaccine Initiative,Phase IIb MTBVAC Tuberculosis Vaccine Trial,15000000.0,Infectious Diseases; Science and Global Health R&D,Grants,https://coefficientgiving.org/grants/phase-iib-mtbvac-tuberculosis-vaccine-trial/
grants-38416-0,38416,2025-04-09,2025,Open Road Impact,Development Innovation Ventures Regranting,1922026.0,Global Health & Wellbeing Opportunities,Grants,https://coefficientgiving.org/grants/development-innovation-ventures-regranting/
grants-28715-0,28715,2025-04-13,2025,Clinton Health Access Initiative,Health Technical Support Units,2145539.0,Global Health & Wellbeing Opportunities,Grants,https://coefficientgiving.org/grants/health-technical-support-units/
grants-28736-0,28736,2025-04-13,2025,Stanford University,AI Interpretability Research (Christopher Potts),743500.0,Navigating Transformative AI,Grants,https://coefficientgiving.org/grants/ai-interpretability-research/
grants-28738-0,28738,2025-04-13,2025,Non-Trivial,Operational Support (Exit Grant),916374.0,Global Catastrophic Risks Opportunities,Grants,https://coefficientgiving.org/grants/operational-support/
grants-28740-0,28740,2025-04-13,2025,Institute for AI Policy and Strategy,General Support,11510081.0,Navigating Transformative AI,Grants,https://coefficientgiving.org/grants/general-support-11/
grants-28744-0,28744,2025-04-13,2025,Dansk Vegetarisk Forening,Plant-based Food Summit,180000.0,Farm Animal Welfare,Grants,https://coefficientgiving.org/grants/plant-based-food-summit/
grants-28766-0,28766,2025-04-13,2025,Talos Network,AI Governance Field-Building,1493840.0,Navigating Transformative AI,Grants,https://coefficientgiving.org/grants/ai-governance-field-building/
grants-28768-0,28768,2025-04-13,2025,"University of California, San Diego",Antimalarial Gene Drive Research,500000.0,Infectious Diseases; Science and Global Health R&D; Transformative Science,Grants,https://coefficientgiving.org/grants/antimalarial-gene-drive-research/
grants-28772-0,28772,2025-04-13,2025,Dartmouth,Productivity Growth Project,550000.0,Abundance & Growth,Grants,https://coefficientgiving.org/grants/productivity-growth-project/
grants-28778-0,28778,2025-04-13,2025,Arb Research,AI Governance Retreat,70000.0,Navigating Transformative AI,Grants,https://coefficientgiving.org/grants/ai-governance-retreat/
grants-28780-0,28780,2025-04-13,2025,Carnegie Endowment for International Peace,AI Governance Research,443732.0,Navigating Transformative AI,Grants,https://coefficientgiving.org/grants/ai-governance-research/
grants-28804-0,28804,2025-04-13,2025,Johns Hopkins University,Course Buyouts (Anqi Liu),94600.0,Navigating Transformative AI,Grants,https://coefficientgiving.org/grants/course-buyouts/
grants-28967-0,28967,2025-04-13,2025,Ambitious Impact,Global Health & Development Charity Amplification Fund,750000.0,Effective Giving & Careers,Grants,https://coefficientgiving.org/grants/amplification-fund/
grants-28975-0,28975,2025-04-13,2025,Jonathan Birch and Steven McCulloch,Global Veterinary Benchmarks,146124.0,Farm Animal Welfare,Grants,https://coefficientgiving.org/grants/global-veterinary-benchmarks/
grants-28986-0,28986,2025-04-13,2025,FAR AI,AI Field Building,6650000.0,Navigating Transformative AI,Grants,https://coefficientgiving.org/grants/ai-field-building/
grants-29011-0,29011,2025-04-13,2025,Adekunle Ajasin University,Cryptosporidiosis Study,30000.0,Infectious Diseases; Science and Global Health R&D; Transformative Science,Grants,https://coefficientgiving.org/grants/cryptosporidiosis-study/
grants-29013-0,29013,2025-04-13,2025,Renaissance Philanthropy,Big if True Science Accelerator,500000.0,Abundance & Growth; Innovation Policy,Grants,https://coefficientgiving.org/grants/big-if-true-science-accelerator/
grants-29015-0,29015,2025-04-13,2025,Center for Open Science,Metascience 2025 Conference,50000.0,Abundance & Growth; Innovation Policy,Grants,https://coefficientgiving.org/grants/metascience-2025-conference/
grants-29017-0,29017,2025-04-13,2025,FAR AI,AI Communications and Outreach,2420253.0,Navigating Transformative AI,Grants,https://coefficientgiving.org/grants/ai-communications-and-outreach/
grants-25922-0,25922,2025-04-14,2025,Stanford University,In Vitro Immunology,2310000.0,Science and Global Health R&D; Transformative Science,Grants,https://coefficientgiving.org/grants/stanford-university-in-vitro-immunology/
grants-34424-0,34424,2025-04-14,2025,Institute for Health Metrics and Evaluation,Lead Exposure Impact Modeling,1519562.0,Lead Exposure Action Fund,Grants,https://coefficientgiving.org/grants/lead-exposure-impact-modeling/
grants-36929-0,36929,2025-04-14,2025,University of Washington,Research on Global Disease Burden of Lead Exposure (Greg Roth and Jeff Stanaway),1519562.0,Lead Exposure Action Fund,Grants,https://coefficientgiving.org/grants/research-on-global-disease-burden-of-lead-exposure-greg-roth-and-jeff-stanaway/
grants-28182-0,28182,2025-04-15,2025,UNICEF USA,Lead Measurement Work,2270000.0,Lead Exposure Action Fund,Grants,https://coefficientgiving.org/grants/lead-measurement/
grants-28335-0,28335,2025-04-15,2025,Ten30 Biosciences,General Support (Investment),5000000.0,Science and Global Health R&D; Transformative Science,Investments,https://coefficientgiving.org/grants/general-support-6/
grants-28973-0,28973,2025-04-15,2025,Animal Empathy Philippines,Farm Animal Welfare Movement Building,230999.0,Farm Animal Welfare,Grants,https://coefficientgiving.org/grants/farm-animal-welfare-movement-building/
grants-36101-0,36101,2025-04-15,2025,Futurewise,Housing Policy Advocacy,200000.0,Abundance & Growth; Housing Policy Reform,Grants,https://coefficientgiving.org/grants/housing-policy-advocacy-2/
grants-36103-0,36103,2025-04-15,2025,Harvard University,Research on Zoning Reforms (Rebecca Diamond),335500.0,Abundance & Growth; Housing Policy Reform,Grants,https://coefficientgiving.org/grants/research-on-zoning-reforms-rebecca-diamond/
grants-37146-0,37146,2025-04-15,2025,Campaigns Lab,Cage-Free Implementation Support,190000.0,Broiler Chicken Welfare; Cage-Free Reforms; Farm Animal Welfare,Grants,https://coefficientgiving.org/grants/cage-free-implementation-support/
grants-26378-0,26378,2025-04-17,2025,One Health and Development Initiative,Fish Welfare in Africa,299000.0,Farm Animal Welfare; Fish Welfare,Grants,https://coefficientgiving.org/grants/one-health-and-development-initiative-fish-welfare-in-africa/
grants-26445-0,26445,2025-04-17,2025,Animal Ask,Cage-free Data Analysis,35000.0,Cage-Free Reforms; Farm Animal Welfare,Grants,https://coefficientgiving.org/grants/animal-ask-cage-free-data-analysis/
grants-28969-0,28969,2025-04-20,2025,Daniel Kang,LLM Hacking Benchmarks,265000.0,Navigating Transformative AI,Grants,https://coefficientgiving.org/grants/llm-hacking-benchmarks/
grants-29019-0,29019,2025-04-20,2025,Roots of Progress Institute,Progress Conference 2025,100000.0,Abundance & Growth,Grants,https://coefficientgiving.org/grants/annual-conference/
grants-36539-0,36539,2025-04-21,2025,Impact Global Health,General Support,600000.0,Global Health & Wellbeing Opportunities,Grants,https://coefficientgiving.org/grants/general-support-34/
grants-36154-0,36154,2025-04-23,2025,Progress Ireland,"Metascience Research, Education, and Advocacy",166441.0,Abundance & Growth; Innovation Policy,Grants,https://coefficientgiving.org/grants/metascience-advocacy/
grants-38393-0,38393,2025-04-24,2025,Sentient Futures,AI for Animals Field-Building,340000.0,Farm Animal Welfare,Grants,https://coefficientgiving.org/grants/ai-for-animals-field-building/
grants-25935-0,25935,2025-04-30,2025,Liverpool School of Tropical Medicine,Malaria in School-aged Children Network,819578.0,Infectious Diseases; Policy and Practice; Science and Global Health R&D,Grants,https://coefficientgiving.org/grants/liverpool-school-of-tropical-medicine-malaria-in-school-aged-children-network/
grants-36024-0,36024,2025-04-30,2025,Government Relations Group,Operations and Program Expenses (Contract),224181.0,Global Aid Policy,Grants,https://coefficientgiving.org/grants/operations-and-program-expenses-contract/
grants-38025-0,38025,2025-04-30,2025,University of Oxford,Practical Politics Platform (Peter Evans & Stefan Dercon),609066.0,Global Health & Wellbeing Opportunities,Grants,https://coefficientgiving.org/grants/practical-politics-platform-peter-evans-stefan-dercon/
grants-26219-0,26219,2025-05-01,2025,Convergent Research,General Support,1100000.0,Abundance & Growth; Innovation Policy,Grants,https://coefficientgiving.org/grants/convergent-research-general-support/
grants-37250-0,37250,2025-05-01,2025,European Institute for Animal Law and Policy,EU Farm Animal Welfare Advocacy,364325.0,Farm Animal Welfare,Grants,https://coefficientgiving.org/grants/eu-farm-animal-welfare-advocacy-3/
grants-38072-0,38072,2025-05-01,2025,University of Pittsburgh,Tuberculosis Vaccine Research,205939.0,Infectious Diseases; Science and Global Health R&D,Grants,https://coefficientgiving.org/grants/tuberculosis-vaccine-research/
grants-36981-0,36981,2025-05-02,2025,RAND Corporation,Technology and Security Policy Center,2000000.0,Navigating Transformative AI,Grants,https://coefficientgiving.org/grants/technology-and-security-policy-center/
grants-37759-0,37759,2025-05-02,2025,Institute for Law & AI,General Support and Field-Building,5338265.0,Navigating Transformative AI,Grants,https://coefficientgiving.org/grants/general-support-and-field-building/
grants-38248-0,38248,2025-05-02,2025,Institute for Law & AI,General Support and Field-Building,5338265.0,,,https://coefficientgiving.org/grants/general-support-and-field-building-2/
grants-25920-0,25920,2025-05-05,2025,University of Texas at Austin,Research on AI Safety and Computational Complexity Theory (Scott Aaronson),1650000.0,Navigating Transformative AI,Grants,https://coefficientgiving.org/grants/the-university-of-texas-at-austin-research-on-ai-safety-and-computational-complexity-theory/
grants-25961-0,25961,2025-05-05,2025,Çiftlik Hayvanlarını Koruma Derneği,General Support,1726120.0,Farm Animal Welfare,Grants,https://coefficientgiving.org/grants/ciftlik-hayvanlarini-koruma-dernegi-general-support/
grants-37223-0,37223,2025-05-06,2025,Fundación Derecho y Defensa Animal,Aquaculture Reform in Chile,58000.0,Farm Animal Welfare; Fish Welfare,Grants,https://coefficientgiving.org/grants/aquaculture-reform-in-chile/
grants-25933-0,25933,2025-05-07,2025,The Center for Scientific Integrity,Medical Evidence Project,450000.0,Abundance & Growth; Innovation Policy,Grants,https://coefficientgiving.org/grants/the-center-for-scientific-integrity-medical-evidence-project/
grants-25984-0,25984,2025-05-07,2025,FutureSearch,Forecasting Question Automation,356000.0,Forecasting,Grants,https://coefficientgiving.org/grants/futuresearch-forecasting-question-automation/
grants-37509-0,37509,2025-05-07,2025,Witold Więcek,Research on Scientific and Technological Progress,151500.0,Abundance & Growth; Innovation Policy,Grants,https://coefficientgiving.org/grants/research-on-scientific-and-technological-progress/
grants-26121-0,26121,2025-05-08,2025,University of Chicago,Existential Risk Laboratory Fellowship Program,244728.0,Global Catastrophic Risks Opportunities,Grants,https://coefficientgiving.org/grants/university-of-chicago-existential-risk-laboratory-fellowship-program-2025/
grants-36077-0,36077,2025-05-08,2025,Abundant Housing Massachusetts,Housing Policy Advocacy,700000.0,Abundance & Growth,Grants,https://coefficientgiving.org/grants/housing-policy-advocacy/
grants-38059-0,38059,2025-05-09,2025,RAND Corporation,Meselson Center,1050000.0,Biosecurity & Pandemic Preparedness,Grants,https://coefficientgiving.org/grants/meselson-center-2/
grants-28266-0,28266,2025-05-11,2025,California YIMBY,General Support,3500000.0,Abundance & Growth; Housing Policy Reform,Grants,https://coefficientgiving.org/grants/general-support-4/
grants-28353-0,28353,2025-05-11,2025,Blueprint Biosecurity,Policy Advocacy,3241999.0,Biosecurity & Pandemic Preparedness,Grants,https://coefficientgiving.org/grants/policy-advocacy/
grants-28365-0,28365,2025-05-11,2025,Cambridge Boston Alignment Initiative,Conference on Artificial General Intelligence,117631.0,Navigating Transformative AI,Grants,https://coefficientgiving.org/grants/conference-on-artificial-general-intelligence/
grants-28367-0,28367,2025-05-11,2025,MATS Research,General Support,26924000.0,Global Catastrophic Risks Opportunities,Grants,https://coefficientgiving.org/grants/general-support-8/
grants-28372-0,28372,2025-05-11,2025,Chr. Michelsen Institute,Official Development Assistance in Norway,150000.0,Global Aid Policy,Grants,https://coefficientgiving.org/grants/official-development-assistance-in-norway/
grants-28374-0,28374,2025-05-11,2025,The School for Moral Ambition,EU Protein Transition Fellowships,466670.0,Farm Animal Welfare,Grants,https://coefficientgiving.org/grants/eu-protein-transition-fellowships/
grants-28786-0,28786,2025-05-11,2025,AHADI,Health Sector Assistance in Ghana and Guinea,1094661.0,Policy and Practice; Science and Global Health R&D,Grants,https://coefficientgiving.org/grants/health-sector-assistance-in-ghana-and-guinea/
grants-28971-0,28971,2025-05-11,2025,Stanford University,Immunization Research,1980000.0,Infectious Diseases; Science and Global Health R&D,Grants,https://coefficientgiving.org/grants/immunization-research/
grants-29005-0,29005,2025-05-11,2025,Berkeley Existential Risk Initiative,AI Governance Workshop,31752.0,Navigating Transformative AI,Grants,https://coefficientgiving.org/grants/ai-governance-workshop-2/
grants-37807-0,37807,2025-05-12,2025,AI Safety South Africa,General Support,119640.0,Global Catastrophic Risks Opportunities,Grants,https://coefficientgiving.org/grants/general-support-46/
grants-26199-0,26199,2025-05-13,2025,"University of California, Berkeley",Compute Resources for AI Safety Research (Jacob Steinhardt),2587634.0,Navigating Transformative AI,Grants,https://coefficientgiving.org/grants/uc-berkeley-compute-resources-for-ai-safety-research/
grants-37026-0,37026,2025-05-13,2025,UNICEF USA,Improved Lead Measurement Capabilities,2270000.0,Lead Exposure Action Fund,Grants,https://coefficientgiving.org/grants/improved-lead-measurement-capabilities/
grants-28174-0,28174,2025-05-15,2025,Global Development Incubator,Strategic Advising and Workshop on Lead-Acid Batteries,48947.0,Lead Exposure Action Fund,Grants,https://coefficientgiving.org/grants/advisory-extension-and-ulabs-meeting/
grants-36022-0,36022,2025-05-16,2025,Big Picture,Global Health Aid Advocacy in Japan (Contract),246880.0,Global Aid Policy,Grants,https://coefficientgiving.org/grants/global-health-aid-advocacy-in-japan-contract/
grants-28331-0,28331,2025-05-18,2025,Georgetown University,Aid Research in Kenya,79670.0,Global Aid Policy,Grants,https://coefficientgiving.org/grants/aid-research-in-kenya/
grants-28333-0,28333,2025-05-18,2025,Global Development Incubator,Regranting Support,6234954.0,Global Health & Wellbeing Opportunities,Grants,https://coefficientgiving.org/grants/regranting-support/
grants-28349-0,28349,2025-05-18,2025,Blueprint Biosecurity,Regranting Support,7112990.0,Biosecurity & Pandemic Preparedness,Grants,https://coefficientgiving.org/grants/regranting-support-2/
grants-28719-0,28719,2025-05-18,2025,PATH,Health Technical Support Unit,704461.0,Global Health & Wellbeing Opportunities,Grants,https://coefficientgiving.org/grants/health-technical-support-unit/
grants-28721-0,28721,2025-05-18,2025,National Institute of Allergy and Infectious Diseases,Malaria Monoclonal Antibody Research,496000.0,Infectious Diseases; Science and Global Health R&D,Grants,https://coefficientgiving.org/grants/malaria-monoclonal-antibody-research/
grants-28725-0,28725,2025-05-18,2025,Compassion in World Farming,Farm Animal Welfare in Asia and Latin America,663499.0,Farm Animal Welfare,Grants,https://coefficientgiving.org/grants/farm-animal-welfare-in-asia-and-latin-america/
grants-28728-0,28728,2025-05-18,2025,Palisade Research,General Support,2123463.0,Navigating Transformative AI,Grants,https://coefficientgiving.org/grants/general-support-10/
grants-28790-0,28790,2025-05-18,2025,Universidad Peruana Cayetano Heredia,Syphilis Immunology Analysis,220000.0,Infectious Diseases; Maternal and Newborn Health; Science and Global Health R&D,Grants,https://coefficientgiving.org/grants/syphilis-immunology-analysis/
grants-28794-0,28794,2025-05-18,2025,Livestock Welfare Strategies,Improved Chicken Depopulation Welfare,165000.0,Farm Animal Welfare,Grants,https://coefficientgiving.org/grants/improved-chicken-depopulation-welfare/
grants-28796-0,28796,2025-05-18,2025,Cornell University,Cytomegalovirus Study,154000.0,Infectious Diseases; Maternal and Newborn Health; Science and Global Health R&D; Transformative Science,Grants,https://coefficientgiving.org/grants/cytomegalovirus-study/
grants-28798-0,28798,2025-05-18,2025,Global Development Incubator,Lead Exposure Strategy Development,39436.0,Global Health & Wellbeing Opportunities,Grants,https://coefficientgiving.org/grants/lead-exposure-strategy-development/
grants-28800-0,28800,2025-05-18,2025,Life Sciences Research Foundation,Microbiology Postdoctoral Fellowship,174600.0,Science and Global Health R&D; Transformative Science,Grants,https://coefficientgiving.org/grants/postdoctoral-fellowship/
grants-28802-0,28802,2025-05-18,2025,University of Pennsylvania,Farm Animal Welfare Conference,30000.0,Farm Animal Welfare,Grants,https://coefficientgiving.org/grants/farm-animal-welfare-conference/
grants-28821-0,28821,2025-05-18,2025,Renaissance Philanthropy,Local Office for Supporting Japanese R&D Programs,150000.0,Abundance & Growth; Innovation Policy,Grants,https://coefficientgiving.org/grants/local-office-for-supporting-japanese-rd-programs/
grants-28959-0,28959,2025-05-18,2025,Michigan State University,"Robust AI Unlearning Techniques (Sijia Liu, Shiyu Chang, Mingyi Hong)",484000.0,Navigating Transformative AI,Grants,https://coefficientgiving.org/grants/robust-ai-unlearning-techniques/
grants-28961-0,28961,2025-05-18,2025,Principles of Intelligent Behavior in Biological and Social Systems,AI Safety Summer Fellowship,1686289.0,Navigating Transformative AI,Grants,https://coefficientgiving.org/grants/ai-safety-summer-fellowship/
grants-28965-0,28965,2025-05-18,2025,Jane Coffin Childs Memorial Fund,Immunology Postdoctoral Fellowship,238000.0,Science and Global Health R&D; Transformative Science,Grants,https://coefficientgiving.org/grants/immunology-postdoctoral-fellowship/
grants-28978-0,28978,2025-05-18,2025,Cambridge Boston Alignment Initiative,2025 Summer Fellowship,350000.0,Navigating Transformative AI,Grants,https://coefficientgiving.org/grants/2025-summer-fellowship/
grants-28982-0,28982,2025-05-18,2025,Centre for the Governance of AI,General Support,1000000.0,Navigating Transformative AI,Grants,https://coefficientgiving.org/grants/general-support-15/
grants-29007-0,29007,2025-05-18,2025,Redwood Research,AI Safety Research Collaborations,1100000.0,Navigating Transformative AI,Grants,https://coefficientgiving.org/grants/ai-safety-research-collaborations/
grants-29009-0,29009,2025-05-18,2025,Carnegie Mellon University,"Robust AI Unlearning Techniques (Virginia Smith, Steven Wu)",584108.0,Navigating Transformative AI,Grants,https://coefficientgiving.org/grants/robust-ai-unlearning-techniques-2/
grants-26216-0,26216,2025-05-19,2025,Albert Einstein College of Medicine,Fluorescent Auxotrophic TB Test,750000.0,Infectious Diseases; Science and Global Health R&D; Transformative Science,Grants,https://coefficientgiving.org/grants/albert-einstein-college-of-medicine-fluorescent-auxotrophic-tb-test/
grants-35948-0,35948,2025-05-22,2025,Theorem Labs,AI for Formal Software Verification (Contract),1000000.0,Navigating Transformative AI,Grants,https://coefficientgiving.org/grants/ai-for-formal-software-verification-contract/
grants-37139-0,37139,2025-05-22,2025,Aquaculture Stewardship Council,Farmed Fish Welfare Standards Implementation,522095.0,Farm Animal Welfare; Fish Welfare,Grants,https://coefficientgiving.org/grants/farmed-fish-welfare-standards-implementation/
grants-38729-0,38729,2025-05-22,2025,MATS Research,AI Safety Fellowships,26924000.0,Global Catastrophic Risks Opportunities,Grants,https://coefficientgiving.org/grants/ai-safety-fellowships-2/
grants-35881-0,35881,2025-05-23,2025,High Impact Athletes,General Support,300000.0,Effective Giving & Careers,Grants,https://coefficientgiving.org/grants/general-support-25/
grants-36071-0,36071,2025-05-23,2025,Dalberg Advisors,Danish Alliance for Global Health (Contract),260000.0,Global Aid Policy,Grants,https://coefficientgiving.org/grants/danish-alliance-for-global-health-contract/
grants-38614-0,38614,2025-05-25,2025,SL5 Task Force,Frontier AI Security Task Force,2613102.0,Navigating Transformative AI,Grants,https://coefficientgiving.org/grants/frontier-ai-security-task-force/
grants-36548-0,36548,2025-05-27,2025,Americans for Responsible Innovation,Biosecurity Policy,446500.0,Biosecurity & Pandemic Preparedness,Grants,https://coefficientgiving.org/grants/biosecurity-policy/
grants-26008-0,26008,2025-05-28,2025,"University of California, Berkeley",In-line Water Chlorination Devices ,550000.0,Infectious Diseases; Science and Global Health R&D,Grants,https://coefficientgiving.org/grants/uc-berkeley-in-line-water-chlorination-devices/
grants-36506-0,36506,2025-05-29,2025,Johns Hopkins Center for Health Security,Health Security Scholars,138333.0,Biosecurity & Pandemic Preparedness,Grants,https://coefficientgiving.org/grants/health-security-scholars-2/
grants-26118-0,26118,2025-05-30,2025,IDinsight,Public Health Surveys in India,313835.0,Global Health & Wellbeing Opportunities,Grants,https://coefficientgiving.org/grants/idinsight-public-health-surveys-in-india/
grants-36357-0,36357,2025-05-30,2025,Future Matters,EU Alternative Protein Policy Work,358000.0,Alternatives to Animal Products; Farm Animal Welfare,Grants,https://coefficientgiving.org/grants/eu-alternative-protein-advocacy/
grants-26422-0,26422,2025-05-31,2025,RAND Corporation,Emerging Technology Initiatives,2500000.0,Navigating Transformative AI,Grants,https://coefficientgiving.org/grants/rand-corporation-emerging-technology-initiatives-2025/
grants-26213-0,26213,2025-06-02,2025,Against Malaria Foundation Korea,Operating Expenses,240000.0,Effective Giving & Careers,Grants,https://coefficientgiving.org/grants/against-malaria-foundation-korea-operating-expenses/
grants-38612-0,38612,2025-06-02,2025,Mila,AI Safety Projects,1872000.0,Navigating Transformative AI,Grants,https://coefficientgiving.org/grants/ai-safety-projects-2/
grants-36359-0,36359,2025-06-04,2025,Vegan Women Summit,Alternative Proteins Talent Pipeline,100000.0,Alternatives to Animal Products,Grants,https://coefficientgiving.org/grants/alternative-proteins-talent-pipeline/
grants-37177-0,37177,2025-06-04,2025,VasoRX,Atherosclerosis Treatment (Investment),300000.0,Noninfectious Diseases; Science and Global Health R&D,Investments,https://coefficientgiving.org/grants/atherosclerosis-treatment-investment/
grants-35866-0,35866,2025-06-05,2025,Laboratory of Social Entrepreneurship,Impact Catalyst (Nonprofit Incubator),18000.0,Effective Giving & Careers,Grants,https://coefficientgiving.org/grants/impact-catalyst-nonprofit-incubator/
grants-38271-0,38271,2025-06-06,2025,Epoch AI,AI Development Tracking and Analysis,8500000.0,Navigating Transformative AI,Grants,https://coefficientgiving.org/grants/ai-development-tracking-and-analysis/
grants-38281-0,38281,2025-06-06,2025,Longview Philanthropy,RFP on Hardware-Enabled Mechanisms for AI Compliance,4000000.0,Navigating Transformative AI,Grants,https://coefficientgiving.org/grants/rfp-on-hardware-enabled-mechanisms-for-ai-compliance/
grants-38290-0,38290,2025-06-08,2025,Sneha’s Care,Exit Grant (Contract),55000.0,Farm Animal Welfare,Grants,https://coefficientgiving.org/grants/exit-grant-contract/
grants-36088-0,36088,2025-06-11,2025,Britain Remade,Nuclear Cost Reduction Project,67000.0,Abundance & Growth,Grants,https://coefficientgiving.org/grants/nuclear-cost-reduction-project/
grants-36378-0,36378,2025-06-11,2025,Fundación Veg,Exit Grant,71500.0,Cage-Free Reforms; Farm Animal Welfare,Grants,https://coefficientgiving.org/grants/exit-grant/
grants-33448-0,33448,2025-06-12,2025,Quantified Uncertainty Research Institute,Development of Tools for Quantitative Estimation,280590.0,Forecasting,Grants,https://coefficientgiving.org/grants/development-of-squiggle-programming-language/
grants-28957-0,28957,2025-06-13,2025,Atlas Computing,Research Exploration,100000.0,Navigating Transformative AI,Grants,https://coefficientgiving.org/grants/research-exploration/
grants-28159-0,28159,2025-06-15,2025,UNICEF USA,Bangladesh Multiple Indicator Cluster Survey Lead Module,2170000.0,Lead Exposure Action Fund,Grants,https://coefficientgiving.org/grants/bangladesh-mics-lead-module/
grants-28167-0,28167,2025-06-15,2025,Global Development Incubator,Due Diligence for Incubation Program,113742.0,Lead Exposure Action Fund,Grants,https://coefficientgiving.org/grants/discovery-projects/
grants-28274-0,28274,2025-06-15,2025,Stanford University,Humane & Sustainable Food Lab,300000.0,Alternatives to Animal Products; Farm Animal Welfare,Grants,https://coefficientgiving.org/grants/humane-sustainable-food-lab/
grants-28281-0,28281,2025-06-15,2025,University of Toronto,AI Safety and Alignment Initiatives (Schwartz Reisman Institute for Technology and Society),700000.0,Navigating Transformative AI,Grants,https://coefficientgiving.org/grants/ai-safety-and-alignment-initiatives/
grants-28284-0,28284,2025-06-15,2025,Abundance New York,Movement-Building Efforts,150000.0,Abundance & Growth,Grants,https://coefficientgiving.org/grants/movement-building-efforts/
grants-28317-0,28317,2025-06-15,2025,"Council on Energy, Environment, and Water",Clean Air Team,740000.0,Air Quality,Grants,https://coefficientgiving.org/grants/clean-air-team/
grants-28319-0,28319,2025-06-15,2025,The Argument,Operational Costs (Investment),1000000.0,Abundance & Growth,Investments,https://coefficientgiving.org/grants/operational-costs/
grants-28341-0,28341,2025-06-15,2025,Dave Little,Fish Welfare Research,900265.0,Farm Animal Welfare,Grants,https://coefficientgiving.org/grants/fish-welfare-research/
grants-28347-0,28347,2025-06-15,2025,Statens Serum Institut,Tuberculosis Vaccine Manufacturing Process,847780.0,Infectious Diseases; Science and Global Health R&D,Grants,https://coefficientgiving.org/grants/tuberculosis-vaccine-manufacturing-process/
grants-28357-0,28357,2025-06-15,2025,University of Oxford,Malaria Vaccine Durability in School-Aged Children,3496050.0,Infectious Diseases; Science and Global Health R&D,Grants,https://coefficientgiving.org/grants/malaria-vaccine-durability-in-school-aged-children/
grants-28359-0,28359,2025-06-15,2025,London School of Hygiene and Tropical Medicine,Dementia Prevention Research,730000.0,Noninfectious Diseases; Science and Global Health R&D; Transformative Science,Grants,https://coefficientgiving.org/grants/dementia-prevention-research/
grants-28361-0,28361,2025-06-15,2025,Charity Navigator,Causeway Charity Curator,200000.0,Effective Giving & Careers,Grants,https://coefficientgiving.org/grants/causeway/
grants-28363-0,28363,2025-06-15,2025,Arcadia Impact,AI Governance Research Fellowship,540344.0,Navigating Transformative AI,Grants,https://coefficientgiving.org/grants/ai-governance-research-fellowship/
grants-28717-0,28717,2025-06-15,2025,Swiss Tropical and Public Health Institute,Dumuria Nets for Malaria Prevention in Nomadic Populations (NOMHAD),2374022.0,Infectious Diseases; Policy and Practice; Science and Global Health R&D,Grants,https://coefficientgiving.org/grants/dumuria-nets-for-malaria-prevention-in-nomadic-populations-nomhad/
grants-28723-0,28723,2025-06-15,2025,OBRAZ,Broiler Chicken Welfare,400000.0,Farm Animal Welfare,Grants,https://coefficientgiving.org/grants/broiler-chicken-welfare/
grants-28730-0,28730,2025-06-15,2025,Center for a New American Security,AI Security and Stability Program,8324325.0,Navigating Transformative AI,Grants,https://coefficientgiving.org/grants/ai-security-and-stability-program/
grants-28732-0,28732,2025-06-15,2025,"University of California, Berkeley",Study on Frontier Model Behavior (Emma Pierson),499597.0,Navigating Transformative AI,Grants,https://coefficientgiving.org/grants/study-on-frontier-model-behavior/
grants-28734-0,28734,2025-06-15,2025,"University of California, Berkeley",Cyberoffense Benchmark (Dawn Song),3390000.0,Navigating Transformative AI,Grants,https://coefficientgiving.org/grants/cyberoffense-benchmark/
grants-28776-0,28776,2025-06-15,2025,Kairos Project,General Support,195000.0,Navigating Transformative AI,Grants,https://coefficientgiving.org/grants/general-support-12/
grants-28782-0,28782,2025-06-15,2025,Stanford University,Robust AI Benchmarks (Tatsunori Hashimoto),1922145.0,Navigating Transformative AI,Grants,https://coefficientgiving.org/grants/robust-ai-benchmarks/
grants-28784-0,28784,2025-06-15,2025,Tab for a Cause,Farm Animal Welfare Marketing,65000.0,Farm Animal Welfare,Grants,https://coefficientgiving.org/grants/farm-animal-welfare-marketing/
grants-28788-0,28788,2025-06-15,2025,Hebrew University of Jerusalem,Governance of AI Lab (Noam Kolt),2724999.0,Navigating Transformative AI,Grants,https://coefficientgiving.org/grants/governance-of-ai-lab/
grants-28792-0,28792,2025-06-15,2025,ETH Zürich,"Research on Prompt Injection Attacks (Xin Chen, Florian Tramer)",20000.0,Navigating Transformative AI,Grants,https://coefficientgiving.org/grants/research-on-prompt-injection-attacks/
grants-28807-0,28807,2025-06-15,2025,Successif,AI Safety Management Consulting,227000.0,Global Catastrophic Risks Opportunities,Grants,https://coefficientgiving.org/grants/ai-safety-management-consulting/
grants-28809-0,28809,2025-06-15,2025,Fair Share Housing Center,Legal Work in New Jersey,600000.0,Abundance & Growth; Housing Policy Reform,Grants,https://coefficientgiving.org/grants/legal-work-in-new-jersey/
grants-28811-0,28811,2025-06-15,2025,Conjecture,Cybersecurity Bootcamp,223134.0,Navigating Transformative AI,Grants,https://coefficientgiving.org/grants/cybersecurity-bootcamp/
grants-28813-0,28813,2025-06-15,2025,Meridian,Research on Avoiding Encoded Reasoning in LLMs,244614.0,Navigating Transformative AI,Grants,https://coefficientgiving.org/grants/research-on-avoiding-encoded-reasoning-in-llms/
grants-28815-0,28815,2025-06-15,2025,OpenMined,Secure Enclaves for LLM Evaluation,10943400.0,Navigating Transformative AI,Grants,https://coefficientgiving.org/grants/secure-enclaves-for-llm-evaluation/
grants-28817-0,28817,2025-06-15,2025,Fund for Global Talent Mobility,International Students Information Service,777700.0,Abundance & Growth; Innovation Policy,Grants,https://coefficientgiving.org/grants/help-desk-for-international-students/
grants-28819-0,28819,2025-06-15,2025,Good Science Project,Analysis of U.S. R&D Funding,238460.0,Abundance & Growth; Innovation Policy,Grants,https://coefficientgiving.org/grants/analysis-of-u-s-rd-funding/
grants-28823-0,28823,2025-06-15,2025,Meridian,Research on Emergent Misalignment,396000.0,Navigating Transformative AI,Grants,https://coefficientgiving.org/grants/research-on-emergent-misalignment/
grants-28825-0,28825,2025-06-15,2025,University of Maryland,"Study on Encoded Reasoning in LLMs (Tom Goldstein, Ashwinee Panda)",218000.0,Navigating Transformative AI,Grants,https://coefficientgiving.org/grants/study-on-encoded-reasoning-in-llms/
grants-28980-0,28980,2025-06-15,2025,Centre for the Governance of AI,General Support,2800000.0,Navigating Transformative AI,Grants,https://coefficientgiving.org/grants/general-support-14/
grants-28988-0,28988,2025-06-15,2025,International Conference on Machine Learning,AI Governance Workshop,12545.0,Navigating Transformative AI,Grants,https://coefficientgiving.org/grants/ai-governance-workshop/
grants-28337-0,28337,2025-06-16,2025,Giv Effektivt,Cost-effective Giving in Denmark,220432.0,Effective Giving & Careers,Grants,https://coefficientgiving.org/grants/cost-effective-giving-in-denmark/
grants-35877-0,35877,2025-06-18,2025,Fundacja Więcej Dobra,New Incentives,26500.0,Effective Giving & Careers,Grants,https://coefficientgiving.org/grants/new-incentives/
grants-36423-0,36423,2025-06-18,2025,MIT Media Lab,Biosecurity-related Research,120000.0,Biosecurity & Pandemic Preparedness,Grants,https://coefficientgiving.org/grants/biosecurity-related-research-2/
grants-37793-0,37793,2025-06-19,2025,Mila,AI Safety and Governance Fellowship,320000.0,Global Catastrophic Risks Opportunities,Grants,https://coefficientgiving.org/grants/ai-safety-and-governance-fellowship/
grants-37795-0,37795,2025-06-20,2025,"University of California, Berkeley",Research Expenses,198000.0,Global Catastrophic Risks Opportunities,Grants,https://coefficientgiving.org/grants/research-expenses/
grants-38004-0,38004,2025-06-23,2025,Soothcheck Project,Red-teaming Probed Trusted Monitoring,247979.0,Navigating Transformative AI,Grants,https://coefficientgiving.org/grants/red-teaming-probed-trusted-monitoring/
grants-37042-0,37042,2025-06-24,2025,Global Development Incubator,Lead Exposure Discovery Projects,113742.0,Lead Exposure Action Fund,Grants,https://coefficientgiving.org/grants/lead-exposure-discovery-projects/
grants-38128-0,38128,2025-06-24,2025,Golden Gate Institute for AI,The Curve 2025,174848.0,Global Catastrophic Risks Opportunities,Grants,https://coefficientgiving.org/grants/the-curve-2025/
grants-38199-0,38199,2025-06-25,2025,Johns Hopkins Center for Health Security,Early Career Award (Dr. Jaspreet Pannu),1000000.0,Biosecurity & Pandemic Preparedness,Grants,https://coefficientgiving.org/grants/early-career-award-dr-jaspreet-pannu/
grants-37322-0,37322,2025-06-26,2025,Imperial College London,Structure-Preserving Maps Between LLMs (Tom Coates),429649.0,Navigating Transformative AI,Grants,https://coefficientgiving.org/grants/structure-preserving-maps-between-llms-tom-coates/
grants-26440-0,26440,2025-06-27,2025,BlueDot Impact,General Support,25649888.0,Navigating Transformative AI,Grants,https://coefficientgiving.org/grants/bluedot-impact-general-support-2025/
grants-37218-0,37218,2025-06-27,2025,People for Animals Uttarakhand,Cage-Free Campaigns in India,508000.0,Cage-Free Reforms; Farm Animal Welfare,Grants,https://coefficientgiving.org/grants/people-for-animals-uttarakhand/
grants-36166-0,36166,2025-07-02,2025,UsAgainstAlzheimer's Action,Research & Development,1420000.0,Abundance & Growth; Innovation Policy,Grants,https://coefficientgiving.org/grants/research-development/
grants-36363-0,36363,2025-07-03,2025,Ministry of Future Affairs,EU Regulatory Sandbox for Novel Foods,86000.0,Alternatives to Animal Products; Farm Animal Welfare,Grants,https://coefficientgiving.org/grants/eu-regulatory-sandbox-for-novel-foods/
grants-37343-0,37343,2025-07-03,2025,Michigan State University,Research on Latent Adversarial Training (Yue Xing),77232.0,Navigating Transformative AI,Grants,https://coefficientgiving.org/grants/research-on-latent-adversarial-training-yue-xing/
grants-37930-0,37930,2025-07-03,2025,Stockholm Environment Institute,Animal Welfare and Sustainable Development Research,40000.0,Farm Animal Welfare,Grants,https://coefficientgiving.org/grants/animal-welfare-and-sustainable-development-research/
grants-39199-0,39199,2025-07-03,2025,Ali Merali,Research on AI Productivity Impacts,297660.0,Navigating Transformative AI,Grants,https://coefficientgiving.org/grants/research-on-ai-productivity-impacts/
grants-36922-0,36922,2025-07-04,2025,ISAAA AfriCenter,Africa Biennial Biosciences Communication Conference,20000.0,Infectious Diseases; Policy and Practice; Science and Global Health R&D,Grants,https://coefficientgiving.org/grants/africa-biennial-biosciences-communication-conference/
grants-37184-0,37184,2025-07-04,2025,Stanford University,Perennial Malaria Chemoprevention with Dihydroartemisinin-Piperaquine,165000.0,Infectious Diseases; Science and Global Health R&D,Grants,https://coefficientgiving.org/grants/perennial-malaria-chemoprevention-with-dihydroartemisinin-piperaquine/
grants-35989-0,35989,2025-07-06,2025,Mila,Mechanistic Interpretability Research (Danilo Bzdok),310000.0,Navigating Transformative AI,Grants,https://coefficientgiving.org/grants/mechanistic-interpretability-research-danilo-bzdok/
grants-35953-0,35953,2025-07-07,2025,Northeastern University,Mechanistic Interpretability in Clinical Settings (Byron Wallace),800000.0,Navigating Transformative AI,Grants,https://coefficientgiving.org/grants/mechanistic-interpretability-in-clinical-settings-byron-wallace/
grants-35955-0,35955,2025-07-07,2025,Hebrew University of Jerusalem,Neural Network Context Learning and Generalization (Zohar Ringel),82000.0,Navigating Transformative AI,Grants,https://coefficientgiving.org/grants/neural-network-context-learning-and-generalization-zohar-ringel/
grants-37817-0,37817,2025-07-07,2025,Algoverse,AI Safety Mentorship Program,216769.0,Global Catastrophic Risks Opportunities,Grants,https://coefficientgiving.org/grants/ai-safety-mentorship-program/
grants-36079-0,36079,2025-07-08,2025,American Association for the Advancement of Science,R&D Advocacy,250000.0,Abundance & Growth; Innovation Policy,Grants,https://coefficientgiving.org/grants/rd-advocacy/
grants-38273-0,38273,2025-07-08,2025,AI Security Forum,International AI Security Conferences,322056.0,Navigating Transformative AI,Grants,https://coefficientgiving.org/grants/international-ai-security-conferences/
grants-36420-0,36420,2025-07-09,2025,MIT Media Lab,Biosecurity-related Research,500000.0,Biosecurity & Pandemic Preparedness,Grants,https://coefficientgiving.org/grants/biosecurity-related-research/
grants-37336-0,37336,2025-07-09,2025,Technical University of Munich,Reachability Analysis for Jailbreak Detection (George Pappas and Hamed Hassani),474211.0,Navigating Transformative AI,Grants,https://coefficientgiving.org/grants/reachability-analysis-for-jailbreak-detection-george-pappas-and-hamed-hassani/
grants-37339-0,37339,2025-07-09,2025,Stanford University,Reachability Analysis for Jailbreak Detection (Somil Bansal),304951.0,Navigating Transformative AI,Grants,https://coefficientgiving.org/grants/reachability-analysis-for-jailbreak-detection-somil-bansal/
grants-38008-0,38008,2025-07-09,2025,University of Utah,Red-Teaming LLM Backdoor Attacks (Guanhong Tao),91000.0,Navigating Transformative AI,Grants,https://coefficientgiving.org/grants/red-teaming-llm-backdoor-attacks-guanhong-tao/
grants-33360-0,33360,2025-07-10,2025,Metaculus,Forecasting Platform,3296000.0,Forecasting,Grants,https://coefficientgiving.org/grants/forecasting-platform/
grants-35879-0,35879,2025-07-10,2025,Mieux Donner,General Support,124333.0,Effective Giving & Careers,Grants,https://coefficientgiving.org/grants/general-support-24/
grants-35883-0,35883,2025-07-10,2025,Global Policy Research Group,Public Policy Consultations,26286.0,Effective Giving & Careers,Grants,https://coefficientgiving.org/grants/public-policy-consultations/
grants-38006-0,38006,2025-07-14,2025,University of Wisconsin–Madison,Study on Inductive Biases of LLMs (Sharon Li),294033.0,Navigating Transformative AI,Grants,https://coefficientgiving.org/grants/study-on-inductive-biases-of-llms-sharon-li/
grants-28143-0,28143,2025-07-15,2025,Pahle India Foundation,General Support,220000.0,Lead Exposure Action Fund,Grants,https://coefficientgiving.org/grants/lead-exposure-advocacy-bridge-grant/
grants-28155-0,28155,2025-07-15,2025,Devex,Lead Exposure Action Fund Panel Discussion,80000.0,Lead Exposure Action Fund,Grants,https://coefficientgiving.org/grants/leaf-panel-discussion/
grants-28157-0,28157,2025-07-15,2025,"icddr,b",Metallic Cookware In Bangladesh,190000.0,Lead Exposure Action Fund,Grants,https://coefficientgiving.org/grants/metallic-cookware-in-bangladesh/
grants-35609-0,35609,2025-07-15,2025,Our World In Data,General Support,3000000.0,Global Health & Wellbeing Opportunities,Grants,https://coefficientgiving.org/grants/general-support-19/
grants-36831-0,36831,2025-07-15,2025,Rhema Care,In-Line Chlorination Pilot in Nigeria,499990.0,Global Health & Wellbeing Opportunities,Grants,https://coefficientgiving.org/grants/in-line-chlorination-pilot-in-nigeria/
grants-37845-0,37845,2025-07-15,2025,Tarbell Center for AI Journalism,General Support,1587930.0,Global Catastrophic Risks Opportunities,Grants,https://coefficientgiving.org/grants/general-support-49/
grants-37028-0,37028,2025-07-16,2025,UNICEF USA,Survey of Blood Lead Levels in Bangladesh,2170000.0,Lead Exposure Action Fund,Grants,https://coefficientgiving.org/grants/survey-of-blood-lead-levels-in-bangladesh/
grants-36160-0,36160,2025-07-17,2025,Sightline Institute,Housing Policy Advocacy,660000.0,Abundance & Growth; Housing Policy Reform,Grants,https://coefficientgiving.org/grants/housing-policy-advocacy-5/
grants-36623-0,36623,2025-07-17,2025,Serica Advisory,General Support,67000.0,Effective Giving & Careers,Grants,https://coefficientgiving.org/grants/general-support-37/
grants-37064-0,37064,2025-07-17,2025,Meridian,Research on Chain-of-Thought Obfuscation,210100.0,Navigating Transformative AI,Grants,https://coefficientgiving.org/grants/research-on-chain-of-thought-obfuscation/
grants-37155-0,37155,2025-07-17,2025,International Council for Clean Transportation,Vehicle Emissions Work,300000.0,Air Quality,Grants,https://coefficientgiving.org/grants/vehicle-emissions-work/
grants-38110-0,38110,2025-07-17,2025,Valencia Polytechnic University,AI Evaluation Course,351000.0,Global Catastrophic Risks Opportunities,Grants,https://coefficientgiving.org/grants/ai-evaluation-course/
grants-37334-0,37334,2025-07-18,2025,University of Pennsylvania,Reasoning-Based Jailbreak Red Teaming (George Pappas and Hamed Hassani),268000.0,Navigating Transformative AI,Grants,https://coefficientgiving.org/grants/reasoning-based-jailbreak-red-teaming-george-pappas/
grants-37843-0,37843,2025-07-21,2025,SecureBio,Coworking Space,1736000.0,Global Catastrophic Risks Opportunities,Grants,https://coefficientgiving.org/grants/coworking-space/
grants-36476-0,36476,2025-07-22,2025,ProEquip,General Support,1825000.0,Biosecurity & Pandemic Preparedness,Grants,https://coefficientgiving.org/grants/general-support-33/
grants-38197-0,38197,2025-07-22,2025,Piezo Therapeutics,Novel Vaccine Delivery Device (Investment),250000.0,Infectious Diseases; Science and Global Health R&D; Transformative Science,Investments,https://coefficientgiving.org/grants/novel-vaccine-delivery-device-investment/
grants-36164-0,36164,2025-07-23,2025,University of Maryland,Science & Community Impacts Mapping Project,336607.0,Abundance & Growth; Innovation Policy,Grants,https://coefficientgiving.org/grants/science-community-impacts-mapping-project/
grants-37332-0,37332,2025-07-23,2025,University of Wisconsin–Madison,Non-Linear Probes for Feature Discovery & Steering (Sharon Li),253018.0,Navigating Transformative AI,Grants,https://coefficientgiving.org/grants/non-linear-probes-for-feature-discovery-steering-sharon-li/
grants-38524-0,38524,2025-07-23,2025,Carnegie Endowment for International Peace,Frontier AI and Geopolitics Research,160000.0,Navigating Transformative AI,Grants,https://coefficientgiving.org/grants/frontier-ai-and-geopolitics-research/
grants-38541-0,38541,2025-07-23,2025,University of Southern California,Detecting Hidden Knowledge in Language Models,206600.0,Navigating Transformative AI,Grants,https://coefficientgiving.org/grants/detecting-hidden-knowledge-in-language-models/
grants-38991-0,38991,2025-07-23,2025,Effectief Geven,Effective Giving Infrastructure in Belgium,117180.0,Effective Giving & Careers,Grants,https://coefficientgiving.org/grants/effective-giving-infrastructure-in-belgium/
grants-37235-0,37235,2025-07-24,2025,Good Impressions,Digital Campaigns for Farm Animal Welfare,1453000.0,Farm Animal Welfare,Grants,https://coefficientgiving.org/grants/digital-campaigns-for-farm-animal-welfare/
grants-37221-0,37221,2025-07-25,2025,Korean Animal Welfare Association,Cage-Free Campaigns in South Korea,57000.0,Cage-Free Reforms; Farm Animal Welfare,Grants,https://coefficientgiving.org/grants/cage-free-campaigns-in-south-korea/
grants-37823-0,37823,2025-07-25,2025,Centre for Effective Altruism,Trajan House,3070700.0,Global Catastrophic Risks Opportunities,Grants,https://coefficientgiving.org/grants/trajan-house/
grants-36962-0,36962,2025-07-28,2025,University of North Carolina,Hepatitis B Prevalance Survey in DR Congo,624994.0,Infectious Diseases; Policy and Practice; Science and Global Health R&D,Grants,https://coefficientgiving.org/grants/hepatitis-b-prevalance-survey-in-dr-congo/
grants-36366-0,36366,2025-07-31,2025,Madre Brava,Corporate Commitments for Alternative Proteins,950000.0,Alternatives to Animal Products; Farm Animal Welfare,Grants,https://coefficientgiving.org/grants/corporate-commitments-for-alternative-proteins/
grants-37576-0,37576,2025-07-31,2025,The Pollination Project,Resonance: Media Initiative to Elevate Farm Animal Welfare,250000.0,Farm Animal Welfare,Grants,https://coefficientgiving.org/grants/resonance-media-initiative-to-elevate-farm-animal-welfare/
grants-32623-0,32623,2025-08-01,2025,Pahle India Foundation,Blood Lead Level Survey in Meghalaya,255000.0,Lead Exposure Action Fund,Grants,https://coefficientgiving.org/grants/blood-lead-level-survey-in-meghalaya/
grants-32628-0,32628,2025-08-01,2025,Stanford University,Project Unleaded,10444480.0,Lead Exposure Action Fund,,https://coefficientgiving.org/grants/project-unleaded/
grants-35715-0,35715,2025-08-01,2025,University of Virginia,Latent Adversarial Training Method (Yu Meng),482350.0,Navigating Transformative AI,Grants,https://coefficientgiving.org/grants/latent-adversarial-training-method-yu-meng/
grants-35868-0,35868,2025-08-01,2025,Effective Altruism New Zealand,General Support,17500.0,Effective Giving & Careers,Grants,https://coefficientgiving.org/grants/general-support-21/
grants-35873-0,35873,2025-08-01,2025,Effective Altruism Australia,General Support,257000.0,Effective Giving & Careers,Grants,https://coefficientgiving.org/grants/general-support-22/
grants-37330-0,37330,2025-08-01,2025,Ohio State University,"Study on the Circuits Underlying the ""Reversal Curse"" (Huan Sun and Yu Su)",295770.0,Navigating Transformative AI,Grants,https://coefficientgiving.org/grants/study-on-the-circuits-underlying-the-reversal-curse-huan-sun-and-yu-su/
grants-37789-0,37789,2025-08-01,2025,One Health and Development Initiative,Layer Hen Welfare in Nigeria,300000.0,Cage-Free Reforms; Farm Animal Welfare,Grants,https://coefficientgiving.org/grants/layer-hen-welfare-in-nigeria/
grants-37805-0,37805,2025-08-01,2025,Effective Altruism Finland,Machine Learning Bootcamp,16875.0,Global Catastrophic Risks Opportunities,Grants,https://coefficientgiving.org/grants/machine-learning-bootcamp/
grants-35895-0,35895,2025-08-04,2025,Magnify Mentoring,General Support,370800.0,Effective Giving & Careers,Grants,https://coefficientgiving.org/grants/general-support-27/
grants-37837-0,37837,2025-08-04,2025,Kairos,Pathfinder Fellowship and Group Support,1450000.0,Global Catastrophic Risks Opportunities,Grants,https://coefficientgiving.org/grants/pathfinder-fellowship-and-group-support/
grants-35957-0,35957,2025-08-06,2025,University of Wisconsin–Madison,Reasoning in LLMs (Yiqiao Zhong),200200.0,Navigating Transformative AI,Grants,https://coefficientgiving.org/grants/reasoning-in-llms-yiqiao-zhong/
grants-38057-0,38057,2025-08-06,2025,SecureBio,SecureBio Detection,3700000.0,Biosecurity & Pandemic Preparedness,Grants,https://coefficientgiving.org/grants/securebio-detection/
grants-38246-0,38246,2025-08-06,2025,Berkeley Existential Risk Initiative,AI Governance,648167.0,Navigating Transformative AI,Grants,https://coefficientgiving.org/grants/ai-governance/
grants-37861-0,37861,2025-08-08,2025,PopVax,Novel Vaccine Candidates (Investment),7500000.0,Infectious Diseases; Science and Global Health R&D; Transformative Science,Investments,https://coefficientgiving.org/grants/novel-vaccine-candidates-investment/
grants-37888-0,37888,2025-08-08,2025,Stanford University,Risks in Multi-Agent LLM Systems (Diyi Yang),531299.0,Navigating Transformative AI,Grants,https://coefficientgiving.org/grants/risks-in-multi-agent-llm-systems-diyi-yang/
grants-35875-0,35875,2025-08-10,2025,Tien Procent Club,General Support,210000.0,Effective Giving & Careers,Grants,https://coefficientgiving.org/grants/general-support-23/
grants-35720-0,35720,2025-08-11,2025,University of Michigan,Alignment Faking Experiments (Lu Wang),637755.0,Navigating Transformative AI,Grants,https://coefficientgiving.org/grants/alignment-faking-experiments-lu-wang/
grants-37054-0,37054,2025-08-11,2025,Rethink Priorities,"""Truthful AI"" Research Group",6116133.0,Navigating Transformative AI,Grants,https://coefficientgiving.org/grants/truthful-ai-research-group/
grants-38010-0,38010,2025-08-11,2025,Boston University,Mechanistic Interpretability Research (Mark Crovella),52647.0,Navigating Transformative AI,Grants,https://coefficientgiving.org/grants/mechanistic-interpretability-research-mark-crovella/
grants-38275-0,38275,2025-08-11,2025,ETH Zürich,Research on Malware and Surveillance Capabilities of LLMs,356950.0,Navigating Transformative AI,Grants,https://coefficientgiving.org/grants/research-on-malware-and-surveillance-capabilities-of-llms/
grants-36924-0,36924,2025-08-12,2025,Johns Hopkins University,RCT for Treatment of Cryptosporidiosis in Infants,2200000.0,Infectious Diseases; Science and Global Health R&D; Transformative Science,Grants,https://coefficientgiving.org/grants/rct-for-cryptosporidium-treatment/
grants-38528-0,38528,2025-08-12,2025,AI Verification and Evaluation Research Institute (AVERI),Third-Party AI Auditing & Advocacy,5000000.0,Navigating Transformative AI,Grants,https://coefficientgiving.org/grants/third-party-ai-auditing-advocacy/
grants-35697-0,35697,2025-08-13,2025,Zero Blind Babies,General Support,500000.0,Global Health & Wellbeing Opportunities,Grants,https://coefficientgiving.org/grants/general-support-20/
grants-37212-0,37212,2025-08-13,2025,Welfare Matters,Farm Animal Welfare Movement Building in Southeast Asia,650000.0,Farm Animal Welfare,Grants,https://coefficientgiving.org/grants/farm-animal-welfare-movement-building-in-southeast-asia/
grants-37884-0,37884,2025-08-13,2025,King's College London,Verifiably Robust Conformal Probes (Nicola Paoletti and Osvaldo Simeone),439725.0,Navigating Transformative AI,Grants,https://coefficientgiving.org/grants/verifiably-robust-conformal-probes-nicola-paoletti-and-osvaldo-simeone/
grants-35724-0,35724,2025-08-14,2025,University of Waterloo,"Study on Backdoors in AI Agents (Anudeep Das, Gurjot Singh, Pract Chantasantitam)",58100.0,Navigating Transformative AI,Grants,https://coefficientgiving.org/grants/study-on-backdoors-in-ai-agents/
grants-36018-0,36018,2025-08-14,2025,Northwestern University,ODA Cost-Effectiveness Research,300000.0,Global Aid Policy,Grants,https://coefficientgiving.org/grants/oda-cost-effectiveness-research/
grants-37153-0,37153,2025-08-14,2025,Columbia University,Policy Research on Lead Exposure Mitigation,370000.0,Air Quality,Grants,https://coefficientgiving.org/grants/policy-research-on-lead-exposure-mitigation/
grants-37766-0,37766,2025-08-14,2025,Aarhus University,Workshops on Selective Breeding for Animal Welfare,98362.0,Farm Animal Welfare,Grants,https://coefficientgiving.org/grants/workshops-on-selective-breeding-for-animal-welfare/
grants-35705-0,35705,2025-08-15,2025,University of Massachusetts Amherst,Research on Emergent Misalignment (Scott Niekum),426371.0,Navigating Transformative AI,Grants,https://coefficientgiving.org/grants/research-on-emergent-misalignment-scott-niekum/
grants-35708-0,35708,2025-08-15,2025,Meridian,Research on Realistic Alignment Faking,561000.0,Navigating Transformative AI,Grants,https://coefficientgiving.org/grants/realistic-alignment-faking/
grants-35950-0,35950,2025-08-15,2025,University of Massachusetts Amherst,Research on LLM Rare Event Estimation (Scott Niekum),293427.0,Navigating Transformative AI,Grants,https://coefficientgiving.org/grants/research-on-llm-rare-event-estimation-scott-neikumresearch-on-llm-rare-event-estimation-scott-niekum/
grants-36158-0,36158,2025-08-15,2025,The ReNew Democracy Foundation,Housing and Abundance Fellowship,245000.0,Abundance & Growth; Housing Policy Reform,Grants,https://coefficientgiving.org/grants/housing-and-abundance-fellowship/
grants-37056-0,37056,2025-08-15,2025,Niagara University,Agent Foundations Research (Steve Petersen),48000.0,Navigating Transformative AI,Grants,https://coefficientgiving.org/grants/agent-foundations-research-steve-petersen/
grants-37144-0,37144,2025-08-15,2025,Dyrevernalliansen (The Norwegian Animal Protection Alliance),Farmed Salmon and Wild-Caught Fish Welfare Re-Granting,11834.0,Farm Animal Welfare; Fish Welfare,Grants,https://coefficientgiving.org/grants/farmed-salmon-and-wild-caught-fish-welfare-re-granting/
grants-37328-0,37328,2025-08-15,2025,Ohio State University,Eliciting Unintended Behaviors in Computer-Use Agents (Huan Sun and Yu Su),354224.0,Navigating Transformative AI,Grants,https://coefficientgiving.org/grants/eliciting-unintended-behaviors-in-computer-use-agents-huan-sun-and-yu-su/
grants-37580-0,37580,2025-08-15,2025,Read the Air,Farm Animal Welfare in Japan,196000.0,Farm Animal Welfare,Grants,https://coefficientgiving.org/grants/farm-animal-welfare-in-japan/
grants-28355-0,28355,2025-08-17,2025,Blueprint Biosecurity,General Support,6400000.0,Biosecurity & Pandemic Preparedness,Grants,https://coefficientgiving.org/grants/general-support-7/
grants-37326-0,37326,2025-08-17,2025,Brown University,"Research into AI ""Self-Jailbreaking"" (Stephen Bach)",124955.0,Navigating Transformative AI,Grants,https://coefficientgiving.org/grants/research-into-ai-self-jailbreaking-stephen-bach/
grants-36570-0,36570,2025-08-18,2025,Common Ground Aotearoa,Land Value Tax Initiative,30000.0,Global Health & Wellbeing Opportunities,Grants,https://coefficientgiving.org/grants/land-value-tax-initiative/
grants-37216-0,37216,2025-08-19,2025,A World of Good Initiative,Animal Welfare Forum in Asia,283000.0,Farm Animal Welfare,Grants,https://coefficientgiving.org/grants/animal-welfare-forum-in-asia/
grants-38506-0,38506,2025-08-19,2025,Centre for the Governance of AI,General Support,10900000.0,Navigating Transformative AI,Grants,https://coefficientgiving.org/grants/general-support-60/
grants-35837-0,35837,2025-08-20,2025,University of Maryland,Emergent Collusion Project (Kaiqing Zhang),280500.0,Navigating Transformative AI,Grants,https://coefficientgiving.org/grants/emergent-collusion-project-kaiqing-zhang/
grants-35963-0,35963,2025-08-20,2025,"University of California, Berkeley",Modularized Reasoning Language Models (Alane Suhr),310200.0,Navigating Transformative AI,Grants,https://coefficientgiving.org/grants/modularized-reasoning-language-models-alane-suhr/
grants-37324-0,37324,2025-08-20,2025,University of Massachusetts Boston,Development of White-Box Jailbreak Technique (Shichao Pei),165000.0,Navigating Transformative AI,Grants,https://coefficientgiving.org/grants/development-of-white-box-jailbreak-technique-shichao-pei/
grants-36168-0,36168,2025-08-21,2025,World Resources Institute,Philanthropic Support for Land Use Reform,150000.0,Abundance & Growth; Housing Policy Reform,Grants,https://coefficientgiving.org/grants/philanthropic-support-for-land-use-reform/
grants-37148-0,37148,2025-08-22,2025,The Navigation Fund,Cage-Free Implementation Fund,1500000.0,Cage-Free Reforms; Farm Animal Welfare,Grants,https://coefficientgiving.org/grants/cage-free-implementation-fund/
grants-35722-0,35722,2025-08-25,2025,Penn State University,Work to Mitigate AI Agent Sandbagging (Rui Zhang),166078.0,Navigating Transformative AI,Grants,https://coefficientgiving.org/grants/work-to-mitigate-ai-agent-sandbagging-rui-zhang/
grants-36425-0,36425,2025-08-27,2025,Council on Strategic Risks,Biosecurity Fellowship,331438.0,Biosecurity & Pandemic Preparedness,Grants,https://coefficientgiving.org/grants/biosecurity-fellowship/
grants-36827-0,36827,2025-08-27,2025,University of Cape Town,J-PAL Africa Grant for Chlorine Vouchers,472362.0,Global Health & Wellbeing Opportunities,Grants,https://coefficientgiving.org/grants/j-pal-africa-chlorine-vouchers/
grants-37996-0,37996,2025-08-27,2025,McGill University,Research on Latent Adversarial Training (Adam Oberman),295000.0,Navigating Transformative AI,Grants,https://coefficientgiving.org/grants/research-on-latent-adversarial-training-adam-oberman/
grants-28563-0,28563,2025-09-01,2025,The Good Food Institute,General Support,5400000.0,Alternatives to Animal Products; Farm Animal Welfare,Grants,https://coefficientgiving.org/grants/general-support-9/
grants-35893-0,35893,2025-09-03,2025,Renaissance Philanthropy,Microgrants Fund,170000.0,Effective Giving & Careers,Grants,https://coefficientgiving.org/grants/microgrants-fund/
grants-36116-0,36116,2025-09-03,2025,Housing Action Coalition,Housing Policy Advocacy,120000.0,Abundance & Growth; Housing Policy Reform,Grants,https://coefficientgiving.org/grants/housing-policy-advocacy-3/
grants-36368-0,36368,2025-09-03,2025,The Protein Project,EU Fermentation Technology Advocacy,353764.0,Alternatives to Animal Products; Farm Animal Welfare,Grants,https://coefficientgiving.org/grants/eu-fermentation-technology-advocacy/
grants-37030-0,37030,2025-09-03,2025,"icddr,b",Policy Research on Reducing Lead Exposure from Metallic Cookware,190000.0,Lead Exposure Action Fund,Grants,https://coefficientgiving.org/grants/policy-research-on-reducing-lead-exposure-from-metallic-cookware/
grants-37158-0,37158,2025-09-03,2025,Chintan Environmental Research and Action Group,Delhi Air Quality Advocacy,183990.0,Air Quality,Grants,https://coefficientgiving.org/grants/delhi-air-quality-advocacy/
grants-37803-0,37803,2025-09-03,2025,Effective Altruism Switzerland,Zurich AI Safety Day (Conference),31490.0,Global Catastrophic Risks Opportunities,Grants,https://coefficientgiving.org/grants/zurich-ai-safety-day-conference/
grants-37881-0,37881,2025-09-03,2025,Philipp Blandfort,Analysis of Moral Preferences of AIs,334910.0,Navigating Transformative AI,Grants,https://coefficientgiving.org/grants/analysis-of-moral-preferences-of-ais/
grants-35899-0,35899,2025-09-05,2025,Animal Advocacy Careers,Policy Fellowship,580000.0,Effective Giving & Careers,Grants,https://coefficientgiving.org/grants/policy-fellowship/
grants-37819-0,37819,2025-09-05,2025,AI Safety Hungary,AI Safety Community Building,21125.0,Global Catastrophic Risks Opportunities,Grants,https://coefficientgiving.org/grants/ai-safety-community-building/
grants-36942-0,36942,2025-09-08,2025,The Task Force for Global Health,Malaria in School-aged Children Network Launch,104075.0,Infectious Diseases; Policy and Practice; Science and Global Health R&D,Grants,https://coefficientgiving.org/grants/malaria-in-school-aged-children-network-launch/
grants-38012-0,38012,2025-09-08,2025,Meridian,Improved Sleeper-Agent Techniques,272734.0,Navigating Transformative AI,Grants,https://coefficientgiving.org/grants/improved-sleeper-agent-techniques/
grants-38277-0,38277,2025-09-08,2025,"University of California, Berkeley",AI Cybersecurity Research and Workshop (Dawn Song),200000.0,Navigating Transformative AI,Grants,https://coefficientgiving.org/grants/ai-cybersecurity-research-and-workshop-dawn-song/
grants-35699-0,35699,2025-09-09,2025,Stanford University,Cement Flooring Study (Jade Benjamin-Chung),316149.0,Global Health & Wellbeing Opportunities,Grants,https://coefficientgiving.org/grants/cement-flooring-study-jade-benjamin-chung/
grants-38114-0,38114,2025-09-09,2025,Cambridge Boston Alignment Initiative,General Support,2283000.0,Global Catastrophic Risks Opportunities,Grants,https://coefficientgiving.org/grants/general-support-54/
grants-37320-0,37320,2025-09-10,2025,University of Illinois,Low-Perplexity Jailbreak Testing (Varun Chandrasekaran),119122.0,Navigating Transformative AI,Grants,https://coefficientgiving.org/grants/low-perplexity-jailbreak-testing-varun-chandrasekaran/
grants-38091-0,38091,2025-09-10,2025,London School of Hygiene and Tropical Medicine,Pediatric Ivermectin Scabies Trial,1053061.0,Infectious Diseases; Science and Global Health R&D,Grants,https://coefficientgiving.org/grants/pediatric-ivermectin-scabies-trial/
grants-36152-0,36152,2025-09-11,2025,Open New York,Housing Policy Advocacy,4400000.0,Abundance & Growth,Grants,https://coefficientgiving.org/grants/housing-policy-advocacy-4/
grants-37821-0,37821,2025-09-11,2025,"80,000 Hours",General Support,7700000.0,Global Catastrophic Risks Opportunities,Grants,https://coefficientgiving.org/grants/general-support-47/
grants-36483-0,36483,2025-09-12,2025,ERA,AIxBiosecurity Research Fellowship,406283.0,Biosecurity & Pandemic Preparedness,Grants,https://coefficientgiving.org/grants/aixbiosecurity-research-fellowship/
grants-36031-0,36031,2025-09-13,2025,Mila,Off-target Effects of Fine-tuning in LLMs (Aly Kassem and Golnoosh Farnadi),195800.0,Navigating Transformative AI,Grants,https://coefficientgiving.org/grants/off-target-effects-of-fine-tuning-in-llms-aly-kassem-and-golnoosh-farnadi/
grants-28287-0,28287,2025-09-14,2025,Network for Effective Evidence-based Development,Field-Building for International Development Careers,30250.0,Effective Giving & Careers,Grants,https://coefficientgiving.org/grants/field-building-for-international-development-careers/
grants-28345-0,28345,2025-09-14,2025,Air Pollution Action Group,Air Quality Initiatives in India,1300000.0,Air Quality,Grants,https://coefficientgiving.org/grants/air-quality-initiatives-in-india/
grants-28370-0,28370,2025-09-14,2025,FAR AI,AI Safety Research and Field-building,28675000.0,Navigating Transformative AI,Grants,https://coefficientgiving.org/grants/ai-safety-research-and-field-building/
grants-28343-0,28343,2025-09-15,2025,Peterson Institute for International Economics,Indian Economic Policy Reform,2916000.0,Global Growth,Grants,https://coefficientgiving.org/grants/indian-economic-policy-reform/
grants-37206-0,37206,2025-09-15,2025,ProVeg International,Cultural Advocacy Thinktank,250000.0,Farm Animal Welfare,Grants,https://coefficientgiving.org/grants/cultural-advocacy-thinktank/
grants-37316-0,37316,2025-09-15,2025,University of Maryland,Steering Vectors for Externalizing LLM Reasoning (Ashwinee Panda),310496.0,Navigating Transformative AI,Grants,https://coefficientgiving.org/grants/steering-vectors-for-externalizing-llm-reasoning-ashwinee-panda/
grants-37318-0,37318,2025-09-15,2025,University of Texas at Dallas,Control Evaluations for AI Debate (Xinya Du),218513.0,Navigating Transformative AI,Grants,https://coefficientgiving.org/grants/control-evaluations-for-ai-debate-xinya-du/
grants-36148-0,36148,2025-09-16,2025,London Institute of Mathematical Sciences,Performance Coaching for Scientists,101313.0,Abundance & Growth; Innovation Policy,Grants,https://coefficientgiving.org/grants/performance-coaching-for-scientists/
grants-37314-0,37314,2025-09-16,2025,Harvard University,LLM Discretion in Deliberative Alignment (Flavio Calmon),303931.0,Navigating Transformative AI,Grants,https://coefficientgiving.org/grants/llm-discretion-in-deliberative-alignment-flavio-calmon/
grants-37841-0,37841,2025-09-16,2025,Kairos,Research Expenses for SPAR,100000.0,Global Catastrophic Risks Opportunities,Grants,https://coefficientgiving.org/grants/research-expenses-for-spar/
grants-38106-0,38106,2025-09-16,2025,Michael Specter,Existential Risk Courses at MIT,70000.0,Global Catastrophic Risks Opportunities,Grants,https://coefficientgiving.org/grants/existential-risk-courses-at-mit/
grants-35849-0,35849,2025-09-17,2025,Poseidon Research,Encoded Reasoning Project,640200.0,Navigating Transformative AI,Grants,https://coefficientgiving.org/grants/encoded-reasoning-project/
grants-37044-0,37044,2025-09-17,2025,Global Development Incubator,Lead-Acid Battery Recycling Incubation,431307.0,Lead Exposure Action Fund,Grants,https://coefficientgiving.org/grants/lead-acid-battery-recycling-incubation/
grants-37312-0,37312,2025-09-17,2025,zkBricks,Defenses Against LLM Backdoor Attacks (Mingyuan Wang and Sanjam Garg),209000.0,Navigating Transformative AI,Grants,https://coefficientgiving.org/grants/defenses-against-llm-backdoor-attacks-mingyuan-wang-and-sanjam-garg/
grants-37768-0,37768,2025-09-17,2025,European Environmental Bureau,Exit Grant,146675.0,Farm Animal Welfare,Grants,https://coefficientgiving.org/grants/exit-grant-2/
grants-37770-0,37770,2025-09-17,2025,Sharpen Strategy,Corporate Negotiations Training,343000.0,Farm Animal Welfare,Grants,https://coefficientgiving.org/grants/corporate-negotiations-training/
grants-36092-0,36092,2025-09-19,2025,Center for Public Enterprise,Inclusionary Zoning,30000.0,Abundance & Growth; Housing Policy Reform,Grants,https://coefficientgiving.org/grants/report-on-exclusionary-zoning/
grants-28276-0,28276,2025-09-20,2025,RAND Corporation,AI Evaluation and Testing,10000000.0,Navigating Transformative AI,Grants,https://coefficientgiving.org/grants/ai-evaluation-and-testing/
grants-39085-0,39085,2025-09-21,2025,Various Individuals and Organizations,Mid-Career Transition Grants,334133.0,Navigating Transformative AI,Grants,https://coefficientgiving.org/grants/mid-career-transition-grants/
grants-37244-0,37244,2025-09-22,2025,Global Food Partners,Cage-Free Implementation in Asia and Latin America,2000000.0,Cage-Free Reforms; Farm Animal Welfare,Grants,https://coefficientgiving.org/grants/cage-free-implementation-in-asia-and-latin-america/
grants-38244-0,38244,2025-09-22,2025,Northeastern University,Sabotage Benchmark (Weiyan Shi),707594.0,Navigating Transformative AI,Grants,https://coefficientgiving.org/grants/sabotage-benchmark-weiyan-shi/
grants-35901-0,35901,2025-09-23,2025,Effective Altruism Nigeria,Community-building Projects,21720.0,Effective Giving & Careers,Grants,https://coefficientgiving.org/grants/community-building-projects/
grants-38812-0,38812,2025-09-23,2025,University of Stirling,RCT on Peer Review Incentives (David Comerford),111385.0,Abundance & Growth,Grants,https://coefficientgiving.org/grants/rct-on-peer-review-incentives-david-comerford/
grants-36480-0,36480,2025-09-24,2025,RAND Corporation,Meselson Center,9500000.0,Biosecurity & Pandemic Preparedness,Grants,https://coefficientgiving.org/grants/meselson-center/
grants-36960-0,36960,2025-09-24,2025,International Union Against Tuberculosis and Lung Diseas,Travel Scholarships to World Conference on Lung Health,55000.0,Infectious Diseases; Science and Global Health R&D,Grants,https://coefficientgiving.org/grants/travel-scholarships-to-world-conference-on-lung-health/
grants-37052-0,37052,2025-09-24,2025,Decode Research,Infrastructure for Interpretability Research,707000.0,Navigating Transformative AI,Grants,https://coefficientgiving.org/grants/infrastructure-for-interpretability-research/
grants-37133-0,37133,2025-09-24,2025,FishEthoGroup,Wild Fish Welfare Research,540000.0,Farm Animal Welfare; Fish Welfare,Grants,https://coefficientgiving.org/grants/wild-fish-welfare-research/
grants-38124-0,38124,2025-09-24,2025,Center for Law and AI Risk,AI Safety Community Building,379000.0,Global Catastrophic Risks Opportunities,Grants,https://coefficientgiving.org/grants/ai-safety-community-building-3/
grants-28339-0,28339,2025-09-25,2025,Center for Global Development Europe,British Aid Advocacy,825983.0,Global Aid Policy,Grants,https://coefficientgiving.org/grants/british-aid-advocacy/
grants-38261-0,38261,2025-09-25,2025,Simon Institute for Longterm Governance ,International AI Governance,93911.0,Navigating Transformative AI,Grants,https://coefficientgiving.org/grants/international-ai-governance/
grants-35847-0,35847,2025-09-26,2025,Carnegie Mellon University,Adversarial Reasoning Training (Aviral Kumar and Aditi Raghunathan),466183.0,Navigating Transformative AI,Grants,https://coefficientgiving.org/grants/adversarial-reasoning-training-aviral-kumar-and-aditi-raghunathan/
grants-35965-0,35965,2025-09-26,2025,Northeastern University,Techniques to Mitigate Emergent Misalignment (Weiyan Shi),333300.0,Navigating Transformative AI,Grants,https://coefficientgiving.org/grants/techniques-to-mitigate-emergent-misalignment-weiyan-shi/
grants-36014-0,36014,2025-09-26,2025,Modernizing Foreign Assistance Network,General Support,325000.0,Global Aid Policy,Grants,https://coefficientgiving.org/grants/general-support-30/
grants-36873-0,36873,2025-09-26,2025,Youth Impact,Technical Assistance with Designing Education Programs,300000.0,Global Aid Policy,Grants,https://coefficientgiving.org/grants/technical-assistance-with-designing-education-programs/
grants-39507-0,39507,2025-09-26,2025,Rice University,Research on Alignment Faking (Hanjie Chen),217800.0,Navigating Transformative AI,Grants,https://coefficientgiving.org/grants/research-on-alignment-faking-hanjie-chen/
grants-37310-0,37310,2025-09-29,2025,University of Notre Dame,Probe-Based Interventions for Training (Meng Jiang),281628.0,Navigating Transformative AI,Grants,https://coefficientgiving.org/grants/probe-based-interventions-for-training-meng-jiang/
grants-35711-0,35711,2025-09-30,2025,Technical University of Munich,Research on Unlearning Methods (Leo Schwinn),325600.0,Navigating Transformative AI,Grants,https://coefficientgiving.org/grants/research-on-unlearning-methods-leo-schwinn/
grants-35913-0,35913,2025-09-30,2025,University of Oxford,Mitigating Collusion in LLMs for Multi-Agent Security (Christian Schroeder de Witt),352365.0,Navigating Transformative AI,Grants,https://coefficientgiving.org/grants/mitigating-collusion-in-llms-for-multi-agent-security-christian-schoeder-de-witt/
grants-36436-0,36436,2025-09-30,2025,Council on Strategic Risks,Biosecurity Fellowship,197937.0,Biosecurity & Pandemic Preparedness,Grants,https://coefficientgiving.org/grants/biosecurity-fellowship-3/
grants-36946-0,36946,2025-09-30,2025,London School of Hygiene and Tropical Medicine,Seasonal Malaria Chemoprevention in School-aged Children Trial Preparation,491843.0,Infectious Diseases; Science and Global Health R&D,Grants,https://coefficientgiving.org/grants/seasonal-malaria-chemoprevention-in-school-aged-children-trial-preparation/
grants-37032-0,37032,2025-09-30,2025,Pahle India Foundation,General Support,210597.0,Lead Exposure Action Fund,Grants,https://coefficientgiving.org/grants/general-support-38/
grants-37308-0,37308,2025-09-30,2025,University of Illinois,Latent Certified Training Network (Gagandeep Singh),532000.0,Navigating Transformative AI,Grants,https://coefficientgiving.org/grants/latent-certified-training-network-gagandeep-singh/
grants-37060-0,37060,2025-10-01,2025,University of Notre Dame,Robust Unlearning Research (Walter Scheirer),471000.0,Navigating Transformative AI,Grants,https://coefficientgiving.org/grants/robust-unlearning-research-walter-scheirer/
grants-37233-0,37233,2025-10-01,2025,Asia for Animals Coalition,Farm Animal Welfare Movement Building in Asia,40000.0,Farm Animal Welfare,Grants,https://coefficientgiving.org/grants/farm-animal-welfare-movement-building-in-asia/
grants-36156-0,36156,2025-10-02,2025,Purdue University,Research on Scientific Progress (Eamon Duede & Misha Teplitskiy),49500.0,Abundance & Growth; Innovation Policy,Grants,https://coefficientgiving.org/grants/research-on-scientific-progress-eamon-duede-misha-teplitskiy/
grants-37229-0,37229,2025-10-02,2025,Animal & Vegan Advocacy Summit,Conference Support,1639500.0,Farm Animal Welfare,Grants,https://coefficientgiving.org/grants/conference-support-2/
grants-36170-0,36170,2025-10-03,2025,Yes on Affordable Housing,Pro-Housing Campaign,45000.0,Abundance & Growth; Housing Policy Reform,Grants,https://coefficientgiving.org/grants/pro-housing-campaign/
grants-37036-0,37036,2025-10-03,2025,Clinton Health Access Initiative,Blood Lead Level Diagnostic Innovation and Market-Shaping,291653.0,Lead Exposure Action Fund,Grants,https://coefficientgiving.org/grants/blood-lead-level-diagnostic-innovation-and-market-shaping/
grants-35701-0,35701,2025-10-06,2025,Renaissance Philanthropy,High-fiber Wheat Varieties,346000.0,Global Health & Wellbeing Opportunities,Grants,https://coefficientgiving.org/grants/high-fiber-wheat-varieties/
grants-37062-0,37062,2025-10-06,2025,Stanford University,Hierarchical Atlas for LLM Interpretability (Eric Darve),485000.0,Navigating Transformative AI,Grants,https://coefficientgiving.org/grants/hierarchical-atlas-for-llm-interpretability-eric-darve/
grants-37099-0,37099,2025-10-06,2025,"University of California, Davis",Antimalarial Gene Drive Research,2660838.0,Infectious Diseases; Science and Global Health R&D; Transformative Science,Grants,https://coefficientgiving.org/grants/antimalarial-gene-drive-research-2/
grants-36439-0,36439,2025-10-07,2025,Council on Strategic Risks,PPE Advocacy,173853.0,Biosecurity & Pandemic Preparedness,Grants,https://coefficientgiving.org/grants/ppe-advocacy/
grants-33362-0,33362,2025-10-08,2025,Sage,General Support,1633500.0,Forecasting,Grants,https://coefficientgiving.org/grants/general-support-17/
grants-33418-0,33418,2025-10-08,2025,Pahle India Foundation,Blood Lead Level Surveys,610000.0,Lead Exposure Action Fund,Grants,https://coefficientgiving.org/grants/blood-lead-level-surveys/
grants-35967-0,35967,2025-10-08,2025,University of Texas at Austin,Research on Chain-of-Thought Reasoning in LLMs (Liu Leqi),214500.0,Navigating Transformative AI,Grants,https://coefficientgiving.org/grants/research-on-chain-of-thought-reasoning-in-llms-liu-leqi/
grants-36020-0,36020,2025-10-10,2025,Charité,Global Health Research Education,338566.0,Global Aid Policy,Grants,https://coefficientgiving.org/grants/global-health-research-education/
grants-35973-0,35973,2025-10-13,2025,Simplex,General Support,2045200.0,Navigating Transformative AI,Grants,https://coefficientgiving.org/grants/general-support-29/
grants-36723-0,36723,2025-10-13,2025,New York University,Zoning Regulations and Housing Research,135000.0,Global Health & Wellbeing Opportunities,Grants,https://coefficientgiving.org/grants/zoning-regulations-and-housing-research/
grants-39037-0,39037,2025-10-13,2025,The Alan Turing Institute,AI Cybersecurity Evals for Critical National Infrastructure,384000.0,Navigating Transformative AI,Grants,https://coefficientgiving.org/grants/ai-cybersecurity-evals-for-critical-national-infrastructure/
grants-37246-0,37246,2025-10-14,2025,Animal Kingdom Foundation,Cage-Free Reforms in the Philippines,825000.0,Cage-Free Reforms; Farm Animal Welfare,Grants,https://coefficientgiving.org/grants/cage-free-reforms-in-the-philippines/
grants-35293-0,35293,2025-10-15,2025,Asothia,Funding Opportunity Tool,20000.0,Abundance & Growth; Innovation Policy,Grants,https://coefficientgiving.org/grants/funding-opportunity-tool/
grants-36938-0,36938,2025-10-15,2025,University of Georgia,Study on Piezopen Vaccine Delivery,441699.0,Infectious Diseases; Science and Global Health R&D; Transformative Science,Grants,https://coefficientgiving.org/grants/study-on-piezopen-vaccine-delivery/
grants-37034-0,37034,2025-10-15,2025,Pahle India Foundation,Survey of Blood Lead Levels in Meghalaya,244563.0,Lead Exposure Action Fund,Grants,https://coefficientgiving.org/grants/survey-of-blood-lead-levels-in-meghalaya/
grants-38030-0,38030,2025-10-15,2025,Development Innovation Ventures,DIV Fund 2.0,25200000.0,Global Health & Wellbeing Opportunities,Grants,https://coefficientgiving.org/grants/div-fund-2-0/
grants-37084-0,37084,2025-10-16,2025,Ohio State University,Study on Measuring LLM Values (Andrew Perrault),187510.0,Navigating Transformative AI,Grants,https://coefficientgiving.org/grants/study-on-measuring-llm-values-andrew-perrault/
grants-37876-0,37876,2025-10-16,2025,University of Toronto,AI Safety Research Projects (Zhijing Jin),926200.0,Navigating Transformative AI,Grants,https://coefficientgiving.org/grants/ai-safety-research-projects-zhijing-jin/
grants-35843-0,35843,2025-10-17,2025,University of Southern California,Research on Steganographic Encoding (Jonathan May),257803.0,Navigating Transformative AI,Grants,https://coefficientgiving.org/grants/research-on-steganographic-encoding-jonathan-may/
grants-35845-0,35845,2025-10-17,2025,Harvard University,Robust Unlearning Evaluations (Roy Rinberg),124300.0,Navigating Transformative AI,Grants,https://coefficientgiving.org/grants/robust-unlearning-evaluations-roy-rinberg/
grants-36447-0,36447,2025-10-17,2025,Global Shield,PPE Advocacy,325600.0,Biosecurity & Pandemic Preparedness,Grants,https://coefficientgiving.org/grants/ppe-advocacy-2/
grants-37187-0,37187,2025-10-17,2025,World Health Organization,Supporting Malaria Vaccines Development,308940.0,Infectious Diseases; Policy and Practice; Science and Global Health R&D,Grants,https://coefficientgiving.org/grants/supporting-malaria-vaccines-development/
grants-37208-0,37208,2025-10-17,2025,Animal Advocacy & Food Transition,EU Farm Animal Welfare Advocacy,1185348.0,Farm Animal Welfare,Grants,https://coefficientgiving.org/grants/eu-farm-animal-welfare-advocacy-2/
grants-37231-0,37231,2025-10-17,2025,Claremont Graduate University,Animal Suffering Research,75000.0,Farm Animal Welfare,Grants,https://coefficientgiving.org/grants/animal-suffering-research/
grants-33455-0,33455,2025-10-20,2025,Center for Global Development,General Support,3300000.0,Global Aid Policy,Grants,https://coefficientgiving.org/grants/general-support-18/
grants-36552-0,36552,2025-10-20,2025,Stanford University,Novel Method for Concept Unlearning (Sanmi Koyejo),420482.0,Navigating Transformative AI,Grants,https://coefficientgiving.org/grants/novel-method-for-concept-unlearning-sanmi-koyejo/
grants-37066-0,37066,2025-10-20,2025,Iliad,AI Alignment Theory,836000.0,Navigating Transformative AI,Grants,https://coefficientgiving.org/grants/ai-alignment-theory/
grants-37104-0,37104,2025-10-20,2025,University of Pennsylvania,VEuPath Database,750000.0,Science and Global Health R&D; Transformative Science,Grants,https://coefficientgiving.org/grants/veupath-database/
grants-36075-0,36075,2025-10-21,2025,Abundance Network,Movement Building,500000.0,Abundance & Growth,Grants,https://coefficientgiving.org/grants/movement-building/
grants-36927-0,36927,2025-10-21,2025,Massachusetts General Hospital,Dosing Study for Alzheimer's Treatment,300000.0,Noninfectious Diseases; Science and Global Health R&D; Transformative Science,Grants,https://coefficientgiving.org/grants/dosing-study-for-alzheimers-treatment/
grants-37167-0,37167,2025-10-21,2025,Indian Institute of Technology Delhi,Sensor-Based Air Measurement Observatory Project,142118.0,Air Quality,Grants,https://coefficientgiving.org/grants/sensor-based-air-measurement-observatory-project/
grants-37240-0,37240,2025-10-22,2025,Rethink Priorities,Farm Animal Welfare Research,593333.0,Farm Animal Welfare,Grants,https://coefficientgiving.org/grants/farm-animal-welfare-research/
grants-37772-0,37772,2025-10-22,2025,Asia Accountability Initiative,Animal Welfare Corporate Accountability in Asia,500000.0,Cage-Free Reforms; Farm Animal Welfare,Grants,https://coefficientgiving.org/grants/animal-welfare-corporate-accountability-in-asia/
grants-37797-0,37797,2025-10-22,2025,Arb Research,Shallow Review of AI Safety Research,15000.0,Navigating Transformative AI,Grants,https://coefficientgiving.org/grants/shallow-review-of-ai-safety-research/
grants-37801-0,37801,2025-10-22,2025,Cambridge Biosecurity Hub,General Support,200565.0,Global Catastrophic Risks Opportunities,Grants,https://coefficientgiving.org/grants/general-support-45/
grants-38108-0,38108,2025-10-22,2025,Arcadia Impact,AI Safety Community Building,7195700.0,Global Catastrophic Risks Opportunities,Grants,https://coefficientgiving.org/grants/ai-safety-community-building-2/
grants-39156-0,39156,2025-10-22,2025,Technion - Israel Institute of Technology,Weight Pruning to Remove Harmful Mechanisms (Yonatan Belinkov),329404.0,Navigating Transformative AI,Grants,https://coefficientgiving.org/grants/weight-pruning-to-remove-harmful-mechanisms-yonatan-belinkov/
grants-37809-0,37809,2025-10-23,2025,Athena Research,AI Safety Mentorship for Women and Gender Minorities,63600.0,Global Catastrophic Risks Opportunities,Grants,https://coefficientgiving.org/grants/ai-safety-mentorship-for-women-and-gender-minorities/
grants-38130-0,38130,2025-10-23,2025,Heron AI Security,AI Security Capacity Building,1139000.0,Global Catastrophic Risks Opportunities,Grants,https://coefficientgiving.org/grants/ai-security-capacity-building/
grants-35598-0,35598,2025-10-24,2025,Collider,Operating Expenses,800000.0,Navigating Transformative AI,Grants,https://coefficientgiving.org/grants/operating-expenses/
grants-35975-0,35975,2025-10-24,2025,Harvard University,Nonlinear Structure in Language Models (Melanie Weber),436700.0,Navigating Transformative AI,Grants,https://coefficientgiving.org/grants/nonlinear-structure-in-language-models-melanie-weber/
grants-35979-0,35979,2025-10-24,2025,Technion - Israel Institute of Technology,Covert Communication in LLMs (Yonatan Belinkov),365378.0,Navigating Transformative AI,Grants,https://coefficientgiving.org/grants/covert-communication-in-llms-yonatan-belinkov/
grants-36835-0,36835,2025-10-24,2025,Nutrition International,Vitamin A Supplementation,2405536.0,Global Health & Wellbeing Opportunities,Grants,https://coefficientgiving.org/grants/vitamin-a-supplementation/
grants-37046-0,37046,2025-10-24,2025,International Pollutants Elimination Network,Trade Controls on Lead Chromates,500000.0,Lead Exposure Action Fund,Grants,https://coefficientgiving.org/grants/trade-controls-on-lead-chromates/
grants-37815-0,37815,2025-10-24,2025,Future Impact Group,Research Mentorship Program,1659000.0,Global Catastrophic Risks Opportunities,Grants,https://coefficientgiving.org/grants/research-mentorship-program/
grants-38120-0,38120,2025-10-24,2025,Collider,NYC Coworking Space,800000.0,Global Catastrophic Risks Opportunities,Grants,https://coefficientgiving.org/grants/nyc-coworking-space/
grants-38126-0,38126,2025-10-24,2025,AI Safety Australia & New Zealand,AI Safety Community Building,240000.0,Global Catastrophic Risks Opportunities,Grants,https://coefficientgiving.org/grants/ai-safety-community-building-4/
grants-36934-0,36934,2025-10-27,2025,Princeton University,Rodent Model of Hepatitis B,277000.0,Infectious Diseases; Science and Global Health R&D; Transformative Science,Grants,https://coefficientgiving.org/grants/rodent-model-of-hepatitis-b/
grants-37081-0,37081,2025-10-27,2025,Rethink Priorities,Evaluation of AI Agent Risk Attitudes,585468.0,Navigating Transformative AI,Grants,https://coefficientgiving.org/grants/evaluation-of-ai-agent-risk-attitudes/
grants-33230-0,33230,2025-10-28,2025,Cincinnati Children’s Hospital Medical Center,Rheumatic Heart Disease Screening and Treatment Trial in Uganda,521547.0,Noninfectious Diseases; Science and Global Health R&D,Grants,https://coefficientgiving.org/grants/rheumatic-heart-disease-screening-and-treatment-trial-in-uganda/
grants-36948-0,36948,2025-10-28,2025,Cincinnati Children’s Hospital Medical Center,Evaluating the Duration of Antibiotic Prophylaxis in Children with RHD,1007800.0,Strep A Vaccine Fund,Grants,https://coefficientgiving.org/grants/evaluating-the-duration-of-antibiotic-prophylaxis-in-children-with-rhd/
grants-37169-0,37169,2025-10-28,2025,"University of California, Berkeley",Sensor-Based Air Measurement Observatory Project,124525.0,Air Quality,Grants,https://coefficientgiving.org/grants/sensor-based-air-measurement-observatory-project-2/
grants-38075-0,38075,2025-10-28,2025,Jessica Spengler,Research Publishing Support (Contract),6063.0,Infectious Diseases; Science and Global Health R&D,Grants,https://coefficientgiving.org/grants/research-publishing-support-contract/
grants-35969-0,35969,2025-10-29,2025,Concordia University,Research on Jailbreaking in LLMs (Eugene Belilovsky and Geraldine Nanfack),200750.0,Navigating Transformative AI,Grants,https://coefficientgiving.org/grants/research-on-jailbreaking-in-llms-eugene-belilovsky-and-geraldin-nanfack/
grants-37175-0,37175,2025-11-03,2025,Gordon Research Conferences,Genetic Biocontrol Conference,20000.0,Science and Global Health R&D; Transformative Science,Grants,https://coefficientgiving.org/grants/genetic-biocontrol-conference/
grants-35352-0,35352,2025-11-04,2025,Center for Global Development,Future of Development Cooperation Coalition,500000.0,Global Health & Wellbeing Opportunities,Grants,https://coefficientgiving.org/grants/future-of-development-cooperation-coalition/
grants-36979-0,36979,2025-11-05,2025,RAND Corporation,AI Security Research,6000000.0,Navigating Transformative AI,Grants,https://coefficientgiving.org/grants/ai-security-research/
grants-37242-0,37242,2025-11-05,2025,We Animals Media,Content for Farm Animal Welfare Advocacy,393823.0,Farm Animal Welfare,Grants,https://coefficientgiving.org/grants/content-for-farm-animal-welfare-advocacy/
grants-37695-0,37695,2025-11-05,2025,Yale University,Policy-Relevant Work,942395.0,Abundance & Growth,Grants,https://coefficientgiving.org/grants/policy-relevant-work/
grants-38055-0,38055,2025-11-05,2025,Johns Hopkins Center for Health Security,General Support,6000000.0,Biosecurity & Pandemic Preparedness,Grants,https://coefficientgiving.org/grants/general-support-53/
grants-35897-0,35897,2025-11-06,2025,"University of California, Berkeley",Peace Per Dollar (Josh Martin),95150.0,Effective Giving & Careers,Grants,https://coefficientgiving.org/grants/peace-per-dollar-josh-martin/
grants-37079-0,37079,2025-11-06,2025,Princeton University,Research on In-Context Learning (Gautam Reddy),302693.0,Navigating Transformative AI,Grants,https://coefficientgiving.org/grants/research-on-in-context-learning-gautam-reddy/
grants-38279-0,38279,2025-11-06,2025,Stanford University,Research on Predicting AI Capabilities (Sanmi Koyejo),503573.0,Navigating Transformative AI,Grants,https://coefficientgiving.org/grants/research-on-predicting-ai-capabilities-sanmi-koyejo/
grants-37076-0,37076,2025-11-07,2025,Boston University,Non-Human-Like Features In LLMs (Aaron Mueller),373219.0,Navigating Transformative AI,Grants,https://coefficientgiving.org/grants/non-human-like-features-in-llms-aaron-mueller/
grants-36012-0,36012,2025-11-10,2025,African Leaders Malaria Alliance,Malaria Funding Outreach,360000.0,Global Aid Policy,Grants,https://coefficientgiving.org/grants/malaria-funding-outreach/
grants-37107-0,37107,2025-11-10,2025,University of Oxford,Study on IV Delivery of BCG Tuberculosis Vaccine,357000.0,Infectious Diseases; Science and Global Health R&D,Grants,https://coefficientgiving.org/grants/study-on-iv-delivery-of-bcg-tuberculosis-vaccine/
grants-37839-0,37839,2025-11-10,2025,Kairos,General Support,855795.0,Global Catastrophic Risks Opportunities,Grants,https://coefficientgiving.org/grants/general-support-48/
grants-38112-0,38112,2025-11-10,2025,Harvard College,Events and Course at Berkman Klein Center,704697.0,Global Catastrophic Risks Opportunities,Grants,https://coefficientgiving.org/grants/events-and-course-at-berkman-klein-center/
grants-38605-0,38605,2025-11-10,2025,The AI & Cyber Security Institute,Phishing Benchmark (Fred Heiding),612000.0,Navigating Transformative AI,Grants,https://coefficientgiving.org/grants/phishing-benchmark-fred-heiding/
grants-36944-0,36944,2025-11-11,2025,Vaccine Formulation Institute,Clinical Evaluation of Novel Open Access Adjuvants - Preparation and Infrastructure,2289732.0,Infectious Diseases; Science and Global Health R&D,Grants,https://coefficientgiving.org/grants/clinical-evaluation-of-novel-open-access-adjuvants-preparation-and-infrastructure/
grants-35977-0,35977,2025-11-12,2025,Harvard University,LLM Techniques for Generating and Verifying Code (Nada Amin),653431.0,Navigating Transformative AI,Grants,https://coefficientgiving.org/grants/llm-techniques-for-generating-and-verifying-code-nada-amin/
grants-36837-0,36837,2025-11-12,2025,Self Help Africa,Chlorine Dispenser Pilot in Nigeria,721995.0,Global Health & Wellbeing Opportunities,Grants,https://coefficientgiving.org/grants/chlorine-dispenser-pilot-in-nigeria/
grants-37164-0,37164,2025-11-12,2025,Carnegie Mellon University,REACH Air Pollution Model,102478.0,Air Quality,Grants,https://coefficientgiving.org/grants/reach-air-pollution-model/
grants-38116-0,38116,2025-11-12,2025,Cambridge Boston Alignment Initiative,Machine Learning and AI Safety Bootcamp,105000.0,Global Catastrophic Risks Opportunities,Grants,https://coefficientgiving.org/grants/machine-learning-and-ai-safety-bootcamp/
grants-38002-0,38002,2025-11-13,2025,University of Maryland,Data Filtering for AI Alignment (Ashwinee Panda and Thomas Goldstein),310000.0,Navigating Transformative AI,Grants,https://coefficientgiving.org/grants/data-filtering-for-ai-alignment-ashwinee-panda-and-thomas-goldstein/
grants-38079-0,38079,2025-11-13,2025,Eradivir,Influenza Clinical Trials (Investment),257960.0,Infectious Diseases; Science and Global Health R&D,Investments,https://coefficientgiving.org/grants/influenza-clinical-trials-investment/
grants-37214-0,37214,2025-11-14,2025,Humane World for Animals,Farm Animal Welfare in Southeast Asia,467999.0,Cage-Free Reforms; Farm Animal Welfare,Grants,https://coefficientgiving.org/grants/farm-animal-welfare-in-southeast-asia/
grants-35985-0,35985,2025-11-16,2025,Arcadia Impact,Research on Diffuse Threat Models in AI Systems,32358.0,Navigating Transformative AI,Grants,https://coefficientgiving.org/grants/research-on-diffuse-threat-models-in-ai-systems/
grants-36966-0,36966,2025-11-16,2025,London School of Hygiene and Tropical Medicine,Literature Review of Asymptomatic TB,254657.0,Infectious Diseases; Science and Global Health R&D,Grants,https://coefficientgiving.org/grants/literature-review-of-asymptomatic-tb/
grants-37160-0,37160,2025-11-16,2025,University of Washington,Air Pollution Apportionment Study,2053500.0,Air Quality,Grants,https://coefficientgiving.org/grants/air-pollution-apportionment-study/
grants-35987-0,35987,2025-11-17,2025,Columbia University,New Methods for Estimating Rare Event Probabilities (Hongseok Namkoong),451159.0,Navigating Transformative AI,Grants,https://coefficientgiving.org/grants/new-methods-for-estimating-rare-event-probabilities-hongseok-namkoong/
grants-37162-0,37162,2025-11-17,2025,Indian Institute of Technology Kanpur,Rural Air Quality Monitoring Network,1211843.0,Air Quality,Grants,https://coefficientgiving.org/grants/rural-air-quality-monitoring-network/
grants-37227-0,37227,2025-11-17,2025,Founders Pledge,Animal Welfare Grantmaking Fund,1800000.0,Farm Animal Welfare,Grants,https://coefficientgiving.org/grants/animal-welfare-grantmaking-fund/
grants-38252-0,38252,2025-11-17,2025,ILINA Program,AI Governance Fellowships,234120.0,Navigating Transformative AI,Grants,https://coefficientgiving.org/grants/ai-governance-fellowships/
grants-37058-0,37058,2025-11-18,2025,Redwood Research,General Support,36566000.0,Navigating Transformative AI,Grants,https://coefficientgiving.org/grants/general-support-40/
grants-38040-0,38040,2025-11-18,2025,Llama Technology,Telemedicine Services Pilot,20000.0,Global Health & Wellbeing Opportunities,Grants,https://coefficientgiving.org/grants/telemedicine-services-pilot/
grants-38135-0,38135,2025-11-18,2025,Meridian,General Support,1575717.0,Global Catastrophic Risks Opportunities,Grants,https://coefficientgiving.org/grants/general-support-55/
grants-36029-0,36029,2025-11-19,2025,Timaeus Research,General Support,1540000.0,Navigating Transformative AI,Grants,https://coefficientgiving.org/grants/general-support-31/
grants-36441-0,36441,2025-11-21,2025,Johns Hopkins Center for Health Security,Health Security Scholars,343706.0,Biosecurity & Pandemic Preparedness,Grants,https://coefficientgiving.org/grants/health-security-scholars/
grants-37135-0,37135,2025-11-21,2025,Swedish University of Agricultural Sciences,Fish Humane Slaughter Research (Dr. Albin Gräns),690800.0,Farm Animal Welfare; Fish Welfare,Grants,https://coefficientgiving.org/grants/fish-humane-slaughter-research-dr-albin-grans/
grants-38267-0,38267,2025-11-21,2025,Centre for International Governance Innovation,Global AI Risks Initiative,135873.0,Navigating Transformative AI,Grants,https://coefficientgiving.org/grants/global-ai-risks-initiative/
grants-35703-0,35703,2025-11-24,2025,Rocket Learning,Early Childhood Education Platform,2000000.0,Global Health & Wellbeing Opportunities,Grants,https://coefficientgiving.org/grants/early-childhood-education-platform/
grants-36099-0,36099,2025-11-24,2025,Federation of American Scientists,Pop-Up Journal Workshop,25138.0,Abundance & Growth; Innovation Policy,Grants,https://coefficientgiving.org/grants/pop-up-journal-workshop/
grants-37791-0,37791,2025-11-24,2025,Welfare Footprint Institute,Research on Animal Welfare Reforms (Contract),3540000.0,Farm Animal Welfare,Grants,https://coefficientgiving.org/grants/research-on-animal-welfare-reforms-contract/
grants-36478-0,36478,2025-11-25,2025,ProEquip,PPE R&D,5700000.0,Biosecurity & Pandemic Preparedness,Grants,https://coefficientgiving.org/grants/ppe-rd/
grants-37109-0,37109,2025-11-25,2025,"University of California, Davis",Antimalarial Gene Drive Research,3150275.0,Infectious Diseases; Science and Global Health R&D; Transformative Science,Grants,https://coefficientgiving.org/grants/antimalarial-gene-drive-research-3/
grants-37142-0,37142,2025-11-25,2025,FAI Farms,Tilapia and Poultry Welfare Industry Outreach,1998533.0,Farm Animal Welfare; Fish Welfare,Grants,https://coefficientgiving.org/grants/tilapia-and-poultry-welfare-industry-outreach/
grants-37811-0,37811,2025-11-25,2025,Trajectory Labs,Coworking and Events Space,157374.0,Global Catastrophic Risks Opportunities,Grants,https://coefficientgiving.org/grants/coworking-and-events-space/
grants-38212-0,38212,2025-11-25,2025,Clinton Health Access Initiative,Program Management & Hiring,119564.0,Lead Exposure Action Fund,Grants,https://coefficientgiving.org/grants/program-management-hiring/
grants-37111-0,37111,2025-11-26,2025,International Vaccine Institute,Development of Combo Cholera & Typhoid Vaccine,1000000.0,Infectious Diseases; Science and Global Health R&D,Grants,https://coefficientgiving.org/grants/development-of-combo-cholera-typhoid-vaccine/
grants-37248-0,37248,2025-11-26,2025,L214,Broiler and Cage-Free Campaigns in France,6806137.0,Broiler Chicken Welfare; Farm Animal Welfare,Grants,https://coefficientgiving.org/grants/broiler-and-cage-free-campaigns-in-france/
grants-39447-0,39447,2025-11-27,2025,TechCongress,Innovation Fellowship Program,426000.0,Abundance & Growth,Grants,https://coefficientgiving.org/grants/innovation-fellowship-program/
grants-37071-0,37071,2025-12-01,2025,ETH Zürich,Improving Attribution in Circuit Discovery (Ryan Cotterell),479748.0,Navigating Transformative AI,Grants,https://coefficientgiving.org/grants/improving-attribution-in-circuit-discovery-ryan-cotterell/
grants-36936-0,36936,2025-12-02,2025,University of British Columbia,Diagnostic for Sepsis in Infants,1100000.0,Maternal and Newborn Health; Science and Global Health R&D,Grants,https://coefficientgiving.org/grants/diagnostic-for-sepsis-in-infants/
grants-38526-0,38526,2025-12-02,2025,Albion East,AI Safety Strategy,103000.0,Navigating Transformative AI,Grants,https://coefficientgiving.org/grants/ai-safety-strategy/
grants-35839-0,35839,2025-12-03,2025,ELLIS Institute Tübingen,Research Group Support (Maksym Andriushchenko),1000000.0,Navigating Transformative AI,Grants,https://coefficientgiving.org/grants/mitigating-collusion-in-llms-christian-schoeder-de-witt/
grants-35885-0,35885,2025-12-03,2025,Estelle Florens,South Africa Community-building,14000.0,Effective Giving & Careers,Grants,https://coefficientgiving.org/grants/south-africa-community-building/
grants-36931-0,36931,2025-12-03,2025,Swift Centre,Forecasting Workshops,301545.0,Forecasting,Grants,https://coefficientgiving.org/grants/forecasting-workshops/
grants-37131-0,37131,2025-12-03,2025,Friend of the Sea,Wild Fish Welfare Standards and Equipment Pilot,387188.0,Farm Animal Welfare; Fish Welfare,Grants,https://coefficientgiving.org/grants/wild-fish-welfare-standards-and-equipment-pilot/
grants-38133-0,38133,2025-12-03,2025,NYC AI Governance & Safety,Events and Community Building,112000.0,Global Catastrophic Risks Opportunities,Grants,https://coefficientgiving.org/grants/events-and-community-building/
grants-36374-0,36374,2025-12-04,2025,Cellular Agriculture Australia,Advocacy for Cellular Agriculture,518000.0,Alternatives to Animal Products; Farm Animal Welfare,Grants,https://coefficientgiving.org/grants/advocacy-for-cellular-agriculture/
grants-37225-0,37225,2025-12-04,2025,Scarlet Spark,Leadership Development and Training Services,450000.0,Farm Animal Welfare,Grants,https://coefficientgiving.org/grants/leadership-development-and-training-services/
grants-37998-0,37998,2025-12-04,2025,University of Oxford,Research on LLM Steering Vectors (Philip Torr),224780.0,Navigating Transformative AI,Grants,https://coefficientgiving.org/grants/research-on-llm-steering-vectors-philip-torr/
grants-35983-0,35983,2025-12-05,2025,"University of California, Berkeley",AI Safety Retreat (Bin Yu),12000.0,Navigating Transformative AI,Grants,https://coefficientgiving.org/grants/ai-safety-retreat-bin-yu/
grants-36572-0,36572,2025-12-05,2025,Urban Institute,Case Studies on History of Philanthropy (Ben Soskis),100000.0,Global Health & Wellbeing Opportunities,Grants,https://coefficientgiving.org/grants/case-study-on-history-of-philanthropy-ben-soskis/
grants-37113-0,37113,2025-12-05,2025,Emory University,RNA Delivery Platform,750000.0,Infectious Diseases; Science and Global Health R&D; Transformative Science,Grants,https://coefficientgiving.org/grants/rna-delivery-platform/
grants-37238-0,37238,2025-12-05,2025,The Pollination Project,Movement Building and Regranting,440000.0,Farm Animal Welfare,Grants,https://coefficientgiving.org/grants/movement-building-and-regranting/
grants-37578-0,37578,2025-12-05,2025,The Accountability Board,Advocacy Campaigns,3893667.0,Farm Animal Welfare,Grants,https://coefficientgiving.org/grants/advocacy-campaigns/
grants-38000-0,38000,2025-12-05,2025,Georgia Institute of Technology,Training Probes from Misaligned Models (Anna Ivanova),318120.0,Navigating Transformative AI,Grants,https://coefficientgiving.org/grants/training-probes-from-misaligned-models-anna-ivanova/
grants-38118-0,38118,2025-12-05,2025,Cambridge Boston Alignment Initiative,2025 Winter Fellowship,724000.0,Global Catastrophic Risks Opportunities,Grants,https://coefficientgiving.org/grants/2025-winter-fellowship/
grants-36968-0,36968,2025-12-08,2025,London School of Hygiene and Tropical Medicine,Clinical trial of Microneedle Patch Delivery of Hepatitis B Vaccine,5601795.0,Infectious Diseases; Science and Global Health R&D,Grants,https://coefficientgiving.org/grants/clinical-trial-of-microneedle-patch-delivery-of-hepatitis-b-vaccine/
grants-37532-0,37532,2025-12-08,2025,ODI Global,Sri Lanka Economic Growth Reforms,1392040.0,Global Growth,Grants,https://coefficientgiving.org/grants/sri-lanka-economic-growth-reforms/
grants-37596-0,37596,2025-12-08,2025,University of Wisconsin–Madison,LLM-Based Tool for Clinical Trial Reporting (Karl Rohe),149983.0,Abundance & Growth,Grants,https://coefficientgiving.org/grants/llm-based-tool-for-clinical-trial-reporting-karl-rohe/
grants-38476-0,38476,2025-12-08,2025,Unlock Aid Coalition,Advocacy for Foreign Assistance Reform,250000.0,Global Aid Policy,Grants,https://coefficientgiving.org/grants/advocacy-for-foreign-assistance-reform/
grants-37115-0,37115,2025-12-09,2025,Flanders Institute of Biotechnology,Syphillis Vaccine Research,885222.0,Infectious Diseases; Science and Global Health R&D; Transformative Science,Grants,https://coefficientgiving.org/grants/syphillis-vaccine-research/
grants-38188-0,38188,2025-12-09,2025,VasoRX,Vascular RNA Delivery Technology and Cardiovascular Therapeutics (Investment),385250.0,Noninfectious Diseases; Science and Global Health R&D; Transformative Science,Investments,https://coefficientgiving.org/grants/vascular-rna-delivery-technology-and-cardiovascular-therapeutics-investment/
grants-38254-0,38254,2025-12-09,2025,Koddermann Public Affairs,Recruiting Support for AI Safety Organizations,149282.0,Navigating Transformative AI,Grants,https://coefficientgiving.org/grants/recruiting-support-for-ai-safety-organizations/
grants-39498-0,39498,2025-12-09,2025,Stony Brook University,Robust Detection of Unsafe LLM Behaviors (Chao Chen and Jiawei Zhou),331221.0,Navigating Transformative AI,Grants,https://coefficientgiving.org/grants/robust-detection-of-unsafe-llm-behaviors-chao-chen-and-jiawei-zhou/
grants-36162-0,36162,2025-12-10,2025,Students for Abundance,Movement Building at Universities,125000.0,Abundance & Growth,Grants,https://coefficientgiving.org/grants/movement-building-at-universities/
grants-36444-0,36444,2025-12-10,2025,SecureBio,Additional Staff Capacity,1397250.0,Biosecurity & Pandemic Preparedness,Grants,https://coefficientgiving.org/grants/additional-staff-capacity/
grants-37038-0,37038,2025-12-10,2025,Lead Exposure Elimination Project,Regrant to United Nations Environment Programme,345000.0,Lead Exposure Action Fund,Grants,https://coefficientgiving.org/grants/regrant-to-united-nations-environment-programme/
grants-37137-0,37137,2025-12-10,2025,Çiftlik Hayvanlarını Koruma Derneği (Future for Fish),Farmed Fish Pre-Slaughter Stunning Research Trip,12809.0,Farm Animal Welfare; Fish Welfare,Grants,https://coefficientgiving.org/grants/farmed-fish-pre-slaughter-stunning-research-trip/
grants-37799-0,37799,2025-12-10,2025,Carreras con Impacto,General Support,66000.0,Global Catastrophic Risks Opportunities,Grants,https://coefficientgiving.org/grants/general-support-44/
grants-37856-0,37856,2025-12-10,2025,The Medicines Patent Pool,Voluntary Licensing of GLP-1 and Cancer Medicines,6596072.0,Noninfectious Diseases; Policy and Practice; Science and Global Health R&D,Grants,https://coefficientgiving.org/grants/voluntary-licensing-of-glp-1-and-cancer-medicines/
grants-36544-0,36544,2025-12-11,2025,Mirror Biology Dialogues Fund,General Support,4200000.0,Biosecurity & Pandemic Preparedness,,https://coefficientgiving.org/grants/general-support-36/
grants-36875-0,36875,2025-12-11,2025,Council on Foreign Relations,Global Health Series,500000.0,Global Aid Policy,Grants,https://coefficientgiving.org/grants/global-health-series/
grants-37015-0,37015,2025-12-11,2025,Growth Machine Fund,Work on Housing Policy,400000.0,Global Health & Wellbeing Opportunities,Grants,https://coefficientgiving.org/grants/work-on-housing-policy/
grants-37173-0,37173,2025-12-11,2025,International Agency for Research on Cancer,"Evaluating Single Dose Efficacy of the HPV Vaccine, Cervavac",1000000.0,Infectious Diseases; Science and Global Health R&D,Grants,https://coefficientgiving.org/grants/evaluating-single-dose-efficacy-of-the-hpv-vaccine-cervavac/
grants-37693-0,37693,2025-12-12,2025,Renaissance Philanthropy,Clinical Trial Reform,264000.0,Abundance & Growth,Grants,https://coefficientgiving.org/grants/clinical-trial-reform/
grants-36970-0,36970,2025-12-14,2025,University of Washington,Essential Newborn Care Training Trial,613716.0,Maternal and Newborn Health; Science and Global Health R&D,Grants,https://coefficientgiving.org/grants/essential-newborn-care-training-trial/
grants-35853-0,35853,2025-12-15,2025,George Washington University,Study on Model Organisms of Reward-Hacking (Shi Feng and Kianté Brantley),3149000.0,Navigating Transformative AI,Grants,https://coefficientgiving.org/grants/research-on-deception-in-ai-agents-shi-feng-and-kiante-brantley/
grants-35981-0,35981,2025-12-15,2025,"University of California, Berkeley",Theoretical AI Safety Projects (Lijie Chen),527366.0,Navigating Transformative AI,Grants,https://coefficientgiving.org/grants/theoretical-ai-safety-projects-lijie-chen/
grants-36797-0,36797,2025-12-15,2025,Growth Teams,Conference Support,300000.0,Global Growth,Grants,https://coefficientgiving.org/grants/conference-support/
grants-37040-0,37040,2025-12-15,2025,UNICEF USA,Survey of Blood Lead Levels in Cambodia and Uttar Pradesh,2443182.0,Lead Exposure Action Fund,Grants,https://coefficientgiving.org/grants/survey-of-blood-lead-levels-in-cambodia-and-uttar-pradesh/
grants-38122-0,38122,2025-12-15,2025,Impact Academy,AI Safety Headhunting and Career Support,775000.0,Global Catastrophic Risks Opportunities,Grants,https://coefficientgiving.org/grants/ai-safety-headhunting-and-career-support/
grants-38265-0,38265,2025-12-17,2025,HartreeWorks,Educational Blog on AI Use,40000.0,Navigating Transformative AI,Grants,https://coefficientgiving.org/grants/educational-blog-on-ai-use/
grants-36952-0,36952,2025-12-18,2025,Yale University,Updating Global Estimates of Rheumatic Heart Disease Burden,400000.0,Strep A Vaccine Fund,Grants,https://coefficientgiving.org/grants/updating-global-estimates-of-rheumatic-heart-disease-burden/
grants-37093-0,37093,2025-12-18,2025,University of Washington (Institute for Protein Design),Research on Protein Design,6153387.0,Science and Global Health R&D; Transformative Science,Grants,https://coefficientgiving.org/grants/research-on-protein-design/
grants-37124-0,37124,2025-12-18,2025,The Center for Responsible Seafood,Fish Welfare Research and Outreach,1089625.0,Farm Animal Welfare; Fish Welfare,Grants,https://coefficientgiving.org/grants/fish-welfare-research-and-outreach/
grants-37204-0,37204,2025-12-18,2025,Eurogroup for Animals,EU Farm Animal Welfare Advocacy,5433518.0,Farm Animal Welfare,Grants,https://coefficientgiving.org/grants/eu-farm-animal-welfare-advocacy/
grants-37360-0,37360,2025-12-18,2025,Harvard University,Study on Model Organisms of Reward-Hacking (Shi Feng and Kianté Brantley),748000.0,Navigating Transformative AI,Grants,https://coefficientgiving.org/grants/study-on-model-organisms-of-reward-hacking-shi-feng-and-kiante-brantley/
grants-39509-0,39509,2025-12-18,2025,Harvard College,Model Organisms of Reward Hacking (Kianté Brantley and Shi Feng),748000.0,Navigating Transformative AI,Grants,https://coefficientgiving.org/grants/model-organisms-of-reward-hacking-kiante-brantley-and-shi-feng/
grants-36407-0,36407,2025-12-19,2025,Various Individuals and Organizations,RCT to Assess Impact of Technical AI Safety Research Grantmaking,9920930.0,Navigating Transformative AI,Grants,https://coefficientgiving.org/grants/rct-to-assess-impact-of-technical-ai-safety-research-grantmaking/
grants-36434-0,36434,2025-12-19,2025,Council on Strategic Risks,Biosecurity Fellowship,259174.0,Biosecurity & Pandemic Preparedness,Grants,https://coefficientgiving.org/grants/biosecurity-fellowship-2/
grants-37117-0,37117,2025-12-19,2025,International Vaccine Institute,Infectious Disease Monitoring in Sri Lanka,110400.0,Infectious Diseases; Science and Global Health R&D,Grants,https://coefficientgiving.org/grants/infectious-disease-monitoring-in-sri-lanka/
grants-37210-0,37210,2025-12-19,2025,Animal Advocacy Africa,Movement Building and Regranting in Africa,440000.0,Farm Animal Welfare,Grants,https://coefficientgiving.org/grants/movement-building-and-regranting-in-africa/
grants-39373-0,39373,2025-12-20,2025,Dansk Vegetarisk Forening,Plant Protein Advocacy,702462.0,Alternatives to Animal Products; Farm Animal Welfare,Grants,https://coefficientgiving.org/grants/plant-protein-advocacy/
grants-36376-0,36376,2025-12-23,2025,SJS Inc.,Market Shaping for Alternative Proteins,500000.0,Alternatives to Animal Products; Farm Animal Welfare,Grants,https://coefficientgiving.org/grants/market-shaping-for-alternative-proteins/
grants-38208-0,38208,2025-12-23,2025,Lead Exposure Elimination Project,"Lead Paint, Cosmetics, and Spices Mitigation and Research on New Sources",16232759.0,Lead Exposure Action Fund,Grants,https://coefficientgiving.org/grants/general-support-56/
grants-36956-0,36956,2025-12-24,2025,London School of Hygiene and Tropical Medicine,Evidence and Advocacy for Action on Artemisinin-Resistance,199999.0,Infectious Diseases; Policy and Practice; Science and Global Health R&D,Grants,https://coefficientgiving.org/grants/evidence-and-advocacy-for-action-on-artemisinin-resistance/
grants-38263-0,38263,2025-12-24,2025,Cambridge Boston Alignment Initiative,Survey-Based Research,274645.0,Navigating Transformative AI,Grants,https://coefficientgiving.org/grants/survey-based-research/
grants-37813-0,37813,2026-01-02,2026,Successif,Career Advising,600000.0,Global Catastrophic Risks Opportunities,Grants,https://coefficientgiving.org/grants/career-advising/
grants-38081-0,38081,2026-01-05,2026,Yale University School of Medicine,Monoclonal Antibody Development,100000.0,Noninfectious Diseases; Science and Global Health R&D,Grants,https://coefficientgiving.org/grants/monoclonal-antibody-development/
grants-36878-0,36878,2026-01-08,2026,Clinton Health Access Initiative,Malaria Program Planning,800000.0,Global Aid Policy,Grants,https://coefficientgiving.org/grants/malaria-program-planning/
grants-36530-0,36530,2026-01-09,2026,Good Judgment,AI Question-Generation Tool,350000.0,Forecasting,Grants,https://coefficientgiving.org/grants/ai-question-generation-tool/
grants-37151-0,37151,2026-01-09,2026,Yale University,Sepsis Treatment,250000.0,Noninfectious Diseases; Science and Global Health R&D; Transformative Science,Grants,https://coefficientgiving.org/grants/sepsis-treatment/
grants-37590-0,37590,2026-01-09,2026,Terner Labs,CA Housing Policy Modeling,250000.0,Abundance & Growth,Grants,https://coefficientgiving.org/grants/ca-housing-policy-modeling/
grants-37982-0,37982,2026-01-12,2026,University of Southern California,Miscellaneous Research Projects (John Hawthorne),732000.0,Navigating Transformative AI,Grants,https://coefficientgiving.org/grants/miscellaneous-research-projects-john-hawthorne/
grants-38723-0,38723,2026-01-12,2026,London Initiative for Safe AI,General Support,1258604.0,Global Catastrophic Risks Opportunities,Grants,https://coefficientgiving.org/grants/general-support-62/
grants-36370-0,36370,2026-01-13,2026,Plant Based Foods Association,General Support,1750000.0,Alternatives to Animal Products; Farm Animal Welfare,Grants,https://coefficientgiving.org/grants/general-support-32/
grants-37097-0,37097,2026-01-13,2026,Purdue University,Anti-Malarial Trials in Africa,972000.0,Infectious Diseases; Science and Global Health R&D,Grants,https://coefficientgiving.org/grants/anti-malarial-trials-in-africa/
grants-36537-0,36537,2026-01-15,2026,ALLFED Australia,Food System Resilience Initiatives,342650.0,Global Health & Wellbeing Opportunities,Grants,https://coefficientgiving.org/grants/food-system-resilience-initiatives/
grants-37095-0,37095,2026-01-15,2026,Yale University School of Medicine,Helminths Vaccine,1690783.0,Infectious Diseases; Science and Global Health R&D,Grants,https://coefficientgiving.org/grants/helminths-vaccine/
grants-37355-0,37355,2026-01-16,2026,Fewshot Corp,Reward-Hacking Research,875000.0,Navigating Transformative AI,Grants,https://coefficientgiving.org/grants/reward-hacking-research/
grants-37507-0,37507,2026-01-16,2026,Adam Kroetsch,Project on More Efficient Clinical Trials,159000.0,Abundance & Growth; Innovation Policy,Grants,https://coefficientgiving.org/grants/project-on-more-efficient-clinical-trials/
grants-39333-0,39333,2026-01-16,2026,The Navigation Fund,AI and Animals Regranting Fund,100000.0,Farm Animal Welfare,Grants,https://coefficientgiving.org/grants/ai-and-animals-regranting-fund/
grants-39339-0,39339,2026-01-16,2026,Food & Environment Reporting Network,Investigative Journalism on Farm Animal Welfare,150000.0,Farm Animal Welfare,Grants,https://coefficientgiving.org/grants/investigative-journalism-on-farm-animal-welfare/
grants-37602-0,37602,2026-01-19,2026,University of North Carolina,RCT on Housing Development,150000.0,Abundance & Growth,Grants,https://coefficientgiving.org/grants/rct-on-housing-development/
grants-38068-0,38068,2026-01-19,2026,SecureBio,AI Team Support,3558000.0,Biosecurity & Pandemic Preparedness,Grants,https://coefficientgiving.org/grants/ai-team-support/
grants-38486-0,38486,2026-01-20,2026,Coalition for Global Prosperity,ODA Knowledge and Consensus Building,2389512.0,Global Aid Policy,Grants,https://coefficientgiving.org/grants/oda-knowledge-and-consensus-building/
grants-36542-0,36542,2026-01-21,2026,REACH,General Support,1040444.0,Strep A Vaccine Fund,Grants,https://coefficientgiving.org/grants/general-support-35/
grants-37182-0,37182,2026-01-21,2026,Memorial Sloan-Kettering Cancer Center,HBV Antiviral Research,115000.0,Infectious Diseases; Science and Global Health R&D,Grants,https://coefficientgiving.org/grants/hbv-antiviral-research/
grants-37863-0,37863,2026-01-21,2026,The Kids Research Institute Australia,Malaria Vaccine Modeling,3252621.0,Infectious Diseases; Policy and Practice; Science and Global Health R&D,Grants,https://coefficientgiving.org/grants/malaria-vaccine-modeling/
grants-39559-0,39559,2026-01-21,2026,Lead-Acid Battery Recycling Initiative,Technical Assistance for Battery Recycling Regulation,217298.0,Lead Exposure Action Fund,Grants,https://coefficientgiving.org/grants/technical-assistance-for-battery-recycling-regulation/
grants-39594-0,39594,2026-01-21,2026,Centre for Aquaculture Progress,Work on Fish Welfare Protocols,217140.0,Farm Animal Welfare; Fish Welfare,Grants,https://coefficientgiving.org/grants/work-on-fish-welfare-protocols/
grants-37890-0,37890,2026-01-22,2026,Chapman University,Alignment Faking Research (Uri Maoz),733320.0,Navigating Transformative AI,Grants,https://coefficientgiving.org/grants/alignment-faking-research-uri-maoz/
grants-39545-0,39545,2026-01-22,2026,University of Washington,LLM Evals Projects (Melanie Sclar),355000.0,Navigating Transformative AI,Grants,https://coefficientgiving.org/grants/llm-evals-projects-melanie-sclar/
grants-39547-0,39547,2026-01-22,2026,Talos Network,General Support,5180971.0,Navigating Transformative AI,Grants,https://coefficientgiving.org/grants/general-support-77/
grants-37073-0,37073,2026-01-23,2026,University of Stuttgart,Research into Deceptive Behaviors in LLMs (Thilo Hagendorf),186500.0,Navigating Transformative AI,Grants,https://coefficientgiving.org/grants/research-into-deceptive-behaviors-in-llms-thilo-hagendorf/
grants-39395-0,39395,2026-01-23,2026,A World of Good Initiative,Animal Welfare Conference,55000.0,Farm Animal Welfare,,https://coefficientgiving.org/grants/animal-welfare-conference/
grants-38488-0,38488,2026-01-27,2026,Joep Lange Institute,Debt to Health Advocacy,200000.0,Global Aid Policy,Grants,https://coefficientgiving.org/grants/debt-to-health-advocacy/
grants-37345-0,37345,2026-01-28,2026,"University of California, San Diego",Study on The Universality of Embedding Spaces (Meenakshi Khosla),231000.0,Navigating Transformative AI,Grants,https://coefficientgiving.org/grants/study-on-the-universality-of-embedding-spaces-meenakshi-khosla/
grants-37604-0,37604,2026-01-28,2026,Greater Greater Washington Commons,Pro-Housing Advocacy,675000.0,Abundance & Growth,Grants,https://coefficientgiving.org/grants/pro-housing-advocacy/
grants-38085-0,38085,2026-01-28,2026,Stanford University,Pre-eclampsia Research,1954805.0,Maternal and Newborn Health; Science and Global Health R&D,Grants,https://coefficientgiving.org/grants/pre-eclampsia-research/
grants-38669-0,38669,2026-01-28,2026,Pivotal Research,AI Safety Fellowships,2507044.0,Global Catastrophic Risks Opportunities,Grants,https://coefficientgiving.org/grants/ai-safety-fellowships/
grants-39364-0,39364,2026-01-28,2026,ARDE,General Support,460000.0,Farm Animal Welfare,Grants,https://coefficientgiving.org/grants/general-support-69/
grants-39369-0,39369,2026-01-28,2026,Conservation X Labs (CXL),"Planning for ""The Perfect Protein Prize""",74000.0,Alternatives to Animal Products; Farm Animal Welfare,Grants,https://coefficientgiving.org/grants/planning-for-the-perfect-protein-prize/
grants-38036-0,38036,2026-01-30,2026,Muso Health,Health Sector Planning in Mali,299999.0,Global Health & Wellbeing Opportunities,Grants,https://coefficientgiving.org/grants/health-sector-planning-in-mali/
grants-38482-0,38482,2026-01-30,2026,GiveDirectly,Advocacy for Cash Transfer Benchmark,330000.0,Global Aid Policy,Grants,https://coefficientgiving.org/grants/advocacy-for-cash-transfer-benchmark/
grants-39542-0,39542,2026-01-30,2026,CEGIA,AI Governance Work,680400.0,Navigating Transformative AI,Grants,https://coefficientgiving.org/grants/ai-governance-work/
grants-37870-0,37870,2026-01-31,2026,Ge Effektivt,General Support,370019.0,Effective Giving & Careers,Grants,https://coefficientgiving.org/grants/general-support-50/
grants-38339-0,38339,2026-02-01,2026,The Humane League,General Support,10000000.0,Farm Animal Welfare,Grants,https://coefficientgiving.org/grants/general-support-57/
grants-37608-0,37608,2026-02-02,2026,Progress Ireland,"EU Housing Policy Research, Education, and Advocacy",203826.0,Abundance & Growth,Grants,https://coefficientgiving.org/grants/pro-housing-advocacy-2/
grants-38725-0,38725,2026-02-02,2026,Iliad,AI Alignment Research Program,263496.0,Global Catastrophic Risks Opportunities,Grants,https://coefficientgiving.org/grants/ai-alignment-research-program/
grants-38666-0,38666,2026-02-03,2026,Principles of Intelligence,AI Safety Summer Fellowship,915566.0,Global Catastrophic Risks Opportunities,Grants,https://coefficientgiving.org/grants/ai-safety-summer-fellowship-2/
grants-37353-0,37353,2026-02-04,2026,TransformerLens,Library for MechInterp Research,132500.0,Navigating Transformative AI,Grants,https://coefficientgiving.org/grants/library-for-mechinterp-research/
grants-38480-0,38480,2026-02-04,2026,Friends of the Global Fight,Global Health Compacts Advocacy,125000.0,Global Aid Policy,Grants,https://coefficientgiving.org/grants/global-health-compacts-advocacy/
grants-38220-0,38220,2026-02-05,2026,Occupational Knowledge International,RCT on Reducing Lead Exposure via Metallic Cookware,41850.0,Lead Exposure Action Fund,Grants,https://coefficientgiving.org/grants/rct-on-reducing-lead-exposure-via-metallic-cookware-4/
grants-37351-0,37351,2026-02-06,2026,Aether,AI Control & Monitoring Projects,756570.0,Navigating Transformative AI,Grants,https://coefficientgiving.org/grants/ai-control-monitoring-projects/
grants-37606-0,37606,2026-02-06,2026,California Housing Defense Fund,General Support,750000.0,Abundance & Growth,Grants,https://coefficientgiving.org/grants/general-support-43/
grants-37978-0,37978,2026-02-09,2026,Alec Radford,Gradient Routing and Other AI Safety Research,601057.0,Navigating Transformative AI,Grants,https://coefficientgiving.org/grants/gradient-routing-and-other-ai-safety-research/
grants-37980-0,37980,2026-02-09,2026,Convergent Research,Work on Software Formal Verification,5000000.0,Navigating Transformative AI,Grants,https://coefficientgiving.org/grants/work-on-software-formal-verification/
grants-39582-0,39582,2026-02-09,2026,Green Protein Alliance and ProVeg,Implementation Support for Corporate Commitments,653018.0,Farm Animal Welfare,Grants,https://coefficientgiving.org/grants/implementation-support-for-corporate-commitments/
grants-37872-0,37872,2026-02-10,2026,Albion East,Digital Will Platform,72358.0,Effective Giving & Careers,Grants,https://coefficientgiving.org/grants/digital-will-platform/
grants-38478-0,38478,2026-02-11,2026,U.S. Global Leadership Coalition,Global Aid Policy Research and Education,475000.0,Global Aid Policy,Grants,https://coefficientgiving.org/grants/global-aid-policy-research-and-education/
grants-39403-0,39403,2026-02-11,2026,European Institute for Animal Law & Policy,Farm Animal Welfare Advocacy,786286.0,Cage-Free Reforms; Farm Animal Welfare,Grants,https://coefficientgiving.org/grants/farm-animal-welfare-advocacy-2/
grants-38083-0,38083,2026-02-12,2026,"University of California, San Diego",Viral Vascular Leak Research,600000.0,Infectious Diseases; Science and Global Health R&D,Grants,https://coefficientgiving.org/grants/viral-vascular-leak-research/
grants-39393-0,39393,2026-02-12,2026,Animal Welfare Corporate Partners Japan,Cage-Free Corporate Engagement,764000.0,Cage-Free Reforms; Farm Animal Welfare,Grants,https://coefficientgiving.org/grants/cage-free-corporate-engagement/
grants-39551-0,39551,2026-02-12,2026,Center for Long-Term Cybersecurity,Operations Support,523958.0,Navigating Transformative AI,Grants,https://coefficientgiving.org/grants/operations-support/
grants-39553-0,39553,2026-02-12,2026,Centre for the Governance of AI,General Support,8320000.0,Navigating Transformative AI,Grants,https://coefficientgiving.org/grants/general-support-78/
grants-37347-0,37347,2026-02-13,2026,University of Maryland,Study on Chain-of-Thought Necessity and Task Complexity (Sarah Wiegreffe),267631.0,Navigating Transformative AI,Grants,https://coefficientgiving.org/grants/study-on-chain-of-thought-necessity-and-task-complexity-sarah-wiegreffe/
grants-37349-0,37349,2026-02-13,2026,Jacob Steinhardt,Compute Funds for AI Safety Research,130000.0,Navigating Transformative AI,Grants,https://coefficientgiving.org/grants/compute-funds-for-ai-safety-research/
grants-40125-0,40125,2026-02-16,2026,P-Zero Research,General Support,250000.0,Navigating Transformative AI,Grants,https://coefficientgiving.org/grants/general-support-26/
grants-37988-0,37988,2026-02-17,2026,University of Bonn,Externalizing LLM Reasoning (Florian Mai),100000.0,Navigating Transformative AI,Grants,https://coefficientgiving.org/grants/externalizing-llm-reasoning-florian-mai/
grants-39405-0,39405,2026-02-17,2026,Animal Charity Evaluators,General Support,583333.0,Farm Animal Welfare,Grants,https://coefficientgiving.org/grants/general-support-70/
grants-37874-0,37874,2026-02-18,2026,"University of California, San Diego",Device for Lead Measurement in Aqueous Samples,298410.0,Lead Exposure Action Fund,Grants,https://coefficientgiving.org/grants/device-for-lead-measurement-in-aqueous-samples/
grants-37865-0,37865,2026-02-19,2026,Liverpool School of Tropical Medicine,Malaria Education Impact Study,234286.0,Infectious Diseases; Policy and Practice; Science and Global Health R&D,Grants,https://coefficientgiving.org/grants/malaria-education-impact-study/
grants-37994-0,37994,2026-02-19,2026,Alignment of Complex Systems Research Group,General Support,1019700.0,Navigating Transformative AI,Grants,https://coefficientgiving.org/grants/general-support-51/
grants-38077-0,38077,2026-02-19,2026,La Trobe University,Pediatric Sepsis Research,2000000.0,Infectious Diseases; Science and Global Health R&D,Grants,https://coefficientgiving.org/grants/pediatric-sepsis-research/
grants-38087-0,38087,2026-02-19,2026,Navega Therapeutics,Chronic Pain Gene Therapy (Investment),700000.0,Noninfectious Diseases; Science and Global Health R&D; Transformative Science,Investments,https://coefficientgiving.org/grants/chronic-pain-gene-therapy-investment/
grants-38494-0,38494,2026-02-19,2026,PoliPoli,Global Health Aid Advocacy,429000.0,Global Aid Policy,Grants,https://coefficientgiving.org/grants/global-health-aid-advocacy/
grants-37494-0,37494,2026-02-20,2026,National Bureau of Economic Research,Pop-Up Journal,1075371.0,Abundance & Growth,Grants,https://coefficientgiving.org/grants/pop-up-journal/
grants-38490-0,38490,2026-02-20,2026,Overseas Development Institute,International Development Association Policy Work,474866.0,Global Aid Policy,Grants,https://coefficientgiving.org/grants/international-development-association-policy-work/
grants-39749-0,39749,2026-02-20,2026,Meridian,Tech Labs Program,859050.0,Navigating Transformative AI,Grants,https://coefficientgiving.org/grants/tech-labs-program/
grants-37171-0,37171,2026-02-23,2026,Swaniti Initiative,General Support,700854.0,Air Quality,Grants,https://coefficientgiving.org/grants/general-support-41/
grants-39139-0,39139,2026-02-23,2026,Princeton University,Practical Ethics University Course (Jake Nebel),66480.0,Effective Giving & Careers,Grants,https://coefficientgiving.org/grants/practical-ethics-university-course-jake-nebel/
grants-39134-0,39134,2026-02-24,2026,Effective Thesis,General Support,347841.0,Effective Giving & Careers,Grants,https://coefficientgiving.org/grants/general-support-65/
grants-40085-0,40085,2026-02-24,2026,Institute for Law & AI,General Support,6394789.0,Navigating Transformative AI,Grants,https://coefficientgiving.org/grants/general-support-87/
grants-40087-0,40087,2026-02-24,2026,Francis Rhys Ward,AI Control Evaluations,1545394.0,Navigating Transformative AI,Grants,https://coefficientgiving.org/grants/ai-control-evaluations/
grants-38014-0,38014,2026-02-25,2026,Theory of ChangeMakers,Charity Incubation Program,15000.0,Effective Giving & Careers,Grants,https://coefficientgiving.org/grants/charity-incubation-program/
grants-39171-0,39171,2026-02-25,2026,Theirworld USA,Research and Policy Work for Global Health and Development,267640.0,Global Aid Policy,Grants,https://coefficientgiving.org/grants/research-and-policy-work-for-global-health-and-development/
grants-39371-0,39371,2026-02-25,2026,Solutions for Our Climate Korea,Alternative Protein Policy Work,400000.0,Alternatives to Animal Products; Farm Animal Welfare,Grants,https://coefficientgiving.org/grants/alternative-protein-policy-work/
grants-39411-0,39411,2026-02-25,2026,Animal Ask,Research on Farm Animal Welfare Advocacy,420000.0,Farm Animal Welfare,Grants,https://coefficientgiving.org/grants/research-on-farm-animal-welfare-advocacy/
grants-39435-0,39435,2026-02-25,2026,National Bureau of Economic Research,Student Workshop and Conference,191829.0,Abundance & Growth,Grants,https://coefficientgiving.org/grants/student-workshop-and-conference/
grants-37594-0,37594,2026-02-26,2026,Roots of Progress Institute,Progress Studies Conference,100000.0,Abundance & Growth,Grants,https://coefficientgiving.org/grants/progress-studies-conference/
grants-37599-0,37599,2026-02-26,2026,"University of California, Berkeley",Tool for Preregistration Assessment in Economics,149692.0,Abundance & Growth,Grants,https://coefficientgiving.org/grants/tool-for-preregistration-assessment-in-economics/
grants-38501-0,38501,2026-02-26,2026,SecureBio,Field-Building Events,32654.0,Global Catastrophic Risks Opportunities,Grants,https://coefficientgiving.org/grants/field-building-events/
grants-38697-0,38697,2026-02-26,2026,Cincinnati Children’s Hospital Medical Center,Rheumatic Heart Disease Screening and Treatment,10982735.0,Strep A Vaccine Fund,Grants,https://coefficientgiving.org/grants/rheumatic-heart-disease-screening-and-treatment/
grants-39141-0,39141,2026-02-26,2026,Doneer Effectief,General Support,2026828.0,Effective Giving & Careers,Grants,https://coefficientgiving.org/grants/general-support-66/
grants-39723-0,39723,2026-02-26,2026,The Vista Institute for AI Policy,General Support,2143608.0,Navigating Transformative AI,Grants,https://coefficientgiving.org/grants/general-support-81/
grants-37868-0,37868,2026-02-27,2026,Bridges to Development,Malaria Vaccine Alliance,737887.0,Infectious Diseases; Policy and Practice; Science and Global Health R&D,Grants,https://coefficientgiving.org/grants/malaria-vaccine-alliance/
grants-38499-0,38499,2026-02-27,2026,Centre for Effective Altruism,General Support,9200000.0,Global Catastrophic Risks Opportunities,Grants,https://coefficientgiving.org/grants/general-support-59/
grants-39366-0,39366,2026-02-27,2026,Compassion in World Farming USA,Implementation of Corporate Pledges,1430000.0,Broiler Chicken Welfare; Cage-Free Reforms; Farm Animal Welfare,Grants,https://coefficientgiving.org/grants/implementation-of-corporate-pledges/
grants-38961-0,38961,2026-02-28,2026,Animal Advocacy Careers,General Support,500000.0,Farm Animal Welfare,Grants,https://coefficientgiving.org/grants/general-support-63/
grants-37986-0,37986,2026-03-02,2026,Positive AI Labs,Technical and Community-Building Work,500000.0,Navigating Transformative AI,Grants,https://coefficientgiving.org/grants/technical-and-community-building-work/
grants-37990-0,37990,2026-03-02,2026,Cambridge in America,Chain-of-Thought Faithfulness,628000.0,Navigating Transformative AI,Grants,https://coefficientgiving.org/grants/chain-of-thought-faithfulness/
grants-38201-0,38201,2026-03-05,2026,Carnegie Endowment for International Peace,Mirror Biology Policy Working Group,154675.0,Biosecurity & Pandemic Preparedness,Grants,https://coefficientgiving.org/grants/mirror-biology-policy-working-group/
grants-38727-0,38727,2026-03-06,2026,Effective Altruism Switzerland,Zurich Coworking Space,222090.0,Global Catastrophic Risks Opportunities,Grants,https://coefficientgiving.org/grants/zurich-coworking-space/
grants-38766-0,38766,2026-03-06,2026,University of Queensland,Strep A Vaccine Research,370964.0,Strep A Vaccine Fund,Grants,https://coefficientgiving.org/grants/strep-a-vaccine-research/
grants-38210-0,38210,2026-03-09,2026,Vital Strategies,Blood Lead Level Monitoring in Mexico,182000.0,Lead Exposure Action Fund,Grants,https://coefficientgiving.org/grants/blood-lead-level-monitoring-in-mexico/
grants-39613-0,39613,2026-03-09,2026,Inversion Research,Security Research Space,409000.0,Navigating Transformative AI,Grants,https://coefficientgiving.org/grants/security-research-space/
grants-37592-0,37592,2026-03-10,2026,"Center for Addiction Science, Policy, and Research (CASPR)",High-Leverage Trials Program,330000.0,Abundance & Growth,Grants,https://coefficientgiving.org/grants/high-leverage-trials-program/
grants-38063-0,38063,2026-03-10,2026,Stanford University,Biosecurity Project,150000.0,Biosecurity & Pandemic Preparedness,Grants,https://coefficientgiving.org/grants/biosecurity-project/
grants-39154-0,39154,2026-03-10,2026,Carnegie Mellon University,Study on Covert Malicious Fine-Tuning (Andrew Ilyas),1141900.0,Navigating Transformative AI,Grants,https://coefficientgiving.org/grants/study-on-covert-malicious-fine-tuning-andrew-ilyas/
grants-39423-0,39423,2026-03-10,2026,Dyrevernalliansen (The Norwegian Animal Protection Alliance),Fish Welfare Regranting Initiatives,342345.0,Farm Animal Welfare; Fish Welfare,Grants,https://coefficientgiving.org/grants/fish-welfare-regranting-initiatives/
grants-37992-0,37992,2026-03-11,2026,University of Oxford,Improved Latent Adversarial Training (Lin Li),371009.0,Navigating Transformative AI,Grants,https://coefficientgiving.org/grants/improved-latent-adversarial-training-lin-li/
grants-38497-0,38497,2026-03-11,2026,Zurich AI Safety,General Support,194734.0,Global Catastrophic Risks Opportunities,Grants,https://coefficientgiving.org/grants/general-support-58/
grants-39397-0,39397,2026-03-11,2026,Animals Aotearoa,Broiler Welfare Campaigns (Exit Grant),100000.0,Farm Animal Welfare,Grants,https://coefficientgiving.org/grants/broiler-welfare-campaigns-exit-grant/
grants-39549-0,39549,2026-03-11,2026,Center for Long-Term Cybersecurity,AI Standards and Risk Management,64395.0,Navigating Transformative AI,Grants,https://coefficientgiving.org/grants/ai-standards-and-risk-management/
grants-38065-0,38065,2026-03-12,2026,Renaissance Philanthropy Fund,Portable Air Cleaner Adoption,110000.0,Biosecurity & Pandemic Preparedness,Grants,https://coefficientgiving.org/grants/38065/
grants-39615-0,39615,2026-03-12,2026,Epoch,Public Data Center Tracker,2740000.0,Navigating Transformative AI,Grants,https://coefficientgiving.org/grants/public-data-center-tracker/
grants-39725-0,39725,2026-03-12,2026,Centre for the Governance of AI,General Support,10691663.0,Navigating Transformative AI,Grants,https://coefficientgiving.org/grants/general-support-82/
grants-38070-0,38070,2026-03-16,2026,Blueprint Biosecurity,Biosecurity Grantmaking,11000000.0,Biosecurity & Pandemic Preparedness,Grants,https://coefficientgiving.org/grants/biosecurity-grantmaking/
grants-38093-0,38093,2026-03-16,2026,Statens Serum Institut,Tuberculosis Vaccine Toxicology Testing,552492.0,Infectious Diseases; Science and Global Health R&D,Grants,https://coefficientgiving.org/grants/tuberculosis-vaccine-toxicology-testing/
grants-38190-0,38190,2026-03-16,2026,Fiotec,Tuberculosis Vaccine Trial Infrastructure,1072892.0,Infectious Diseases; Science and Global Health R&D,Grants,https://coefficientgiving.org/grants/tuberculosis-vaccine-trial-infrastructure/
grants-39143-0,39143,2026-03-16,2026,In Development Magazine,General Support,484557.0,Effective Giving & Careers,Grants,https://coefficientgiving.org/grants/general-support-67/
grants-39450-0,39450,2026-03-16,2026,American Affairs Foundation,Energy and Economics Editorial Program,450000.0,Abundance & Growth,Grants,https://coefficientgiving.org/grants/energy-and-economics-editorial-program/
grants-38214-0,38214,2026-03-17,2026,"icddr,b",RCT on Reducing Lead Exposure via Metallic Cookware,461838.0,Lead Exposure Action Fund,Grants,https://coefficientgiving.org/grants/rct-on-reducing-lead-exposure-via-metallic-cookware/
grants-39557-0,39557,2026-03-17,2026,Lead Research for Action,General Support,325000.0,Lead Exposure Action Fund,Grants,https://coefficientgiving.org/grants/general-support-79/
grants-39563-0,39563,2026-03-17,2026,The Examination,Investigative Reporting on Lead Exposure,800000.0,Lead Exposure Action Fund,Grants,https://coefficientgiving.org/grants/investigative-reporting-on-lead-exposure/
grants-38089-0,38089,2026-03-19,2026,Neglected Parasite Initiative,Parasitic Disease Diagnostics in Nigeria,17950.0,Infectious Diseases; Policy and Practice; Science and Global Health R&D,Grants,https://coefficientgiving.org/grants/parasitic-disease-diagnostics-in-nigeria/
grants-38699-0,38699,2026-03-19,2026,Bridges to Development,Strep A Vaccine R&D Conference,515548.0,Strep A Vaccine Fund,Grants,https://coefficientgiving.org/grants/strep-a-vaccine-rd-conference/
grants-39391-0,39391,2026-03-19,2026,Animal Welfare Observatory,Farm Animal Welfare Campaigns,1500000.0,Broiler Chicken Welfare; Cage-Free Reforms; Farm Animal Welfare; Fish Welfare,Grants,https://coefficientgiving.org/grants/farm-animal-welfare-campaigns/
grants-39474-0,39474,2026-03-19,2026,Active Site Research,General Support,4208296.0,Biosecurity & Pandemic Preparedness,Grants,https://coefficientgiving.org/grants/general-support-74/
grants-38484-0,38484,2026-03-20,2026,Malnutrition Advocacy Fund,Aid Policy Working Group,330000.0,Global Aid Policy,Grants,https://coefficientgiving.org/grants/aid-policy-working-group/
grants-38492-0,38492,2026-03-20,2026,Oxfam Denmark,ODA Educational Content,30000.0,Global Aid Policy,Grants,https://coefficientgiving.org/grants/oda-educational-content/
grants-38028-0,38028,2026-03-21,2026,Center for Global Development,Studies on Returns to Education,1550000.0,Global Growth; Global Health & Wellbeing Opportunities,Grants,https://coefficientgiving.org/grants/studies-on-returns-to-education/
grants-39577-0,39577,2026-03-23,2026,The Centre for Sustainable Food Solutions,Cage-Free Implementation in Canada,318000.0,Cage-Free Reforms; Farm Animal Welfare,Grants,https://coefficientgiving.org/grants/cage-free-implementation-in-canada/
grants-39399-0,39399,2026-03-25,2026,Certified Humane Asia,Scale-up of Farm Animal Welfare Certification Programs in India,500000.0,Farm Animal Welfare,Grants,https://coefficientgiving.org/grants/scale-up-of-farm-animal-welfare-certification-programs-in-india/
grants-39401-0,39401,2026-03-26,2026,Freedom and Respect for Every Earthling (F.R.E.E.),Broiler and Cage-Free Reforms in Romania,256000.0,Broiler Chicken Welfare; Cage-Free Reforms; Farm Animal Welfare,Grants,https://coefficientgiving.org/grants/broiler-and-cage-free-reforms-in-romania/
grants-39947-0,39947,2026-03-27,2026,Timaeus Research,General Support,10932000.0,Navigating Transformative AI,Grants,https://coefficientgiving.org/grants/general-support-86/
grants-39452-0,39452,2026-03-31,2026,The Breakthrough Institute,Abundance 2026 Conference,400000.0,Abundance & Growth,Grants,https://coefficientgiving.org/grants/abundance-2026-conference/
grants-37922-0,37922,2026-04-01,2026,Clean Economy Project,Federal Permitting Research,1300000.0,Abundance & Growth,Grants,https://coefficientgiving.org/grants/federal-permitting-research/
grants-39160-0,39160,2026-04-02,2026,"University of California, Los Angeles",Foundations of Interpretability Workshop,135000.0,Navigating Transformative AI,Grants,https://coefficientgiving.org/grants/foundations-of-interpretability-workshop/
grants-39342-0,39342,2026-04-02,2026,theguardian.org,Journalism on Farm Animal Welfare,1020000.0,Farm Animal Welfare,Grants,https://coefficientgiving.org/grants/journalism-on-farm-animal-welfare/
grants-40083-0,40083,2026-04-02,2026,Center for Security and Emerging Technology,AI Frontiers Initiative,2500000.0,Navigating Transformative AI,Grants,https://coefficientgiving.org/grants/ai-frontiers-initiative/
grants-38664-0,38664,2026-04-03,2026,Cambridge Boston Alignment Initiative,AI Research Fellowships & ML Upskilling Programs,2272866.0,Global Catastrophic Risks Opportunities,Grants,https://coefficientgiving.org/grants/ai-research-fellowships-ml-upskilling-programs/
grants-39102-0,39102,2026-04-03,2026,Rethink Priorities,Development of the Holistic Agent Leaderboard,927744.0,Navigating Transformative AI,Grants,https://coefficientgiving.org/grants/development-of-the-holistic-agent-leaderboard/
grants-39162-0,39162,2026-04-03,2026,CORAL Research,Agent Foundations Research,420300.0,Navigating Transformative AI,Grants,https://coefficientgiving.org/grants/agent-foundations-research/
grants-39417-0,39417,2026-04-03,2026,Conservative Animal Welfare Foundation,UK Farm Animal Welfare Advocacy,339475.0,Farm Animal Welfare,Grants,https://coefficientgiving.org/grants/uk-farm-animal-welfare-advocacy/
grants-39168-0,39168,2026-04-06,2026,MATS Research,Research on Exploration Hacking (Eyon Jang and Joschka Braun),200000.0,Navigating Transformative AI,Grants,https://coefficientgiving.org/grants/research-on-exploration-hacking-eyon-jang-and-joschka-braun/
grants-39590-0,39590,2026-04-07,2026,"National Academies of Sciences, Engineering, and Medicine",Advisory on Financing for Pandemic Supplies,200000.0,Biosecurity & Pandemic Preparedness,Grants,https://coefficientgiving.org/grants/advisory-on-financing-for-pandemic-supplies/
grants-38317-0,38317,2026-04-08,2026,AI X-risk Research Podcast,Production Support,51102.0,Navigating Transformative AI,Grants,https://coefficientgiving.org/grants/production-support/
grants-39164-0,39164,2026-04-08,2026,Harvard College,Techniques For Containing Misaligned AI (James Mickens),666168.0,Navigating Transformative AI,Grants,https://coefficientgiving.org/grants/techniques-for-containing-misaligned-ai-james-mickens/
grants-39540-0,39540,2026-04-08,2026,"University of California, Berkeley",Cybersecurity Benchmark Design (Andy Zhang),451000.0,Navigating Transformative AI,Grants,https://coefficientgiving.org/grants/cybersecurity-benchmark-design-andy-zhang/
grants-39389-0,39389,2026-04-09,2026,Compassion in World Farming,Farm Animal Welfare Advocacy,1009725.0,Cage-Free Reforms; Farm Animal Welfare,Grants,https://coefficientgiving.org/grants/farm-animal-welfare-advocacy/
grants-39433-0,39433,2026-04-09,2026,The Kelsey,Elevator Reform to Improve Building Accessibility,350000.0,Abundance & Growth,Grants,https://coefficientgiving.org/grants/elevator-reform-to-improve-building-accessibility/
grants-39431-0,39431,2026-04-10,2026,Malnutrition Advocacy Fund,General Support,1500000.0,Global Aid Policy,Grants,https://coefficientgiving.org/grants/general-support-73/
grants-39864-0,39864,2026-04-10,2026,Star Farm Pakistan,Broiler Chicken and Layer Hen Welfare,775000.0,Broiler Chicken Welfare; Cage-Free Reforms; Farm Animal Welfare,Grants,https://coefficientgiving.org/grants/broiler-chicken-and-layer-hen-welfare/
grants-39145-0,39145,2026-04-13,2026,Mieux Donner,General Support,658246.0,Effective Giving & Careers,Grants,https://coefficientgiving.org/grants/general-support-68/
grants-39166-0,39166,2026-04-13,2026,Macquarie University,Defenses Against LLM Backdoors (Qiongkai Xu and Xuanli He),225512.0,Navigating Transformative AI,Grants,https://coefficientgiving.org/grants/defenses-against-llm-backdoors-qiongkai-xu-and-xuanli-he/
grants-39331-0,39331,2026-04-13,2026,University of Zurich,Zurich Center for Economic Development,1358828.0,Global Aid Policy,Grants,https://coefficientgiving.org/grants/zurich-center-for-economic-development/
grants-39387-0,39387,2026-04-14,2026,Novel Foods Expert Network (NFX),Accelerating Regulatory Approval Pathways for Alt Proteins,650000.0,Alternatives to Animal Products; Farm Animal Welfare,Grants,https://coefficientgiving.org/grants/accelerating-regulatory-approval-pathways-for-alt-proteins/
grants-39455-0,39455,2026-04-14,2026,Roots of Progress Institute,Progress Conference 2026,100000.0,Abundance & Growth,Grants,https://coefficientgiving.org/grants/progress-conference-2026/
grants-39555-0,39555,2026-04-14,2026,"icddr,b",RCT on Iron & Calcium Supplementation For Lead Poisoning Mitigation,189000.0,Lead Exposure Action Fund,Grants,https://coefficientgiving.org/grants/rct-on-iron-calcium-supplementation-for-lead-poisoning-mitigation/
grants-40131-0,40131,2026-04-14,2026,"icddr,b",RCT on Iron & Calcium Supplementation For Lead Poisoning Mitigation,167313.0,Lead Exposure Action Fund,Grants,https://coefficientgiving.org/grants/rct-on-iron-calcium-supplementation-for-lead-poisoning-mitigation-2/
grants-39158-0,39158,2026-04-15,2026,Arcadia Impact,Arcadia Impact Alignment Project,1900000.0,Navigating Transformative AI,Grants,https://coefficientgiving.org/grants/arcadia-impact-alignment-project/
grants-39385-0,39385,2026-04-15,2026,PEPR,Operational Support for Farmed Animal Welfare Organizations,220000.0,Farm Animal Welfare,Grants,https://coefficientgiving.org/grants/operational-support-for-farmed-animal-welfare-organizations/
grants-39443-0,39443,2026-04-15,2026,Center for Open Science,AI for Research Integrity Workshop,152012.0,Abundance & Growth,Grants,https://coefficientgiving.org/grants/ai-for-research-integrity-workshop/
grants-38395-0,38395,2026-04-16,2026,Liberal Currents,Reconstruction Papers,25000.0,Abundance & Growth; Innovation Policy,Grants,https://coefficientgiving.org/grants/reconstruction-papers/
grants-39441-0,39441,2026-04-16,2026,Björn Markus Sjögren Englund,Tool for Detecting Data Errors,94150.0,Abundance & Growth,Grants,https://coefficientgiving.org/grants/tool-for-detecting-data-errors/
grants-39468-0,39468,2026-04-16,2026,Interwoven Foundation,Biosecurity Event,600000.0,Biosecurity & Pandemic Preparedness,Grants,https://coefficientgiving.org/grants/biosecurity-event/
grants-39579-0,39579,2026-04-16,2026,Stanford University,Biosecurity and Biosafety Work,139097.0,Biosecurity & Pandemic Preparedness,Grants,https://coefficientgiving.org/grants/biosecurity-and-biosafety-work/
grants-39324-0,39324,2026-04-20,2026,Wageningen University,Fish Welfare Research (Professor Luca Pettinau),320000.0,Farm Animal Welfare; Fish Welfare,Grants,https://coefficientgiving.org/grants/fish-welfare-research-professor-luca-pettinau/
grants-39460-0,39460,2026-04-20,2026,Amodo Design,Investigating Low-Cost Particle Sensor Development (Contract),270196.0,Biosecurity & Pandemic Preparedness,Grants,https://coefficientgiving.org/grants/investigating-low-cost-particle-sensor-development-contract/
grants-39104-0,39104,2026-04-21,2026,Georgia Institute of Technology,Control Theory Research (Glen Chou),119825.0,Navigating Transformative AI,Grants,https://coefficientgiving.org/grants/control-theory-research-glen-chou/
grants-39872-0,39872,2026-04-21,2026,Science for Animal Welfare,"""Assessment of Animal Welfare"" Book Dissemination",13435.0,Farm Animal Welfare,Grants,https://coefficientgiving.org/grants/assessment-of-animal-welfare-book-dissemination/
grants-39521-0,39521,2026-04-22,2026,Kairos,Research on Scalable Oversight (Rishub Jain),50000.0,Navigating Transformative AI,Grants,https://coefficientgiving.org/grants/research-on-scalable-oversight-rishub-jain/
grants-39617-0,39617,2026-04-22,2026,Cloud Security Alliance,Global Catastrophic Risk-Focused Security Standards,716875.0,Navigating Transformative AI,Grants,https://coefficientgiving.org/grants/global-catastrophic-risk-focused-security-standards/
grants-39746-0,39746,2026-04-22,2026,SeedAI,General Support,1884282.0,Navigating Transformative AI,Grants,https://coefficientgiving.org/grants/general-support-83/
grants-39106-0,39106,2026-04-24,2026,University of Virginia,Operating Support for EconTAI Lab (Anton Korinek),897373.0,Navigating Transformative AI,Grants,https://coefficientgiving.org/grants/operating-support-for-econtai-lab-anton-korinek/
grants-38701-0,38701,2026-04-28,2026,National Heart Foundation of Australia,World Congress on Rheumatic Heart Disease,300000.0,Strep A Vaccine Fund,Grants,https://coefficientgiving.org/grants/world-congress-on-rheumatic-heart-disease/
grants-39457-0,39457,2026-04-28,2026,Foundation for American Innovation,Energy Permitting Reforms,2714000.0,Abundance & Growth,Grants,https://coefficientgiving.org/grants/energy-permitting-reforms/
grants-39486-0,39486,2026-04-29,2026,American Institute of Chemical Engineers,Biosecurity Session at a Synthetic Biology Conference,5000.0,Biosecurity & Pandemic Preparedness,Grants,https://coefficientgiving.org/grants/biosecurity-session-at-a-synthetic-biology-conference/
grants-39533-0,39533,2026-04-30,2026,AI Alignment Foundation,Alignment Research Accelerator,5520000.0,Navigating Transformative AI,Grants,https://coefficientgiving.org/grants/alignment-research-accelerator/
grants-39382-0,39382,2026-05-01,2026,"University of California, Berkeley",Alternative Meats Lab,600000.0,Alternatives to Animal Products; Farm Animal Welfare,Grants,https://coefficientgiving.org/grants/alternative-meats-lab/
grants-39531-0,39531,2026-05-01,2026,CSLib,Infrastructure for Formal Software Verification in Lean,3938000.0,Navigating Transformative AI,Grants,https://coefficientgiving.org/grants/infrastructure-for-formal-software-verification-in-lean/
grants-39622-0,39622,2026-05-01,2026,Koddermann Public Affairs,AI Summit Alliance,327259.0,Navigating Transformative AI,Grants,https://coefficientgiving.org/grants/ai-summit-alliance/
grants-39439-0,39439,2026-05-04,2026,Delta Instituut,Innovation Policy Infrastructure in the Netherlands,949000.0,Abundance & Growth,Grants,https://coefficientgiving.org/grants/innovation-policy-infrastructure-in-the-netherlands/
grants-39445-0,39445,2026-05-04,2026,Speculative Technologies,21st Century Science Summit,283000.0,Abundance & Growth,Grants,https://coefficientgiving.org/grants/21st-century-science-summit/
grants-39535-0,39535,2026-05-04,2026,Oliver Kurilov,Evaluating Claude's Adherence to its Constitution,50000.0,Navigating Transformative AI,Grants,https://coefficientgiving.org/grants/evaluating-claudes-adherence-to-its-constitution/
grants-40078-0,40078,2026-05-04,2026,Humane Canada,Farmed Animal Standards,107000.0,Farm Animal Welfare,Grants,https://coefficientgiving.org/grants/farmed-animal-standards/
grants-39149-0,39149,2026-05-05,2026,Dartmouth,Fulcrum Project (Economics Fellowship),679966.0,Effective Giving & Careers,Grants,https://coefficientgiving.org/grants/fulcrum-project-economics-fellowship/
grants-39856-0,39856,2026-05-05,2026,"Animal Welfare Awareness, Research, and Education",Farm Animal Welfare Policy Work in South Korea,746000.0,Cage-Free Reforms; Farm Animal Welfare; Fish Welfare,Grants,https://coefficientgiving.org/grants/farm-animal-welfare-policy-work-in-south-korea/
grants-39878-0,39878,2026-05-05,2026,Project Slingshot,Farm Animal Media Campaign,475000.0,Broiler Chicken Welfare; Farm Animal Welfare,Grants,https://coefficientgiving.org/grants/frankenchickens-campaign/
grants-39173-0,39173,2026-05-06,2026,Brookings Institution,Policy Briefs on U.S. Foreign Assistance,200000.0,Global Aid Policy,Grants,https://coefficientgiving.org/grants/policy-briefs-on-u-s-foreign-assistance/
grants-39523-0,39523,2026-05-06,2026,University of Oxford,Reducing Encoded Reasoning in Chains of Thought (Jakob Foerster),279224.0,Navigating Transformative AI,Grants,https://coefficientgiving.org/grants/reducing-encoded-reasoning-in-chains-of-thought-jakob-foerster/
grants-39525-0,39525,2026-05-06,2026,Adele Thalia Lopez,Research on AI Persona Behavior,180000.0,Navigating Transformative AI,Grants,https://coefficientgiving.org/grants/research-on-ai-persona-behavior/
grants-39437-0,39437,2026-05-07,2026,Recoding America,Advocacy on State Capacity Issues,500000.0,Abundance & Growth,Grants,https://coefficientgiving.org/grants/advocacy-on-state-capacity-issues/
grants-39466-0,39466,2026-05-08,2026,Pivotal Research,Biodefense Research Fellowship,677000.0,Biosecurity & Pandemic Preparedness,Grants,https://coefficientgiving.org/grants/biodefense-research-fellowship/
grants-39480-0,39480,2026-05-08,2026,Bulletin of the Atomic Scientists,Investigative Journalism on Biosecurity Topics,259000.0,Biosecurity & Pandemic Preparedness,Grants,https://coefficientgiving.org/grants/investigative-journalism-on-biosecurity-topics/
grants-39788-0,39788,2026-05-08,2026,1Day Sooner,Clinical Trial Policy Advocacy,1900000.0,Abundance & Growth,Grants,https://coefficientgiving.org/grants/clinical-trial-policy-advocacy/
grants-39874-0,39874,2026-05-08,2026,Reveal Impact,Leadership Coaching for Animal Welfare Nonprofits,150000.0,Farm Animal Welfare,Grants,https://coefficientgiving.org/grants/leadership-coaching-for-animal-welfare-nonprofits/
grants-39876-0,39876,2026-05-08,2026,Animal Policy International,EU Trade Policy Work for Farm Animal Welfare,340000.0,Farm Animal Welfare,Grants,https://coefficientgiving.org/grants/eu-trade-policy-work-for-farm-animal-welfare/
grants-39620-0,39620,2026-05-11,2026,Ofir Press,VideoGameBench,189960.0,Navigating Transformative AI,Grants,https://coefficientgiving.org/grants/videogamebench/
grants-40080-0,40080,2026-05-12,2026,Journalismfund Europe,Journalistic Projects on Farm Animal Welfare Issues,511649.0,Farm Animal Welfare,Grants,https://coefficientgiving.org/grants/journalistic-projects-on-farm-animal-welfare-issues/
grants-39519-0,39519,2026-05-13,2026,MATS Research,Compute for AI Safety Research,100000.0,Navigating Transformative AI,Grants,https://coefficientgiving.org/grants/compute-for-ai-safety-research/
grants-39783-0,39783,2026-05-13,2026,Veterinary Association for Farm Animal Welfare,Education and Advocacy on Pain Management Policies,100000.0,Farm Animal Welfare,Grants,https://coefficientgiving.org/grants/education-and-advocacy-on-pain-management-policies/
grants-39715-0,39715,2026-05-14,2026,Apollo Research,Staff Support,696000.0,Navigating Transformative AI,Grants,https://coefficientgiving.org/grants/staff-support/
grants-39778-0,39778,2026-05-15,2026,Dansk Vegetarisk Forening,Stakeholder Engagement on Plant-Based Food Policies,857517.0,Alternatives to Animal Products; Farm Animal Welfare,Grants,https://coefficientgiving.org/grants/stakeholder-engagement-on-plant-based-food-policies/
grants-39946-0,39946,2026-05-15,2026,Tara Research,Assessing Techniques for Detecting AI Dishonesty,1817500.0,Navigating Transformative AI,Grants,https://coefficientgiving.org/grants/assessing-techniques-for-detecting-ai-dishonesty/
grants-39476-0,39476,2026-05-18,2026,Clean Air For Schools Fund,Air Quality Pilot Study,1300000.0,Biosecurity & Pandemic Preparedness,Grants,https://coefficientgiving.org/grants/air-quality-pilot-study/
grants-39529-0,39529,2026-05-18,2026,Carnegie Mellon University,Foundations of Cooperative AI Research Center (Vincent Conitzer),1952722.0,Navigating Transformative AI,Grants,https://coefficientgiving.org/grants/foundations-of-cooperative-ai-research-center-vincent-conitzer/
grants-39719-0,39719,2026-05-18,2026,Observatorio de Riesgos Catastróficos Globales,AI Risk Explorer (AIRE),1510258.0,Navigating Transformative AI,Grants,https://coefficientgiving.org/grants/ai-risk-explorer-aire/
grants-39770-0,39770,2026-05-18,2026,European Vegetarian Union,Plant-based Meat Alternatives Policy Work,371328.0,Alternatives to Animal Products; Farm Animal Welfare,Grants,https://coefficientgiving.org/grants/plant-based-meat-alternatives-policy-work/
grants-39470-0,39470,2026-05-19,2026,Berkeley Existential Risk Initiative,Summer Research Assistantship,22000.0,Biosecurity & Pandemic Preparedness,Grants,https://coefficientgiving.org/grants/summer-research-assistantship/
grants-39478-0,39478,2026-05-20,2026,Blueprint Biosecurity,General Support,15400000.0,Biosecurity & Pandemic Preparedness,Grants,https://coefficientgiving.org/grants/general-support-75/
grants-39711-0,39711,2026-05-20,2026,University of Oxford,Oxford AI Governance Initiative,8705000.0,Navigating Transformative AI,Grants,https://coefficientgiving.org/grants/oxford-ai-governance-initiative/
grants-39561-0,39561,2026-05-21,2026,Coalition for Responsible Lead Sourcing,Advocacy for Lead-Acid Battery Supply Chain Transparency,37812.0,Lead Exposure Action Fund,Grants,https://coefficientgiving.org/grants/advocacy-for-lead-acid-battery-supply-chain-transparency/
grants-39786-0,39786,2026-05-25,2026,National Bureau of Economic Research,Permitting Workshops,301270.0,Abundance & Growth,Grants,https://coefficientgiving.org/grants/permitting-workshops/
grants-39790-0,39790,2026-05-26,2026,Southern Urbanism,YIMBYtown 2026 Conference,125000.0,Abundance & Growth; Housing Policy Reform,Grants,https://coefficientgiving.org/grants/yimbytown-2026-conference/
grants-39717-0,39717,2026-05-27,2026,American Enterprise Institute,AI Policy Conversations,347000.0,Navigating Transformative AI,Grants,https://coefficientgiving.org/grants/ai-policy-conversations/
grants-39721-0,39721,2026-05-27,2026,Institute for AI Policy and Strategy,General Support,18857446.0,Navigating Transformative AI,Grants,https://coefficientgiving.org/grants/general-support-80/
grants-39780-0,39780,2026-05-27,2026,Animal Equality,Cage-Free Accountability Work,2225000.0,Cage-Free Reforms; Farm Animal Welfare,Grants,https://coefficientgiving.org/grants/cage-free-accountability-work/
grants-39850-0,39850,2026-05-27,2026,UpRoot,Farm Animal Welfare Advocacy,350000.0,Farm Animal Welfare,Grants,https://coefficientgiving.org/grants/farm-animal-welfare-advocacy-3/
grants-39462-0,39462,2026-05-28,2026,Arizona State University,Field Testing of Building Protections from Airborne Hazards,1525274.0,Biosecurity & Pandemic Preparedness,Grants,https://coefficientgiving.org/grants/field-testing-of-building-protections-from-airborne-hazards/
grants-39792-0,39792,2026-05-28,2026,Catalyze R&D,NIH and NSF Partnership Support,150000.0,Abundance & Growth; Innovation Policy,Grants,https://coefficientgiving.org/grants/nih-and-nsf-partnership-support/
grants-39862-0,39862,2026-05-28,2026,Animal Rights Center Japan,Farm Animal Welfare Campaigns,750000.0,Broiler Chicken Welfare; Cage-Free Reforms; Farm Animal Welfare,Grants,https://coefficientgiving.org/grants/farm-animal-welfare-campaigns-2/
grants-39866-0,39866,2026-05-28,2026,Wakker Dier,Farm Animal Welfare Litigation,427333.0,Farm Animal Welfare,Grants,https://coefficientgiving.org/grants/farm-animal-welfare-litigation/
grants-39994-0,39994,2026-05-28,2026,Spring Innovation Fund,Welfare Tech Incubation,3500000.0,Farm Animal Welfare,Grants,https://coefficientgiving.org/grants/welfare-tech-incubation/
grants-40097-0,40097,2026-05-28,2026,Giving What We Can,General Support,6250000.0,Effective Giving & Careers,Grants,https://coefficientgiving.org/grants/general-support-88/
grants-39482-0,39482,2026-05-29,2026,INHR,International Dialogues on AIxBiosecurity,335000.0,Biosecurity & Pandemic Preparedness,Grants,https://coefficientgiving.org/grants/international-dialogues-on-aixbiosecurity/
grants-39599-0,39599,2026-05-31,2026,Moonridge Group,Research to Incubate New Bioresilience Companies (Contract),200000.0,Biosecurity & Pandemic Preparedness,Grants,https://coefficientgiving.org/grants/research-to-incubate-new-bioresilience-companies-contract/
grants-39912-0,39912,2026-06-01,2026,Various Individuals,Career Transition Accelerator Program,719833.0,Navigating Transformative AI,Grants,https://coefficientgiving.org/grants/career-transition-accelerator-program/
grants-39713-0,39713,2026-06-04,2026,Good Ancestors New Zealand,AI Policy Research,750000.0,Navigating Transformative AI,Grants,https://coefficientgiving.org/grants/ai-policy-research/
grants-39772-0,39772,2026-06-05,2026,Cellular Agriculture Australia,Alt Protein Policy Advocacy and Corporate Engagement,250000.0,Alternatives to Animal Products; Farm Animal Welfare,Grants,https://coefficientgiving.org/grants/alt-protein-policy-advocacy-and-corporate-engagement/
grants-39484-0,39484,2026-06-08,2026,ProEquip,General Support,10000000.0,Biosecurity & Pandemic Preparedness,Grants,https://coefficientgiving.org/grants/general-support-76/
grants-39794-0,39794,2026-06-09,2026,Institute for Progress,General Support,1000000.0,Abundance & Growth,Grants,https://coefficientgiving.org/grants/general-support-84/
grants-39848-0,39848,2026-06-09,2026,The Navigation Fund,Cage-Free Implementation Fund,10000000.0,Cage-Free Reforms; Farm Animal Welfare,Grants,https://coefficientgiving.org/grants/cage-free-implementation-fund-2/
grants-40118-0,40118,2026-06-09,2026,Oeko-Institut,Lead-Acid Battery Recycling Policy in Nigeria,420000.0,Lead Exposure Action Fund,Grants,https://coefficientgiving.org/grants/lead-acid-battery-recycling-policy-in-nigeria/
grants-39491-0,39491,2026-06-10,2026,Berkeley Existential Risk Initiative,Pandemic and Epidemic Threat Analytics Lab (PETAL) Collaboration,900000.0,Biosecurity & Pandemic Preparedness,Grants,https://coefficientgiving.org/grants/pandemic-and-epidemic-threat-analytics-lab-petal-collaboration/
grants-39882-0,39882,2026-06-10,2026,Center for Policy and Animal Welfare,General Support,470000.0,Farm Animal Welfare,Grants,https://coefficientgiving.org/grants/general-support-85/
grants-40114-0,40114,2026-06-10,2026,Jadavpur University,Lead Source Apportionment Study,181746.0,Lead Exposure Action Fund,Grants,https://coefficientgiving.org/grants/lead-source-apportionment-study/
grants-39464-0,39464,2026-06-11,2026,Renaissance Philanthropy Fund,Scoping an Indoor Air Quality Competition,450000.0,Biosecurity & Pandemic Preparedness,Grants,https://coefficientgiving.org/grants/scoping-an-indoor-air-quality-competition/
grants-39852-0,39852,2026-06-11,2026,Good Influence,Issue Education on the Save Our Bacon Act,250000.0,Farm Animal Welfare,Grants,https://coefficientgiving.org/grants/issue-education-on-the-save-our-bacon-act/
grants-40099-0,40099,2026-06-11,2026,Theory of ChangeMakers,Charity Incubation Program,160000.0,Effective Giving & Careers,Grants,https://coefficientgiving.org/grants/charity-incubation-program-2/
grants-39472-0,39472,2026-06-12,2026,Renaissance Philanthropy Fund,Big if True Science (BiTS) Biosecurity Accelerator,684631.0,Biosecurity & Pandemic Preparedness,Grants,https://coefficientgiving.org/grants/big-if-true-science-bits-biosecurity-accelerator/
grants-39892-0,39892,2026-06-12,2026,"University of California, Davis",Field Testing of Building Protections from Airborne Hazards,710344.0,Biosecurity & Pandemic Preparedness,Grants,https://coefficientgiving.org/grants/field-testing-of-building-protections-from-airborne-hazards-2/
grants-39896-0,39896,2026-06-18,2026,Blueprint Biosecurity,Regranting Support,30000000.0,Biosecurity & Pandemic Preparedness,Grants,https://coefficientgiving.org/grants/regranting-support-3/
grants-40112-0,40112,2026-06-19,2026,Clinton Health Access Initiative,Lead Exposure Market Shaping and Governance Program,8000000.0,Lead Exposure Action Fund,Grants,https://coefficientgiving.org/grants/lead-exposure-market-shaping-and-governance-program/
grants-39854-0,39854,2026-06-22,2026,Charity Entrepreneurship,Spira (Humane Tech Fellowship),450000.0,Farm Animal Welfare,Grants,https://coefficientgiving.org/grants/spira-humane-tech-fellowship/
grants-39860-0,39860,2026-06-22,2026,Animal Welfare League,Cage-Free Campaigns in Egypt and South Africa,350000.0,Cage-Free Reforms; Farm Animal Welfare,Grants,https://coefficientgiving.org/grants/cage-free-campaigns-in-egypt-and-south-africa/
grants-40116-0,40116,2026-06-23,2026,Global Development Incubator,Partnership for Battery Action,4857396.0,Lead Exposure Action Fund,Grants,https://coefficientgiving.org/grants/partnership-for-battery-action/
grants-39894-0,39894,2026-06-25,2026,Rutgers University,Field Testing of Building Protections from Airborne Hazards,400000.0,Biosecurity & Pandemic Preparedness,Grants,https://coefficientgiving.org/grants/field-testing-of-building-protections-from-airborne-hazards-3/
grants-40133-0,40133,2026-07-06,2026,Louisiana State University,RCT on Iron & Calcium Supplementation For Lead Poisoning Mitigation,453000.0,Lead Exposure Action Fund,Grants,https://coefficientgiving.org/grants/rct-on-iron-calcium-supplementation-for-lead-poisoning-mitigation-4/
grants-40135-0,40135,2026-07-06,2026,Icahn School of Medicine at Mount Sinai,RCT on Iron & Calcium Supplementation For Lead Poisoning Mitigation,229900.0,Lead Exposure Action Fund,Grants,https://coefficientgiving.org/grants/rct-on-iron-calcium-supplementation-for-lead-poisoning-mitigation-3/
grants-39767-0,39767,2026-07-09,2026,ChinaTalk,"Podcast, Newsletter, and Related Content",3000000.0,Navigating Transformative AI,Grants,https://coefficientgiving.org/grants/podcast-newsletter-and-related-content/
grants-39898-0,39898,2026-07-09,2026,American Enterprise Institute,Biosecurity Capacity Building,75000.0,Biosecurity & Pandemic Preparedness,Grants,https://coefficientgiving.org/grants/biosecurity-capacity-building/
grants-40101-0,40101,2026-07-10,2026,The School for Moral Ambition,High-Impact Careers Fellowship,900000.0,Effective Giving & Careers,Grants,https://coefficientgiving.org/grants/high-impact-careers-fellowship/
grants-39914-0,39914,2026-07-13,2026,Good Impressions,Outreach and Operations Scale-Up,9400000.0,Global Catastrophic Risks Opportunities,Grants,https://coefficientgiving.org/grants/outreach-and-operations-scale-up/
grants-40120-0,40120,2026-07-14,2026,Vital Strategies,Lead Source Identification in Mexico,922085.0,Lead Exposure Action Fund,Grants,https://coefficientgiving.org/grants/lead-source-identification-in-mexico/
grants-40105-0,40105,2026-07-23,2026,Scale Wise,Support Program for Global Health Orgs Working in LMICs,500000.0,Effective Giving & Careers,Grants,https://coefficientgiving.org/grants/support-program-for-global-health-orgs-working-in-lmics/
grants-40103-0,40103,2026-07-29,2026,High Impact Medicine,General Support,455658.0,Effective Giving & Careers,Grants,https://coefficientgiving.org/grants/general-support-89/
grants-38956-0,38956,2026-07-31,2026,Dave Little,Fish Welfare Research,900265.0,Farm Animal Welfare,Grants,https://coefficientgiving.org/grants/fish-welfare-research-2/
grants-40107-0,40107,2026-07-31,2026,Who Let The Docs Out,Impact-Documentary Program for Students,400000.0,Effective Giving & Careers,Grants,https://coefficientgiving.org/grants/impact-documentary-program-for-students/
grants-36950-0,36950,2026-12-15,2026,The Kids Research Institute Australia,Malaria Vaccine Meeting at ASTMH Conference,55000.0,Infectious Diseases; Policy and Practice; Science and Global Health R&D,Grants,https://coefficientgiving.org/grants/malaria-vaccine-meeting-at-astmh-conference/
