program,grant_id,year,year_basis,grantee,amount_usd,summary
2015-grant-program,fli/2015-grant-program/0,2015,slug,AI Impacts,49310.0,"Many experts think that within a century, artificial intelligence will be able to do almost anything a human can do. This might mean humans are no longer in control of what happens, and very likely means they are no longer employable. The world might be very different, and the changes that take place could be dangerous. Very little research has asked when this transition will happen, what will happen, and how we can make it go well. AI Impacts is a project to ask those questions, and to answer them rigorously. We look for research projects that can shed light on the future of AI; especially on questions that matter to people making decisions. We publish the results online, and explain our research to a broad audience. We are currently working on comparing the power of the brain to that of supercomputers, to help calculate when people will have enough hardware to run something as complex as a brain. We are also checking whether AI progress is likely to see sudden jumps, by looking for jumps in other areas of technological progress. Technical Abstract ‘Human-level’ artificial intelligence will have far-reaching effects on society, and is generally anticipated within the coming century. Relatively little is known about the timelines or consequences of this arrival, though increasingly many decisions depend on guesses about it. AI Impacts identifies cost-effective research projects which might shed light on the future of AI, and especially on the parts of it that might guide policy and other decisions. We perform a selection of these research projects, and publish the results as accessible articles in the public domain. We recently made a preliminary estimate of the computing performance of the brain in terms of traversed edges per second (TEPS), “a supercomputing benchmark” to better judge when computing hardware will be capable of replicating what the brain does, given the right software. We are also collecting case studies of abrupt technological progress to aid in e"
2015-grant-program,fli/2015-grant-program/1,2015,slug,Aligning Superintelligence With Human Interests,250000.0,"How can we ensure that powerful AI systems of the future behave in ways that are reliably aligned with human interests? One productive way to begin study of this AI alignment problem in advance is to build toy models of the unique safety challenges raised by such powerful AI systems and see how they behave, much as Konstantin Tsiolkovsky wrote down (in 1903) a toy model of how a multistage rocket could be launched into space. This enabled Tsiolkovsky and others to begin exploring the specific challenges of spaceflight long before such rockets were built. Another productive way to study the AI alignment problem in advance is to seek formal foundations for the study of well-behaved powerful Ais, much as Tsiolkovsky derived the rocket equation (also in 1903) which governs the motion of rockets under ideal environmental conditions. This was a useful stepping stone toward studying the motion of rockets in actual environments. We plan to build toy models and seek formal foundations for many aspects of the AI alignment problem. One example is that we aim to improve our toy models of a corrigible agent which avoids default rational incentives to resist its programmers’ attempts to fix errors in the AI’s goals. Technical Abstract The Future of Life Institute’s research priorities document calls for research focused on ensuring beneficial behavior in systems that can learn from experience with human-like breadth and surpass human performance in most cognitive tasks. We aim to study several sub-problems of this ‘AI alignment problem, by illuminating the key difficulties using toy models, and by seeking formal foundations for robustly beneficial intelligent agents. In particular, we hope to (a) improve our toy models of ‘corrigible agents’ which avoid default rational incentives to resist corrective interventions from the agents’ programmers, (b) continue our preliminary efforts to put formal foundations under the study of naturalistic, embedded agents which avoid the standard "
2015-grant-program,fli/2015-grant-program/2,2015,slug,Applying Formal Verification to Reflective Reasoning,36750.0,"One path to significantly smarter-than-human artificial agents involves self-improvement, i.e., agents doing artificial intelligence research to make themselves even more capable. If such an agent is designed to be robust and beneficial, it should only execute self-modifying actions if it knows they are improvements, which, at a minimum, means being able to trust that the modified agent only takes safe actions. However, trusting the actions of a similar or smarter agent can lead to problems of self-reference, which can be seen as sophisticated versions of the liar paradox (which shows that the self-referential sentence “this sentence is false” cannot be consistently true or false). Several partial solutions to these problems have recently been proposed. However, current software for formal reasoning does not have sufficient support for self-referential reasoning to make these partial solutions easy to implement and study. In this project, we will implement a toy model of agents using these partial solutions to reason about self-modifications, in order to improve our understanding of the challenges of implementing self-referential reasoning, and to stimulate work on tools suitable for it. Technical Abstract Artificially intelligent agents designed to be highly reliable are likely to include a capacity for formal deductive reasoning to be applied in appropriate situations, such as when reasoning about computer programs including other agents and future versions of the same agent. However, it will not always be possible to model other agents precisely: considering more capable agents, only abstract reasoning about their architecture is possible. Abstract reasoning about the behavior of agents that justify their actions with proofs lead to problems of self-reference and reflection: Godel’s second incompleteness theorem shows that no sufficiently strong proof system can prove its own consistency, making it difficult for agents to show that actions their successors have p"
2015-grant-program,fli/2015-grant-program/3,2015,slug,Artificial Intelligence and the Future of Work,69000.0,
2015-grant-program,fli/2015-grant-program/4,2015,slug,Computational Ethics for Probabilistic Planning,200000.0,"AI systems, whether robotic or conversational software agents, use planning algorithms to achieve high-level goals by exhaustively considering all possible sequences of actions. While these methods are increasingly powerful and can even generate seemly creative solutions, they have no understanding of ethics: they don’t understand harm nor can they distinguish between good and bad side effects of their actions. We propose to develop representations and algorithms fill this gap. Technical Abstract Recent advances in probabilistic planning and reinforcement learning have resulted in impressive performance at tasks as varied as mobile robotics, self-driving cars, and playing Atari video games. As these algorithms get deployed in real-world environments, it becomes critical to ensure that their utility-seeking behavior does not result in unintended, harmful side-effects. We need a way to specify a set of agent ethics: social norms that we can trust the agent will not knowingly violate. Developing mechanisms for defining and enforcing such ethical constraints requires innovations ranging from improved vocabulary grounding to more robust planning and reinforcement learning algorithms."
2015-grant-program,fli/2015-grant-program/5,2015,slug,Control and Responsible Innovation in the Development of Autonomous Machines,180000.0,"Driverless cars, service robots, surveillance drones, computer networks collecting data, and autonomous weapons are just a few examples of increasingly intelligent technologies scientists are developing. As they progress, researchers face a series of questions about whether these machines can be designed and engineered to take morally significant actions previously reserved for human actors. Can they ensure that artificially intelligent systems will always be demonstrably beneficial, safe, controllable, and sensitive to human values? Many individuals and groups have begun tackling the various subprojects entailed in this challenge. They are, however, often unaware of efforts in complementary fields. Thus they lose opportunities for creative collaboration, miss gaps in their own research, and reproduce work being performed by potential colleagues. The Hastings Center proposes to convene a series of three solution-directed workshops with national and international experts in the various pertinent fields. Together they will develop collaborative strategies and research projects, and forge an outline for a comprehensive plan to insure autonomous systems will be demonstrably beneficial, and that this innovative research progresses in a responsible manner. The results of the workshop will be conveyed through a special report, a dedicated edition of a scholarly journal, and two public symposia. Technical Abstract The vast array of challenges entailed in designing, engineering, and implementing demonstrably beneficial, safe and controllable AI systems are slowly being addressed by scholars working on distinct research trajectories across many disciplines. They are often unaware of efforts in complementary fields, thus losing opportunities for creative synergies, missing gaps in their own research, and reproducing the work of potential colleagues. The Hastings Center proposes to convene a series of three solution-directed workshops with national and international experts in "
2015-grant-program,fli/2015-grant-program/6,2015,slug,Counterfactual Human Oversight,50000.0,"Autonomous goal-directed systems may behave flexibly with minimal human involvement. Unfortunately, such systems could also be dangerous if pursuing an incorrect or incomplete goal. Meaningful human control can ensure that each decision ultimately reflects the desires of a human operator, with AI systems merely providing capabilities and advice. Unfortunately, as AI becomes more capable such control becomes increasingly limiting and expensive. I propose to study an intermediate approach, where a system’s behavior is shaped by what a human operator would have done if they had been involved, rather than either requiring actual involvement or pursuing a goal without any oversight. This approach may be able to combine the safety of human control with the efficiency of autonomous operation. But capturing either of these benefits requires confronting new challenges: to be safe, we must ensure that our AI systems do not cause harm by incorrectly predicting the human operator; to be efficient and flexible, we must enable the human operator to provide meaningful oversight in domains that are too complex for them to reason about unaided. This project will study both of these problems, with the goal of designing concrete mechanisms that can realize the promise of this approach."
2015-grant-program,fli/2015-grant-program/7,2015,slug,Decision-relevant uncertainty in AI safety,119670.0,"What are the most important projects for reducing the risk of harm from superintelligent artificial intelligence? We will probably not have to deal with such systems for many years – and we do not expect they will be developed with the same architectures we use today. That may make us want to focus on developing long-term capabilities in AI safety research. On the other hand, there are forces pushing us towards working on near-term problems. We suffer from ‘near-sightedness’ and are better at finding the answer to questions that are close at hand. Just as important, work on long-term problems can happen in the future and get extra people attending to it, while work on near-term problems has to happen now if it is to happen at all. This project models the trade-offs we make when carrying out AI safety projects that aim at various horizons, and focused on specific architectures. It estimates crucial parameters – like the time-horizon probability distribution and how near-sighted we tend to be. It uses that model to work out what the AI safety community should be funding, and what it should call on policymakers to do. Technical Abstract The advent of human-level artificial intelligence (HLAI) would pose a challenge for society. The most cost-effective work on this challenge depends on the time at which we achieve HLAI, on the architecture which produces HLAI, and on whether the first HLAI is likely to be rapidly superseded. For example, direct work on safety issues is preferable if we will achieve HLAI soon, while theoretical work and capability building is important for more distant scenarios. This project develops a model for the marginal cost-effectiveness of extra resources in AI safety. The model accounts for uncertainty over scenarios and over work aimed at those scenarios, and for diminishing marginal returns for work. A major part of the project is parameter estimation. We will estimate key parameters based on existing work where possible (timeline probability "
2015-grant-program,fli/2015-grant-program/8,2015,slug,Democratizing Programming: Synthesizing Valid Programs with Recursive Bayesian Inference,99750.0,"One goal of artificial intelligence is valid behavior: computers should perform tasks that people actually want them to do. The current model of programming hinders validity, largely because it focuses on the minutae of how to compute rather than the goal of what to compute. An alternative model offers hope for validity: program synthesis. Here, the user specifies what by giving a small description of their goal (e.g., input-output examples). The synthesizer then infers candidate programs matching that description, which the user selects from. One shortcoming of synthesizers is that they are truthful rather than helpful: they return answers that are literally consistent with user requirements but no more (e.g., a requirement of “word that starts with the letter a” might return just “a”). By contrast, human read more deeply into requirements, divining the underlying intentions. Helpfulness of this kind has been intensely studied in the linguistic field called pragmatics. This project will investigate how recent developments into computational modeling of pragmatics can be leveraged to improve program synthesis, making it easier to write programs that do what we want with little to no special knowledge. Technical Abstract One goal of artificial intelligence is valid behavior: computers should perform tasks that people actually want them to do. The current model of programming hinders validity, largely because it focuses on the minutae of how to compute rather than the goal of what to compute. An alternative model offers hope for validity: program synthesis. Here, the user specifies what by giving a small description of their goal (e.g., input-output examples). The synthesizer then infers candidate programs matching that description, which the user selects from. One shortcoming of synthesizers is that they are truthful rather than helpful: they return answers that are literally consistent with user requirements but no more (e.g., a requirement of “word that starts with"
2015-grant-program,fli/2015-grant-program/9,2015,slug,Evaluation of Safe Development Pathways for Artificial Superintelligence,100000.0,"Some experts believe that computers could eventually become a lot smarter than humans are. They call it artificial superintelligence, or ASI. If people build ASI, it could be either very good or very bad for humanity. However, ASI is not well understood, which makes it difficult for people to act to enable good ASI and avoid bad ASI. Our project studies the ways that people could build ASI in order to help people act in better ways. We will model the different steps that need to occur for people to build ASI. We will estimate how likely it is that these steps will occur, and when they might occur. We will also model the actions people can take, and we will calculate how much the actions will help. For example, governments may be able to require that ASI researchers build in safety measures. Our models will include both the government action and the ASI safety measures, to learn about how well it all works. This project is an important step towards making sure that humanity avoids bad ASI and, if it wishes, creates good ASI. Technical Abstract Artificial superintelligence (ASI) has been proposed to be a major transformative future technology, potentially resulting in either massive improvement in the human condition or existential catastrophe. However, the opportunities and risks remain poorly characterized and quantified. This reduces the effectiveness of efforts to steer ASI development towards beneficial outcomes and away from harmful outcomes. While deep uncertainty inevitably surrounds such a breakthrough future technology, significant progress can be made now using available information and methods. We propose to model the human process of developing ASI. ASI would ultimately be a human creation; modeling this process indicates the probability of various ASI outcomes and illuminates a range of ways to improve outcomes. We will characterize the development pathways that can result in beneficial or dangerous ASI outcomes. We will apply risk analysis and decision "
2015-grant-program,fli/2015-grant-program/10,2015,slug,Experience-based AI (EXPAI),196650.0,"As it becomes ever clearer how machines with a human level of intelligence can be built — and indeed that they will be built — there is a pressing need to discover ways to ensure that such machines will robustly remain benevolent, especially as their intellectual and practical capabilities come to surpass ours. Through self-modification, highly intelligent machines may be capable of breaking important constraints imposed initially by their human designers. The currently prevailing technique for studying the conditions for preventing this danger is based on forming mathematical proofs about the behavior of machines under various constraints. However, this technique suffers from inherent paradoxes and requires unrealistic assumptions about our world, thus not proving much at all. Recently a class of machines that we call experience-based artificial intelligence (EXPAI) has emerged, enabling us to approach the challenge of ensuring robust benevolence from a promising new angle. This approach is based on studying how a machine’s intellectual growth can be molded over time, as the machine accumulates real-world experience, and putting the machine under pressure to test how it handles the struggle to adhere to imposed constraints. The Swiss AI lab IDSIA will deliver a widely applicable EXPAI growth control methodology. Technical Abstract Whenever one wants to verify that a recursively self-improving system will robustly remain benevolent, the prevailing tendency is to look towards formal proof techniques, which however have several issues: (1) Proofs rely on idealized assumptions that inaccurately and incompletely describe the real world and the constraints we mean to impose. (2) Proof-based self-modifying systems run into logical obstacles due to Lob’s theorem, causing them to progressively lose trust in future selves or offspring. (3) Finding nontrivial candidates for provably beneficial self-modifications requires either tremendous foresight or intractable search. Rece"
2015-grant-program,fli/2015-grant-program/11,2015,slug,Explanations for Complex AI Systems,200000.0,"We focus on current and future complex AI autonomous systems that integrate sensors, computation, and actuation to perform tasks of benefit to humans. Examples of such systems are auto-pilots, medical assistants, internet-of-things components, and mobile service robots. One of the key aspects to bring such complex AI systems to safe and acceptable existence is the ability for such systems to provide transparency on their representations, interpretations, choices, and decisions, in summary, their internal state. We believe that, to build AI systems that are safe, as well as accepted and trusted by humans, we need to equip them with the capability to explain their actions, recommendations, and inferences. Our proposed project aims at researching on the specification, formalization, and generation of explanations, with a concrete focus on seamlessly integrated AI systems that sense and reason about multi-modal information in symbiosis with humans. As a result, humans will be able to query robots for explanations about their recommendations or actions, and carry any needed corrections. Technical Abstract AI systems have long been challenged with providing explanations about their reasoning. Automated theorem provers, explanation-based learning systems, and conflict-based constraint solvers are examples where inference is supplemented by the underlying processed knowledge and rules. We focus on current and future complex AI autonomous systems that integrate perception, cognition, and action, in tasks to service humans. These systems can be viewed as cyber-physical-social systems, such as auto-pilots, medical assistants, internet-of-things components, and mobile service robots. We propose to research on bringing such complex AI systems to safe and acceptable existence by providing transparency on their representations, interpretations, choices, and decisions. We will develop mining techniques to enable the analysis and explanation of temporally-logged sensory and executio"
2015-grant-program,fli/2015-grant-program/12,2015,slug,How to Build Ethics into Robust Artificial Intelligence,200000.0,"Humans take great pride in being the only creatures who make moral judgments, even though their moral judgments often suffer from serious flaws. Some AI systems do generate decisions based on their consequences, but consequences are not all there is to morality. Moral judgments are also affected by rights (such as privacy), roles (such as in families), past actions (such as promises), motives and intentions, and other morally relevant features. These diverse factors have not yet been built into AI systems. Our goal is to do just that. Our team plans to combine methods from computer science, philosophy, and psychology in order to construct an AI system that is capable of making plausible moral judgments and decisions in realistic scenarios. We hope that this work will provide a basis that leads to future highly-advanced AI systems acting ethically and thereby being more robust and beneficial. Humans, by comparing their own moral judgments to the output of the resulting system, will be able to understand their own moral judgments and avoid common mistakes (such as partiality and overlooking relevant factors). In these ways and more, moral AI might also make humans more moral. Technical Abstract Most contemporary AI systems base their decisions solely on consequences, whereas humans also consider other morally relevant factors, including rights (such as privacy), roles (such as in families), past actions (such as promises), motives and intentions, and so on. Our goal is to build these additional morally relevant features into an AI system. We will identify morally relevant features by reviewing theories in moral philosophy, conducting surveys in moral psychology, and using machine learning to locate factors that affect human moral judgments. We will use and extend game theory and social choice theory to determine how to make these features more precise, how to weigh conflicting features against each other, and how to build these features into an AI system. We hope that"
2015-grant-program,fli/2015-grant-program/13,2015,slug,"Inferring Human Values: Learning “Ought”, not “Is”",227212.0,"Previous work in economics and AI has developed mathematical models of preferences or values, along with computer algorithms for inferring preferences from observed human choices. We would like to use such algorithms to enable AI systems to learn human preferences by observing humans make real-world choices. However, these algorithms rely on an assumption that humans make optimal plans and take optimal actions in all circumstances. This is typically false for humans. For example, people’s route planning is often worse than Google Maps, because we can’t number-crunch as many possible paths. Humans can also be inconsistent over time, as we see in procrastination and impulsive behavior. Our project seeks to develop algorithms that learn human preferences from data despite humans not being homo-economicus and despite the influence of non-rational impulses. We will test our algorithms on real-world data and compare their inferences to people’s own judgments about their preferences. We will also investigate the theoretical question of whether this approach could enable an AI to learn the entirety of human values. Technical Abstract Previous work in economics and AI has developed mathematical models of preferences, along with algorithms for inferring preferences from observed actions. We would like to use such algorithms to enable AI systems to learn human preferences from observed actions. However, these algorithms typically assume that agents take actions that maximize expected utility given their preferences. This assumption of optimality is false for humans in real-world domains. Optimal sequential planning is intractable in complex environments and humans perform very rough approximations. Humans often don’t know the causal structure of their environment (in contrast to MDP models). Humans are also subject to dynamic inconsistencies, as observed in procrastination, addiction and in impulsive behavior. Our project seeks to develop algorithms that learn human preference"
2015-grant-program,fli/2015-grant-program/14,2015,slug,Investigation of Self-Policing AI Agents,50000.0,"We are unsure about what moral system is best for humans, let alone for potentially super-intelligent machines. It is likely that we shall need to create artificially intelligent agents to provide moral guidance and police issues of appropriate ethical values and best practice, yet this poses significant challenges. Here we propose an initial evaluation of the strengths and weaknesses of one avenue by investigating self-policing intelligent agents. We shall explore two themes: (i) adding a layer of AI agents whose express purpose is to police other AI agents and report unusual or undesirable activity (potentially this might involve setting traps to catch misbehaving agents, and may consider if it is wise to allow policing agents to take corrective action against offending agents); and (ii) analyzing simple models of evolving adaptive agents to see if robust conclusions can be learned. We aim to survey related literature, identify key areas of hope and concern for future investigation, and obtain preliminary results for possible guarantees. The proposal is for a one year term to explore the ideas and build initial models, which will be made publicly available, ideally in journals or at conferences or workshops, with extensions likely if progress is promising."
2015-grant-program,fli/2015-grant-program/15,2015,slug,Mechanism Design for AI Architectures,200000.0,"Economics models the behavior of people, firms, and other decision makers, as a means to understand how these decisions shape the pattern of activities that produce value and ultimately satisfy (or fail to satisfy) human needs and desires. The field adopts rational models of behavior, either of individuals or of behavior in the aggregate. Artificial Intelligence (AI) research is also drawn to rationality concepts, which provide an ideal for the computational agents that it seeks to create. Although perfect rationality is not achievable, the capabilities of AI are rapidly advancing, and AI can already surpass human-level capabilities in narrow domains. We envision a future with a massive number of AIs, these AIs owned, operated, designed, and deployed by a diverse array of entitites. This multiplicity of interacting AIs, apart or together with people, will constitute a social system, and as such economics can provide a useful framework for understanding and influencing the aggregate. In turn, systems populated by AIs can benefit from explicit design of the frameworks within which AIs exist. The proposed research looks to apply the economic theory of mechanism design to the coordination of behavior in systems of multiple AIs, looking to promote beneficial outcomes. Technical Abstract When a massive number of AIs are owned, operated, designed, and deployed by a diverse array of firms, individuals, and governments, this multi-agent AI constitutes a social system, and economics provides a useful framework for understanding and influencing the aggregate. In particular, we need to understand how to design multi-agent systems that promote beneficial outcomes when AIs interact with each other. A successful theory must consider both incentives and privacy considerations. Mechanism design theory from economics provides a framework for the coordination of behavior, such that desirable outcomes are promoted and less desirable outcomes made less likely because they are not in the"
2015-grant-program,fli/2015-grant-program/16,2015,slug,Optimal Transition to the AI Economy,76318.0,"Progress towards a fully-automated economy suffers from a profound tension. On the one hand, technological progress depends on human effort. Human effort is, in general, decreasing in the amount that effort is taxed. On the other hand, the more the economy is automated, the more redistribution could be required to support the living standards of the less skilled. The less skilled could even become unemployed, and the unemployed could eventually comprise the majority of the population. The higher the fraction unemployed, the higher must be the tax burden on those who are productive in this new economy. At first glance, then, the more technological progress we make, the more we will be forced to disincentivize further progress. Yet, it is possible that some paths of tax and subsidy policy could lead to vastly improved social welfare a few decades hence compared to others. Some paths might avoid altogether the scenario sketched above. This project seeks to characterize the path of optimal policy in the transition to a fully-automated economy. In doing so, it would answer directly the question of how we maximize the societal benefit of AI."
2015-grant-program,fli/2015-grant-program/17,2015,slug,Predictable AI via Failure Detection and Robustness,255160.0,"In order for AI to be safely deployed, the desired behavior of the AI system needs to be based on well-understood, realistic, and empirically testable assumptions. From the perspective of modern machine learning, there are three main barriers to this goal. First, existing theory and algorithms mainly focus on fitting the observable outputs in the training data, which could lead, for instance, to an autonomous driving system that performs well on validation tests but does not understand the human values underlying the desired outputs. Second, existing methods are designed to handle a single specified set of testing conditions, and thus little can be said about how a system will behave in a fundamentally new setting; e.g., an autonomous driving system that performs well in most conditions may still perform arbitrarily poorly during natural disasters. Finally, most systems have no way of detecting whether their underlying assumptions have been violated: they will happily continue to predict and act even on inputs that are completely outside the scope of the system. In this proposal, we detail a research program for addressing all three of the problems above. Just as statistical learning theory (e.g., the work of Vapnik) laid down the foundations of existing machine learning and AI techniques, allowing the field to flourish over the last 25 years, we aim to lay the groundwork for a new generation of safe-by-design AI systems, which can sustain the continued deployment of AI in society. Technical Abstract With the pervasive deployment of machine learning algorithms in mission-critical AI systems, it is imperative to ensure that these algorithms behave predictably in the wild. Current machine learning algorithms rely on a tacit assumption that training and test conditions are similar, an assumption that is often violated due to changes in user preferences, blacking out of sensors, etc. Worse, these failures are often silent and difficult to diagnose. We propose to develop"
2015-grant-program,fli/2015-grant-program/18,2015,slug,Regulating Autonomous Artificial Agents: A Systematic Approach to Developing AI & Robot Policy,116974.0,"For society to enjoy many of the benefits of advanced artificial intelligence (AI) and robotics, it will be necessary to deal with situations that arise in which autonomous artificial agents violate laws or cause harm. If we want to allow AIs and robots to roam the internet and the physical world and take actions that are unsupervised by humans — as may be necessary for, e.g. personal shopping assistants, self-driving cars, and host of other applications — we must be able to manage the liability for the harms they might cause to individuals and property. Resolving this issue will require untangling a set of theoretical and philosophical issues surrounding causation, intention, agency, responsibility, culpability and compensation, and distinguishing different varieties of agency, such as causal, legal and moral. With a clearer understanding of the central concepts and issues, this project will provide a better foundation for developing policies which will enable society to utilize artificial agents as they become increasingly autonomous, and ensuring that future artificial agents can be both robust and beneficial to society, without stifling innovation. Technical Abstract This project addresses a central issue — “the liability problem” — facing the regulation of artificial computational agents, including artificial intelligence (AI) and robotic systems, as they become increasingly autonomous, and supersede current capabilities. In order for society to benefit from advances in AI technology, it will be necessary to develop regulatory policies which manage the risk and liability of deploying systems with increasingly autonomous capabilities. However, current approaches to liability have difficulties when it comes to dealing with autonomous artificial agents because their behavior may be unpredictable to those who create and deploy them, and they will not be proper legal agents. The project will explore the fundamental concepts of autonomy, agency and liability; clarify"
2015-grant-program,fli/2015-grant-program/19,2015,slug,Robust and Transparent Artificial Intelligence Via Anomaly Detection and Explanation,200000.0,"In the early days of AI research, scientists studied problems such as chess and theorem proving that involved “micro worlds” that were perfectly known and predictable. Since the 1980s, AI researchers have studied problems involving uncertainty. They apply probability theory to model uncertainty about the world and use decision theory to represent the utility of the possible outcomes of proposed actions. This allows computers to make decisions that maximize expected utility by taking into account the “known unknowns”. However, when such AI systems are deployed in the real world, they can easily be confused by “unknown unknowns” and make poor decisions. This project will develop theoretical principles and AI algorithms for learning and acting safely in the presence of unknown unknowns. The algorithms will be able to detect and respond to unexpected changes in the world. They will ensure that when the AI system plans a sequence of actions, it takes into account its ignorance of the unknown unknowns. This will lead it to behave cautiously and turn to humans for help. Instead of maximizing expected utility, it will first ensure that its actions avoid unsafe outcomes and only then maximize utility. This will make AI systems much safer. Technical Abstract The development of AI technology has progressed from working with “known knowns”—AI planning and problem solving in deterministic, closed worlds—to working with “known unknowns”—planning and learning in uncertain environments based on probabilistic models of those environments. A critical challenge for future AI systems is to behave safely and conservatively in open worlds, where most aspects of the environment are not modeled by the AI agent—the “unknown unknowns”. Our team, with deep experience in machine learning, probabilistic modeling, and planning, will develop principles, evaluation methodologies, and algorithms for learning and acting safely in the presence of the unknown unknowns. For supervised learning, we will"
2015-grant-program,fli/2015-grant-program/20,2015,slug,Robust probabilistic inference engines for autonomous agents,250000.0,"As we close the loop between sensing-reasoning-acting, autonomous agents such as self-driving cars are required to act intelligently and adaptively in increasingly complex and uncertain real-world environments. To make sensible decisions under uncertainty, agents need to reason probabilistically about their environments, e.g., estimate the probability that a pedestrian will cross or that a car will change lane. Over the past decades, AI research has made tremendous progress in automated reasoning. Existing technology achieves super-human performance in numerous domains, including chess-playing and crossword-solving. Unfortunately, current approaches do not provide worst-case guarantees on the quality of the results obtained. For example, it is not possible to rule out completely unexpected behaviors or catastrophic failures. Therefore, we propose to develop novel reasoning technology focusing on soundness and robustness. This research will greatly improve the reliability and safety of next-generation autonomous agents. Technical Abstract To cope with the uncertainty and ambiguity of real world domains, modern AI systems rely heavily on statistical approaches and probabilistic modeling. Intelligent autonomous agents need to solve numerous probabilistic reasoning tasks, ranging from probabilistic inference to stochastic planning problems. Safety and reliability depend crucially on having both accurate models and sound reasoning techniques. To date, there are two main paradigms for probabilistic reasoning: exact decomposition-based techniques and approximate methods such as variational and MCMC sampling. Neither of them is suitable for supporting autonomous agents interacting with complex environments safely and reliably. Decomposition-based techniques are accurate but are not scalable. Approximate techniques are more scalable, but in most cases do not provide formal guarantees on the accuracy. We therefore propose to develop probabilistic reasoning technology which is"
2015-grant-program,fli/2015-grant-program/21,2015,slug,Scaling-up AI Systems: Insights From Computational Complexity,24950.0,"There is general consensus within the AI research community that progress in the field is accelerating: it is believed that human-level AI will be reached within the next one or two decades. A key question is whether these advances will accelerate further after general human level AI is achieved, and, if so, how rapidly the next level of AI systems ('super-human') will be achieved. Since the mid 1970s, Computer scientists have developed a rich theory about the computational resources that are needed to solve a wide range of problems. We will use these methods to make predictions about the feasibility of super-human level cognition. Technical Abstract There is general consensus within the AI research community that progress in the field is accelerating: it is believed that human-level AI will be reached within the next one or two decades on a range of cognitive tasks. A key question is whether these advances will accelerate further after general human level AI is achieved, and, if so, how rapidly the next level of AI systems (‘super-human’) will be achieved. Having a better understanding of how rapidly we may reach this next phase will be useful in preparing for the advent of such systems. Computational complexity theory provides key insights into the scalability of computational systems. We will use methods from complexity theory to analyze the possibility of the scale-up to super-human intelligence and the speed of such scale-up for different categories of cognition."
2015-grant-program,fli/2015-grant-program/22,2015,slug,Security Evaluation of Machine Learning Systems,98532.0,"Machine Learning and Artificial Intelligence underpin technologies that we rely on daily, from consumer electronics (smart phones), medical implants (continuous blood glucose monitors), websites (Facebook, Google), to the systems that defend critical infrastructure. The very characteristic that makes these systems so beneficial — adaptability — can also be exploited by sophisticated adversaries wishing to breach system security or gain an economic advantage. This project will develop usable software tools for evaluating vulnerabilities in learning systems, a first step towards general-purpose, secure machine learning. Technical Abstract This project aims to develop systems for the analysis of machine learning algorithms in adversarial environments. Today Machine Learning and Statistics are employed in many technologies where participants have an incentive to game the system, for example internet ad placement, cybersecurity, credit risk in finance, health analytics, and smart utility grids. However little is known about how well state-of-the-art inference techniques fare when data is manipulated by a malicious adversary. By formulating the process of evading a learned model, or manipulating training data to poison learning, as an optimization program, our approach to evaluating security reduces to one a projected subgradient descent. Our main method for solving such iterative optimizations generically, will be to employ the dynamic code analysis represented by automatic differentiation. A key output of this project will be usable software tools for evaluating the security of learning systems in general."
2015-grant-program,fli/2015-grant-program/23,2015,slug,Specialized rationality skills for the AI research community,111757.0,
2015-grant-program,fli/2015-grant-program/24,2015,slug,Stability of Neuromorphic Motivational Systems,98400.0,"We are investigating the safety of possible future advanced AI that uses the same basic approach to motivated behavior as that used by the human brain. Neuroscience has given us a rough blueprint of how the brain directs its behavior based on its innate motivations and its learned goals and values. This blueprint may be used to guide advances in artificial intelligence to produce AI that is as intelligent and capable as humans, and soon after, more intelligent. While it is impossible to predict how long this progress might take, it is also impossible to predict how quickly it might happen. Rapidly progress in practical applications is producing rapid increases in funding from commercial and governmental sources. Thus, it seems critical to understand the potential risks of brain-style artificial intelligence before it is actually achieved. We are testing our model of brain-style motivational systems in a highly simplified environment, to investigate how its behavior may change as it learns and becomes more intelligent. While our system is not capable of performing useful tasks, it serves to investigate the stability of such systems when they are integrated with powerful learning systems currently being developed and deployed. Technical Abstract We apply a neural network model of human motivated decision-making to an investigation of the risks involved in creating artificial intelligence with a brain-style motivational system. This model uses relatively simple principles to produce complex, goal-directed behavior. Because of the potential utility of such a system, we believe that this approach may see common adoption, and has significant risks. Such a system could provide the motivational core of efforts to create artificial general intelligence (AGI). Such a system has the advantage of leveraging the wealth of knowledge already available and rapidly accumulating on the neuroscience of mammalian motivation and self-directed learning. We employ this model, and non-biol"
2015-grant-program,fli/2015-grant-program/25,2015,slug,Strategic Research Center for Artificial Intelligence,1500000.0,
2015-grant-program,fli/2015-grant-program/26,2015,slug,Summer Program in Applied Rationality and Cognition,88050.0,
2015-grant-program,fli/2015-grant-program/27,2015,slug,Teaching AI Systems Human Values Through Human-Like Concept Learning,20000.0,"AI systems will need to understand human values in order to respect them. This requires having similar concepts as humans do. We will research whether AI systems can be made to learn their concepts in the same way as humans learn theirs. This will involve a literature review of the relevant fields, as well as experimental work. We are particularly interested in a branch of machine learning called deep learning. The concepts learned by deep learning agents seem to be similar as the ones that have been documented in psychology. We will attempt to apply existing deep learning methodologies for learning what we call moral concepts, concepts through which moral values are defined. In addition, we will investigate a particular hypothesis of how we develop our concepts and values in the first place. Technical Abstract Autonomous AI systems will need to understand human values in order to respect them. This requires having similar concepts as humans do. We will research whether AI systems can be made to learn their concepts in the same way as humans learn theirs. This will involve a literature review of the relevant fields, as well as experimental work. Both human concepts and the representations of deep learning models seem to involve a hierarchical structure, among other similarities. For this reason, we will attempt to apply existing deep learning methodologies for learning what we call moral concepts, concepts through which moral values are defined. In addition, we will investigate the extent to which reinforcement learning affects the development of our concepts and values."
2015-grant-program,fli/2015-grant-program/28,2015,slug,Towards a Code of Ethics for AI Research,125000.0,"Codes of ethics play an important role in many sciences. Such codes aim to provide a framework within which researchers can understand and anticipate the possible ethical issues that their research might raise, and to provide guidelines about what is, and is not, regarded as ethical behaviour. In the medical sciences, for example, codes of ethics are fundamentally embedded within the research culture of the discipline, and explicit consideration of ethical issues is a standard expectation when research projects are planned and undertaken. In this project, we aim to start developing a code of ethics for AI research by learning from this interdisciplinary experience and extending its lessons into new areas. The project will bring together three Oxford researchers with expertise in artificial intelligence, philosophy, and applied ethics. Technical Abstract Codes of ethics play an important role in many sciences. Such codes aim to provide a framework within which researchers can understand and anticipate the possible ethical issues that their research might raise, and to provide guidelines about what is, and is not, regarded as ethical behaviour. In the medical sciences, especially, codes of ethics are fundamentally embedded within the research culture, and explicit consideration of ethical issues is a standard expectation when research projects are planned and undertaken. The aim of this project is to develop a solid basis for a code of artificial intelligence (AI) research ethics, learning from the scientific and medical community’s experience with existing ethical codes, and extending its lessons into three important and representative areas where artificial intelligence comes into contact with ethical concerns: AI in medicine and biomedical technology, autonomous vehicles, and automated trading agents. We will also explore whether the design of ethical research codes might usefully anticipate, and potentially ameliorate, the risks of future research into superintell"
2015-grant-program,fli/2015-grant-program/29,2015,slug,Towards Safer Inductive Learning,134247.0,"“I don’t know” is a safe and appropriate answer that people provide to many posed questions. To appropriately act in a variety of complex tasks, our artificial intelligence systems should incorporate similar levels of uncertainty. Instead, state-of-the-art statistical models and algorithms that enable computer systems to answer such questions based on previous experience often produce overly confident answers. Due to widely used modeling assumptions, this is particularly true when new questions come from situations that differ substantially from previous experience. In other words, exactly when human-level intelligence provides less certainty when generalizing from the known to the unknown, artificial intelligence tends to provide more. Rather than trying to engineer fixes to this phenomenon into existing methods, We propose a more pessimistic approach based on the question: “What is the worst-case possible for predictive data that still matches with previous experiences (observations)?” We propose to analyze the theoretical benefits of this approach and demonstrate its applied benefits on prediction tasks. Technical Abstract Reliable inductive reasoning that uses previous experiences to make predictions of unseen information in new situations is a key requirement for enabling useful artificial intelligence systems. Tasks ranging over recognizing objects in camera images, predicting the outcomes of possible autonomous system controls, and understanding the intentions of other intelligent entities each depend on this type of reasoning. Unfortunately, existing techniques produce significant unforeseen errors when the underlying statistical assumptions they are based upon do not hold in reality. The nearly ubiquitous assumption that estimated relationships in future situations will be similar to previous experiences (i.e., past and future data is assumed to be exchangeable or independent and identically distributed–IID–according to a common distribution) is particularl"
2015-grant-program,fli/2015-grant-program/30,2015,slug,Understanding and Mitigating AI Threats to the Financial System,200000.0,"The devastation of the 2008 financial crisis remains a fresh memory seven years later, and its effects still reverberate in the global economy. The loss of trillions of dollars in output, and associated tragedy of displacement for millions of people demonstrate in the most vivid way the crucial role of a functional financial system for modern civilization. Unlike physical disasters, financial crises are essentially information events: shocks in the beliefs and expectations of individuals and organizations–about asset values, ability of counterparties to meet obligations, etc.–that nevertheless have real consequences for everyone. This pivotal and fragile sector also happens to be at the leading edge of autonomous computational (AI) decision making. For large classes of financial assets, trading is dominated by algorithms, or “bots”, operating at speeds well beyond the scale of human reaction times. This regime change is a fait accompli, despite our unresolved debates and generally poor understanding of its implications for fundamental market stability as well as performance and efficiency. We propose a systematic in-depth study of AI risks to the financial system. Our goals are to identify the main pathways of concern and generate constructive solutions for making financial infrastructure more robust to interaction with AI participants. Technical Abstract The financial system presents a critical sector of our society, at the leading-edge of AI engagement and especially vulnerable to impact from near-term AI advances. Algorithmic and high-frequency trading now dominate financial markets, yet their implications for market stability are poorly understood. In this project we undertake a systematic investigation of how AI traders can impact market stability, and how extreme movements in securities markets in turn can impact the real economy. We develop a general framework for automated trading based on a flexible architecture for arbitrage reasoning. Through agent-based "
2015-grant-program,fli/2015-grant-program/31,2015,slug,Understanding when a deep network is going to be wrong,121642.0,"Deep learning architectures have fundamentally changed the capabilities of machine learning and benefited many applications such as computer vision, speech recognition, natural language processing, with many more influences to other problems coming along. However, very little is understood about those networks. Months of manual tuning is required for obtaining excellent performance, and the trained networks are often not robust: recent studies have shown that the error rate increases significantly with just slight pixel-level perturbations in image that are not even perceivable by human eyes. In this proposal, The PI propose to thoroughly study the optimization and robustness of deep convolutional networks in visual object recognition, in order to gain more understanding about deep learning. This includes training procedures that will make deep learning more automatic and lead to less failures in training, as well as confidence estimates when the deep network is utilized to predict on new data. The confidence estimates can be used to control the behavior of a robot employing deep learning so that it will not go on to perform maneuvers that could be dangerous because of erroneous predictions. Understanding these aspects would also be helpful in designing potentially more robust networks in the future. Technical Abstract This work will focus on predicting whether a deep convolutional neural network (CNN) has succeeded. This includes two aspects, first, to find an explanation of why and when can the stochastic optimization in a deep CNN succeed without overfitting and obtain high accuracy. Second, to establish an estimate of confidence of the predictions of the deep learning architecture. Those estimates of confidence can be used as safeguards when utilizing those networks in real life. In order to establish those estimates, this work proposes to start from intuitions drawn from empirical analyses from the training procedure and model structures of deep learning. In-de"
2015-grant-program,fli/2015-grant-program/32,2015,slug,Value Alignment and Moral Metareasoning,342727.0,"Developing AI systems that are benevolent towards humanity requires making sure that those systems know what humans want. People routinely make inferences about the preferences of others and use those inferences as the basis for helping one another. This project aims to provide AI systems a similar ability to learn from observations, in order to better align the values of those systems with those of humans. Doing so requires dealing with some significant challenges: If we ultimately develop AI systems that can reason better than humans, how do we make sure that those AI systems are able to take human limitations into account? The fact that we haven’t yet cured cancer shouldn’t be taken as evidence that we don’t really care about it. Furthermore, once we have made an AI system that can reason about human preferences, that system then has to trade off time spent in deliberating about the right course of action with the need to act as quickly as possible – it needs to deal with its own computational limitations as it makes decisions. We aim to address both these challenges by examining how intelligent agents (be they humans or computers) should make these tradeoffs. Technical Abstract AI research has focused on improving the decision-making capabilities of computers, i.e., the ability to select high-quality actions in pursuit of a given objective. When the objective is aligned with the values of the human race, this can lead to tremendous benefits. When the objective is misaligned, improving the AI system’s decision-making may lead to worse outcomes for the human race. The objectives of the proposed research are (1) to create a mathematical framework in which fundamental questions of value alignment can be investigated; (2) to develop and experiment with methods for aligning the values of a machine (whether explicitly or implicitly represented) with those of humans; (3) to understand the relationships among the degree of value alignment, the decision-making capability "
2015-grant-program,fli/2015-grant-program/33,2015,slug,Verifying Deep Mathematical Properties of AI Systems,100813.0,"Artificial Intelligence (AI) is a broad and open-ended research area, and the risks that AI systems will pose in the future are extremely hard to characterize. However, it seems likely that any AI system will involve substantial software complexity, will depend on advanced mathematics in both its implementation and justification, and will be naturally flexible and seem to degrade gracefully in the presence of many types of implementation errors. Thus we face a fundamental challenge in developing trustworthy AI: how can we build and maintain complex software systems that require advanced mathematics in order to implement and understand, and which are all but impossible to verify empirically? We believe that it will be possible and desirable to formally state and prove that the desired mathematical properties hold with respect to the underlying programs, and to maintain such proofs as part of the software artifacts themselves. We propose to demonstrate the feasibility of this methodology by building a system that takes beliefs about the world in the form of probabilistic models, synthesizes inference algorithms to update those beliefs in the presence of observations, and provides formal proofs that the inference algorithms are correct with respect to the laws of probability. Technical Abstract It seems likely that any AI system will involve substantial software complexity, will depend on advanced mathematics in both its implementation and justification, and will be naturally flexible and seem to degrade gracefully in the presence of many types of implementation errors. Thus we face a fundamental challenge in developing trustworthy AI: how can we build and maintain complex software systems that require advanced mathematics in order to implement and understand, and which are all but impossible to verify empirically? We believe that it will be possible and desirable to formally state and prove that the desired mathematical properties hold with respect to the underlying p"
2018-grant-program,fli/2018-grant-program/0,2018,slug,Ad hoc Teamwork and Moral Feedback as a Framework for Safe Robot Behavior,200000.0,
2018-grant-program,fli/2018-grant-program/1,2018,slug,Factored Cognition: Amplifying Human Cognition for Safely Scalable AGI,225000.0,
2018-grant-program,fli/2018-grant-program/2,2018,slug,Governance of AI Programme,276000.0,
2018-grant-program,fli/2018-grant-program/3,2018,slug,Incentives for Safety Agreement Compliance in AI Race,224747.0,
2018-grant-program,fli/2018-grant-program/4,2018,slug,Paradigms of Artificial General Intelligence and Their Associated Risks,220000.0,
2018-grant-program,fli/2018-grant-program/5,2018,slug,Reverse Engineering Fair Cooperation,150000.0,
2018-grant-program,fli/2018-grant-program/6,2018,slug,Safe Learning and Verification of Human-AI Systems,250000.0,
2018-grant-program,fli/2018-grant-program/7,2018,slug,The Control Problem for Universal AI: A Formal Investigation,276000.0,
2018-grant-program,fli/2018-grant-program/8,2018,slug,Utility Functions: A Guide for Artificial General Intelligence Theorists,78289.0,
2018-grant-program,fli/2018-grant-program/9,2018,slug,Value Alignment and Multi-agent Inverse Reinforcement Learning,100000.0,
2021-grants,fli/2021-grants/0,2021,slug,Improve the News Foundation,3250000.0,"General support.  The Improve the New Foundation works to empower people to rise above controversies and understand the world in a nuanced way. Its vision is a world with less hate and more understanding, where society has reasoned compassion, constructive discourse, and well-informed decision-making."
2021-grants,fli/2021-grants/1,2021,slug,The Future Society,120000.0,General support. The Future Society (TFS) is an independent nonprofit organization based in US and Europe with a mission to align AI through better governance.
2021-grants,fli/2021-grants/2,2021,slug,Wise Ancestors,106000.0,"Support for a pilot and initial funding for Wise Ancestors.  The Wise Ancestors platform interweaves genomic sequencing, biobanking, and Indigenous Knowledge to create, fund and complete Conservation Challenges, accelerating the conservation of Earth's biodiversity for the benefit of all. Our other grant programs 2025 Grants Completed Request for Proposals on religious projects tackling the challenges posed by the AGI race Completed 2024 Grants Funds allocated All Grant Programs Sign up for the Future of Life Institute newsletter Join 70,000+ others receiving periodic updates on our work and focus areas. View previous editions Steering transformative technology towards benefiting life and away from extreme large-scale risks. Our Mission Focus areas Artificial Intelligence Biotechnology Nuclear Weapons Our work Policy & Research Futures Communications Grantmaking Our content Articles Podcasts Newsletters Open letters About us Our people Our history Careers Donate Finances FAQs Contact us Accessibility Media room Report a broken link Accessibility Media room Report a broken link ©  2026 Future of Life Institute. All rights reserved. Visit our Facebook Visit our Twitter Visit our LinkedIn Visit our YouTube channel {""prefetch"":[{""source"":""document"",""where"":{""and"":[{""href_matches"":""/*""},{""not"":{""href_matches"":[""/wp-*.php"",""/wp-admin/*"",""/wp-content/uploads/*"",""/wp-content/*"",""/wp-content/plugins/*"",""/wp-content/themes/twentytwenty/*"",""/wp-content/themes/oxygen-is-not-a-theme/*"",""/*\\?(.+)""]}},{""not"":{""selector_matches"":""a[rel~=\""nofollow\""]""}},{""not"":{""selector_matches"":"".no-prefetch, .no-prefetch a""}}]},""eagerness"":""conservative""}]} question-circle angle-down cloud magnifier cross arrow-up arrow_back arrow_forward business_center keyboard_arrow_down memory attach_money monetization_on wifi_tethering mail av_timer library_books recent_actors account_balance_wallet fingerprint gavel language linkedin facebook pinterest youtube rss twitter instagram facebook-blank rss-blan"
2022-grants,fli/2022-grants/0,2022,slug,Foresight Institute,1000000.0,"Founded in 1987, Foresight Institute supports the beneficial development of high-impact technology to make great futures more likely. In this spirit, Foresight Institute runs the Existential Hope project, which aims to bring together and create resources, projects and organizations to help onboard and coordinate a global community across future-positive organizations and projects."
2022-grants,fli/2022-grants/1,2022,slug,University of California at Berkeley,450000.0,"The AI Policy Hub is housed at the AI Security Initiative at the University of California, Berkeley’s Center for Long-Term Cybersecurity (CLTC), and the University of California’s CITRIS Policy Lab at the Center for Information Technology Research in the Interest of Society and the Banatao Institute (CITRIS). The UC Berkeley AI Policy Hub is training a new generation of AI policy talent to shape the future of artificial intelligence in the public interest. This prestigious fellowship program strengthens interdisciplinary research approaches to AI policy while expanding inclusion of diverse perspectives. The Hub supports annual cohorts of graduate student researchers who conduct innovative research and make meaningful contributions to the AI policy landscape. Fellows receive faculty and staff mentorship, access to world-renowned experts and hands-on training sessions, connections with policymakers and other decision-makers, and opportunities to share their work at a public symposium."
2022-grants,fli/2022-grants/2,2022,slug,University of Cambridge,1000000.0,"Centre for the Study of Existential Risk (CSER) is an interdisciplinary research centre within the University of Cambridge that studies existential risks, develops collaborative strategies to reduce them, and fosters a global community of academics, technologists and policymakers working to safeguard humanity. Support from the Future of Life Institute over the last year has, in particular, enabled CSER to fund a full five-year position for its next Director. Professor Matthew Connelly will serve as Director beginning July 2023. It wouldn't have been possible to recruit a Director, and of this caliber, without FLI's support. The director's work will support research and impact across a range of activity. In 2022, this included: Publishing 24 publications, including in leading journals like Nature, Nature Sustainability and the Proceedings of the National Academies of Science. This includes widely-covered and agenda-setting papers on  Climate Endgame: Exploring catastrophic climate change scenarios and  Huge volcanic eruptions: time to prepare . Hosting a biannual Cambridge Conference on Catastrophic Risk, a fortnight programme of intensive engagement, a dozen academic visitors and several workshops. These grow and foster the academic community working on existential risks. Advising governments and international organisations on existential risks. This includes the UN Secretary-General, the UK, the EU, the US, WHO, BWC, OECD and more. This has covered general resilience and pandemic preparedness after the pandemic, nuclear risks of the Russian invasion, and AI/AGI finally arriving on the political agenda. Engaging the public in these crucial issues with extensive, worldwide media engagement."
2022-grants,fli/2022-grants/3,2022,slug,University of Southern California,170000.0,"Hollywood, Health & Society (HH&S) is a program of the University of Southern California Annenberg Norman Lear Center that provides the entertainment industry with accurate and up-to-date information for storylines on health, safety and security. HH&S recognizes the profound impact that entertainment has on audience knowledge and behavior. FLI made a grant to HH&S to support their work on educating on i) the risks of nuclear weapons, ii) the risks of irresponsible uses of AI, such as autonomous weapons, and to iii) encourage the development of positive visions of the future with responsible AI development. FLI was also a partner in launching the  BlueSky Screenwriting Competition , which invited screenwriters to submit pilot scripts set in a positive future that included themes of racial equity, climate change mitigation or adaptation, advancements toward peace, and incorporating the beneficial use of AI."
2022-grants,fli/2022-grants/4,2022,slug,Wise Ancestors,1113685.0,"The Wise Ancestors platform interweaves genomic sequencing, biobanking, and Indigenous Knowledge to create, fund and complete Conservation Challenges, accelerating the conservation of Earth's biodiversity for the benefit of all. Our other grant programs 2025 Grants Completed Request for Proposals on religious projects tackling the challenges posed by the AGI race Completed 2024 Grants Funds allocated All Grant Programs Sign up for the Future of Life Institute newsletter Join 70,000+ others receiving periodic updates on our work and focus areas. View previous editions Steering transformative technology towards benefiting life and away from extreme large-scale risks. Our Mission Focus areas Artificial Intelligence Biotechnology Nuclear Weapons Our work Policy & Research Futures Communications Grantmaking Our content Articles Podcasts Newsletters Open letters About us Our people Our history Careers Donate Finances FAQs Contact us Accessibility Media room Report a broken link Accessibility Media room Report a broken link ©  2026 Future of Life Institute. All rights reserved. Visit our Facebook Visit our Twitter Visit our LinkedIn Visit our YouTube channel {""prefetch"":[{""source"":""document"",""where"":{""and"":[{""href_matches"":""/*""},{""not"":{""href_matches"":[""/wp-*.php"",""/wp-admin/*"",""/wp-content/uploads/*"",""/wp-content/*"",""/wp-content/plugins/*"",""/wp-content/themes/twentytwenty/*"",""/wp-content/themes/oxygen-is-not-a-theme/*"",""/*\\?(.+)""]}},{""not"":{""selector_matches"":""a[rel~=\""nofollow\""]""}},{""not"":{""selector_matches"":"".no-prefetch, .no-prefetch a""}}]},""eagerness"":""conservative""}]} question-circle angle-down cloud magnifier cross arrow-up arrow_back arrow_forward business_center keyboard_arrow_down memory attach_money monetization_on wifi_tethering mail av_timer library_books recent_actors account_balance_wallet fingerprint gavel language linkedin facebook pinterest youtube rss twitter instagram facebook-blank rss-blank linkedin-blank pinterest youtube twitter instagram window.w"
2023-grants,fli/2023-grants/0,2023,slug,AI Impacts,162000.0,"General support. AI Impacts performs research related to the future of AI. They aim to answer decision-relevant questions in the most neglected areas of AI strategy and forecasting. The intended audience includes researchers doing work related to artificial intelligence, philanthropists involved in funding research related to artificial intelligence, and policy-makers whose decisions may be influenced by their expectations about artificial intelligence."
2023-grants,fli/2023-grants/1,2023,slug,AI Objectives Institute,500000.0,"Support for the Talk to the City and Moral Mirror projects. AI Objectives Institute (AOI) is a non-profit research lab of leading builders and researchers. AOI brings together a network of volunteer researchers from top AI labs with product builders and experts from psychology, political theory and economics for a sociotechnical systems perspective on AI dynamics as well as post-singularity outcomes, improving odds that human values thrive in a world of rapidly deployed, extremely capable AI systems evolving with existing institutions and incentives."
2023-grants,fli/2023-grants/2,2023,slug,Alignment Research Center,1401000.0,"Support for the Alignment Research Center (ARC) Evaluation (Evals) Team. Evals is a new team at ARC building capability evaluations (and in the future, alignment evaluations) for advanced ML models. The goals of the project are to improve our understanding of what alignment danger is going to look like, understand how far away we are from dangerous AI, and create metrics that labs can make commitments around."
2023-grants,fli/2023-grants/3,2023,slug,Berkeley Existential Risk Initiative,481000.0,"Support for the Berkeley Existential Risk Initiative's (BERI) collaboration with The Center for Human-Compatible Artificial Intelligence (CHAI). BERI’s mission is to improve human civilization’s long-term prospects for survival and flourishing. Currently, its main strategy is collaborating with university research groups working to reduce existential risk by providing them with free services and support. CHAI’s mission is to develop the conceptual and technical wherewithal to reorient the general thrust of AI research towards provably beneficial systems."
2023-grants,fli/2023-grants/4,2023,slug,"Center for AI Safety, Inc.",22000.0,"General support. The Center for AI Safety (CAIS) exists to ensure the safe development and deployment of AI. AI risk has emerged as a global priority, ranking alongside pandemics and nuclear war. Despite its importance, AI safety remains remarkably neglected, outpaced by the rapid rate of AI development. Currently, society is ill-prepared to manage the risks from AI. CAIS exists to equip policymakers, business leaders, and the broader world with the understanding and tools necessary to manage AI risk."
2023-grants,fli/2023-grants/5,2023,slug,Center for Humane Technology,500000.0,"Support for AI-related policy work and messaging cohesion within the AI xrisk community. The Center for Humane Technology works to align technology with humanity’s best interests. They envision a world with technology that respects our attention, improves our well-being, and strengthens communities."
2023-grants,fli/2023-grants/6,2023,slug,Centre for Long-Term Resilience (Alpenglow Group Limited),769000.0,"General support. The Centre for Long-Term Resilience (CLTR) is an independent think tank based in the UK with a mission to transform global resilience to extreme risks. They do this by working with governments and other institutions to improve relevant governance, processes, and decision making. They believe that extreme risks pose some of the biggest challenges of the 21st Century, and want to work with a wide range of people and organisations who share their goals. As a result, they aim to collaborate with a broad coalition of policymakers, academics, think tanks and private-sector risk experts."
2023-grants,fli/2023-grants/7,2023,slug,Collective Intelligence Project,150000.0,"Support for the Alignment Assemblies for Legitimate AI Governance project. The Collective Intelligence Project is an experimental R&D organization that advances collective intelligence capabilities (meaning tools and systems for better constructing and cooperating towards shared goals) for effective collective governance of AI and other transformative technologies. Its mission is to direct technological development towards the collective good by making it possible to elicit and execute on collective values, and in doing so, to avoid disproportionate risks and harness benefits."
2023-grants,fli/2023-grants/8,2023,slug,"FAR AI, Inc.",1858000.0,General support. FAR accelerates neglected but high-potential AI safety research agendas. It supports projects that are either too large to be led by academia or overlooked by the commercial sector as they are unprofitable. FAR AI’s mission is to ensure AI systems are trustworthy and beneficial to society.
2023-grants,fli/2023-grants/9,2023,slug,Foresight Institute,290000.0,"Support for the Existential Hope and Tech Tree Programs. Foresight Institute supports the development of beneficial high-impact technology to make great futures more likely. Their work to make flourishing futures for life more likely is mainly done by selectively advancing beneficial uses of high-impact science and technology via five technical interest groups focusing on 1) Molecular Machines: atomically precise control of matter, 2) Biotech: reverse aging and improve cognition, 3) Computer Science: secure decentralized human AI cooperation, 4) Neurotech: Improving Cognition, 5) Space: Expanding outward."
2023-grants,fli/2023-grants/10,2023,slug,"Ought, Inc.",358000.0,"General support. Ought is a product-driven research lab that develops mechanisms for delegating high-quality reasoning to advanced machine learning systems. Ought is building Elicit, a research assistant using language models to scale up high-quality reasoning in the world. Ought also conducts research to advocate for supervising the process of machine learning systems, not just their outcomes, so that we can avoid alignment risks from goal misspecification and opaque AI systems."
2023-grants,fli/2023-grants/11,2023,slug,Oxford China Policy Lab,252000.0,"General support. The Oxford China Policy Lab (OCPL) is a non-partisan group of researchers based at the University of Oxford. Its overarching goal is to mitigate the possibility of global risk associated with US-China great power competition (GPC), with a particular focus on risks stemming from artificial intelligence and other emerging technologies."
2023-grants,fli/2023-grants/12,2023,slug,"Redwood Research Group, Inc.",500000.0,"General Support. Redwood Research Group’s main work is doing theoretical and applied AI alignment research. They are especially interested in practical projects that are motivated by theoretical arguments for how the techniques we develop might successfully scale to the superhuman regime. They also run Constellation, a co-working space with members from ARC, MIRI, OpenPhil, Redwood, and some other organizations."
2023-grants,fli/2023-grants/13,2023,slug,The Future Society,365000.0,General support. The Future Society (TFS) is an independent nonprofit organization based in US and Europe with a mission to align AI through better governance.
2023-grants,fli/2023-grants/14,2023,slug,The University of Chicago,380000.0,"Support for the University of Chicago's Existential Risk Laboratory (XLab). At this stage, XLab is focused on building student and faculty interest in existential risk through a postdoctoral fellowship, undergraduate courses, and a summer research fellowship. These activities are aimed at ultimately being able to offer a minor in Existential Risk Studies through an entity with active faculty research groups."
2023-grants,fli/2023-grants/15,2023,slug,University of California at Berkeley,600000.0,"The AI Policy Hub is housed at the AI Security Initiative at the University of California, Berkeley’s Center for Long-Term Cybersecurity (CLTC), and the University of California’s CITRIS Policy Lab at the Center for Information Technology Research in the Interest of Society and the Banatao Institute (CITRIS). The UC Berkeley AI Policy Hub is training a new generation of AI policy talent to shape the future of artificial intelligence in the public interest. This prestigious fellowship program strengthens interdisciplinary research approaches to AI policy while expanding inclusion of diverse perspectives.The Hub supports annual cohorts of graduate student researchers who conduct innovative research and make meaningful contributions to the AI policy landscape. Fellows receive faculty and staff mentorship, access to world-renowned experts and hands-on training sessions, connections with policymakers and other decision-makers, and opportunities to share their work at a public symposium. Our other grant programs 2025 Grants Completed Request for Proposals on religious projects tackling the challenges posed by the AGI race Completed 2024 Grants Funds allocated All Grant Programs Sign up for the Future of Life Institute newsletter Join 70,000+ others receiving periodic updates on our work and focus areas. View previous editions Steering transformative technology towards benefiting life and away from extreme large-scale risks. Our Mission Focus areas Artificial Intelligence Biotechnology Nuclear Weapons Our work Policy & Research Futures Communications Grantmaking Our content Articles Podcasts Newsletters Open letters About us Our people Our history Careers Donate Finances FAQs Contact us Accessibility Media room Report a broken link Accessibility Media room Report a broken link ©  2026 Future of Life Institute. All rights reserved. Visit our Facebook Visit our Twitter Visit our LinkedIn Visit our YouTube channel {""prefetch"":[{""source"":""document"",""where"":{""and"":[{""href_match"
2024-grants,fli/2024-grants/0,2024,slug,Encode,250000.0,General Support. Encode are young people mobilizing policymakers and the public for a future where human-centered artificial intelligence fulfills its transformative potential.
2024-grants,fli/2024-grants/1,2024,slug,Federation of American Scientists (FAS),1500000.0,"To investigate the implications of artificial intelligence on global risk. The 18-month project supports FAS’s efforts to bring together the world’s leading security and technology experts to better understand and inform policy on the nexus between AI and several global issues, including nuclear deterrence and security, bioengineering, autonomy and lethality, and cyber security-related issues. The Federation of American Scientists works to advance progress on a broad suite of contemporary issues where science, technology, and innovation policy can deliver dramatic progress, and seeks to ensure that scientific and technical expertise have a seat at the policymaking table. Established in 1945 by scientists in response to the atomic bomb, FAS continues to work on behalf of a safer, more equitable, and more peaceful world."
2024-grants,fli/2024-grants/2,2024,slug,International Association for Safe and Ethical AI (IASEAI),1850000.0,"General support. The International Association for Safe and Ethical AI (IASEAI) is a nonprofit organization founded to address the risks and opportunities associated with rapid advances in AI. Its mission is to ensure that AI systems are guaranteed to operate safely and ethically; and to shape policy, promote research, and build understanding and community around this goal."
2024-grants,fli/2024-grants/3,2024,slug,Tarbell,150000.0,"Support for Tarbell Grants which funds established journalists to pursue original reporting on current & future harms from AI. Topics may include frontier models, the inner workings of leading AI companies, lobbying efforts shaping AI policy, and explanatory reporting that helps the public understand complicated topics in AI. Tarbell works to build a global community of expert journalists covering artificial intelligence with the scrutiny it deserves."
2024-grants,fli/2024-grants/4,2024,slug,The Elders,294160.0,"Support for the Long-View Leadership project. Long-view leadership means showing the determination to resolve intractable problems not just manage them, the wisdom to make decisions based on scientific evidence and reason, and the humility to listen to all those affected. Long-view leaders must have the moral strength to address both current concerns and long-term risks, often at the expense of vested interests.The Elders was founded by Nelson Mandela in 2007. It is an independent group of global leaders working for peace, justice, human rights and a sustainable planet."
2024-grants,fli/2024-grants/5,2024,slug,University of Virginia,109564.0,"To support Professor Anton Korinek's research on the economics of transformative AI. In 1819, Thomas Jefferson founded the University of Virginia and inaugurated a bold experiment – a public university designed to advance human knowledge, educate leaders and cultivate an informed citizenry. Our other grant programs 2025 Grants Completed Request for Proposals on religious projects tackling the challenges posed by the AGI race Completed Multistakeholder Engagement for Safe and Prosperous AI Completed All Grant Programs Sign up for the Future of Life Institute newsletter Join 70,000+ others receiving periodic updates on our work and focus areas. View previous editions Steering transformative technology towards benefiting life and away from extreme large-scale risks. Our Mission Focus areas Artificial Intelligence Biotechnology Nuclear Weapons Our work Policy & Research Futures Communications Grantmaking Our content Articles Podcasts Newsletters Open letters About us Our people Our history Careers Donate Finances FAQs Contact us Accessibility Media room Report a broken link Accessibility Media room Report a broken link ©  2026 Future of Life Institute. All rights reserved. Visit our Facebook Visit our Twitter Visit our LinkedIn Visit our YouTube channel {""prefetch"":[{""source"":""document"",""where"":{""and"":[{""href_matches"":""/*""},{""not"":{""href_matches"":[""/wp-*.php"",""/wp-admin/*"",""/wp-content/uploads/*"",""/wp-content/*"",""/wp-content/plugins/*"",""/wp-content/themes/twentytwenty/*"",""/wp-content/themes/oxygen-is-not-a-theme/*"",""/*\\?(.+)""]}},{""not"":{""selector_matches"":""a[rel~=\""nofollow\""]""}},{""not"":{""selector_matches"":"".no-prefetch, .no-prefetch a""}}]},""eagerness"":""conservative""}]} question-circle angle-down cloud magnifier cross arrow-up arrow_back arrow_forward business_center keyboard_arrow_down memory attach_money monetization_on wifi_tethering mail av_timer library_books recent_actors account_balance_wallet fingerprint gavel language linkedin facebook pinterest youtube rss tw"
2025-grants,fli/2025-grants/0,2025,slug,Bureau of Investigative Journalism,487000.0,"Support for ""Unmasking AI,"" an initiative examining the AI ecosystem's potential threats to society, security, and human lives. The team will focus on the relationship between Big Tech and governments, ethical risks, and systemic AI threats, with the ultimate goals of driving public awareness and influencing policy and regulatory changes in AI.  FLI does not exercise editorial control over the initiative's reporting."
2025-grants,fli/2025-grants/1,2025,slug,Center for AI Risk Management & Alignment (CARMA),2300000.0,"General support. CARMA’s mission is to lower the risks to society and the environment from transformative AI through research and advocacy of that research. CARMA is fiscally sponsored by Social & Environmental Entrepreneurs, Inc."
2025-grants,fli/2025-grants/2,2025,slug,Faith Matters Foundation,174000.0,"Support for ""Organized Intelligence,"" an initiative that brings together Latter-day Saint voices from across disciplines to explore the ethical, social, and spiritual dimensions of AI. As a technology that mimics aspects of human intelligence, AI raises profound questions about what it means to be human, questions that intersect with core Latter-day Saint doctrines, beliefs, and practices."
2025-grants,fli/2025-grants/3,2025,slug,Foresight Institute,485000.0,"Support to expand the Existential Hope program. The core objective is to create compelling, actionable visions that can guide beneficial technological development with increased global participation and perspective. Founded in 1986, Foresight Institute advances science and technology for the benefit of life through grants, events, prizes, and fellowships."
2025-grants,fli/2025-grants/4,2025,slug,Institute for Family Studies,550000.0,"Support for the ""Pro-Family, Pro-Human AI"" project aimed at guiding AI development to protect human and family interests. The Institute's programs and platforms focus on marriage, child well-being, family formation, parenting, and the role of technology in family life, producing research that attracts attention and respect from across the ideological spectrum."
2025-grants,fli/2025-grants/5,2025,slug,International Association for Safe and Ethical AI (IASEAI),1950000.0,"General support. The International Association for Safe and Ethical AI (IASEAI) is a nonprofit organization founded to address the risks and opportunities associated with rapid advances in AI. Its mission is to ensure that AI systems are guaranteed to operate safely and ethically; and to shape policy, promote research, and build understanding and community around this goal."
2025-grants,fli/2025-grants/6,2025,slug,Talos Network,129000.0,"Support for the Talos Fellowship, which aims to launch European policy careers focused on safe and responsible AI deployment. The fellowship offers employment and support to fellows while strengthening the AI policy talent pool in Europe. Our other grant programs Request for Proposals on religious projects tackling the challenges posed by the AGI race Completed 2024 Grants Funds allocated Multistakeholder Engagement for Safe and Prosperous AI Completed All Grant Programs Sign up for the Future of Life Institute newsletter Join 70,000+ others receiving periodic updates on our work and focus areas. View previous editions Steering transformative technology towards benefiting life and away from extreme large-scale risks. Our Mission Focus areas Artificial Intelligence Biotechnology Nuclear Weapons Our work Policy & Research Futures Communications Grantmaking Our content Articles Podcasts Newsletters Open letters About us Our people Our history Careers Donate Finances FAQs Contact us Accessibility Media room Report a broken link Accessibility Media room Report a broken link ©  2026 Future of Life Institute. All rights reserved. Visit our Facebook Visit our Twitter Visit our LinkedIn Visit our YouTube channel {""prefetch"":[{""source"":""document"",""where"":{""and"":[{""href_matches"":""/*""},{""not"":{""href_matches"":[""/wp-*.php"",""/wp-admin/*"",""/wp-content/uploads/*"",""/wp-content/*"",""/wp-content/plugins/*"",""/wp-content/themes/twentytwenty/*"",""/wp-content/themes/oxygen-is-not-a-theme/*"",""/*\\?(.+)""]}},{""not"":{""selector_matches"":""a[rel~=\""nofollow\""]""}},{""not"":{""selector_matches"":"".no-prefetch, .no-prefetch a""}}]},""eagerness"":""conservative""}]} question-circle angle-down cloud magnifier cross arrow-up arrow_back arrow_forward business_center keyboard_arrow_down memory attach_money monetization_on wifi_tethering mail av_timer library_books recent_actors account_balance_wallet fingerprint gavel language linkedin facebook pinterest youtube rss twitter instagram facebook-blank rss-blank linked"
global-institutions-governing-ai,fli/global-institutions-governing-ai/0,2024,intro,A Global AGI Agency,15000.0,"Justin Bullock at the University of Washington suggests as his mechanism a Global AGI Agency, which would be a public private partnership led by a US-EU-China coalition alongside major private national R&D labs within leading technology firms. This partnership would be institutionally housed by the IEEE and the UN together. In this approach, national governments would partner more closely with leading technology firms, subsidise projects, provide evaluation and feedback on models, and generate public good uses alongside the profit making uses."
global-institutions-governing-ai,fli/global-institutions-governing-ai/1,2024,intro,Fair Trade AI,15000.0,"Katharina Zuegel at the Forum on Information and Democracy in France proposes the development of a ""Fair Trade AI"" mechanism, inspired by the success of the Fair Trade certification model in promoting ethical practices within commodity markets. By leveraging Fair Trade principles, this project aims to foster the creation, deployment, and utilization of AGI systems that are ethical, trustworthy, and beneficial to society. Fair Trade’s success informs this project, including enhanced living and working conditions, economic empowerment of labor, cultural preservation, and environmental sustainability."
global-institutions-governing-ai,fli/global-institutions-governing-ai/2,2024,intro,IAEA and CERN for AI,15000.0,"Haydn Belfield, a researcher at the University of Cambridge’s Centre for the Study of Existential Risk and the Leverhulme Centre for the Future of Intelligence, proposes two reinforcing institutions: an International AI Agency (IAIA) and CERN for AI. The IAIA would primarily serve as a monitoring and verification body, enforced by chip import restrictions: only countries that sign a verifiable commitment to certain safe compute practices would be permitted to accumulate large amounts of compute. Meanwhile, a “CERN for AI” is an international scientific cooperative megaproject on AI which would centralise frontier model training runs in one facility. As an example of reinforcement, frontier foundation models would be shared out of the CERN for AI, under the supervision of the IAIA."
global-institutions-governing-ai,fli/global-institutions-governing-ai/3,2024,intro,International Treaty on the Prohibition of Misaligned Artificial General Intelligence,15000.0,"José Villalobos Ruiz, based at the Institute for Law & AI, proposes an international treaty on the prohibition of misaligned AI. Ruiz will focus on what the legal side of an ideal treaty on the prohibition of misaligned AGI might look like, addressing the question in three steps. The first step will be a comparative analysis of existing legal instruments that prohibit technologies or activities that may pose an existential risk, from nuclear weapons to greenhouse gas emissions beyond a certain cap; the second step will be to identify how existing legal frameworks may fail to address risks posed by AGI; the third will be to recommend ways in which those weaknesses could be tackled in a treaty that prohibits (misaligned) AGI."
global-institutions-governing-ai,fli/global-institutions-governing-ai/4,2024,intro,Stable AGI Governance through the International AI Governance Organization (IAIGO),15000.0,"To enable his ideal one-AGI scenario, Joel Christoph at the European University Institute proposes the creation of an ""International AI Governance Organization"" (IAIGO), a new treaty-based institution under the auspices of the United Nations. All countries would be eligible to join, with major AI powers guaranteed seats on the executive council, akin to the UN Security Council permanent members. The IAIGO would have three primary mandates: regulate, monitor and enforce a moratorium on AGI development, until a coordinated international project can be initiated with adequate safety precautions; pool financial and talent resources from member states to create an international AGI project, potentially absorbing leading initiatives like OpenAI and DeepMind and subjecting ‘rogue’ projects to severe sanctions; finally, oversee controlled AGI deployment, distributing benefits equitably to all member states and enforcing strict safety and security protocols."
global-institutions-governing-ai,fli/global-institutions-governing-ai/5,2024,intro,The Practical Bengio,15000.0,"Joshua Tan, an American researcher at the University of Oxford, makes the case for a world of multiple safe AGIs, overseen by an institution that is, in effect, the practical realisation of Yoshua Bengio’s recent proposal: a multilateral network of publicly-funded AI laboratories that prioritize humanity's safety and well-being. Tan then focuses on how to establish such a network, as well as on resolving some operational and incentive problems he sees with Bengio's original proposal. Results Here is a selection of results from this grant program: Stable AGI Governance through the International AI Governance Organization, by Joel Christoph.  Download Towards a Global Agency for Governing Artificial General Intelligence - Challenges and Prospects, by Justin Bullock.  Download Beyond a Piecemeal Approach: Prospects for a Framework Convention on AI, by José Jaime Villalobos and Matthijs M. Maas.  Download Domestic frontier AI regulation, an IAEA for AI, an NPT for AI, and a US-led Allied Public-Private Partnership for AI: Four institutions for governing and developing frontier AI, by Haydn Belfield.  Download Request for Proposal I. Background on FLI The Future of Life Institute (FLI) is an independent non-profit that works to steer transformative technology towards benefiting life and away from extreme large-scale risks. We work through policy advocacy at the UN, in the EU and the US, and have a long history of grants programmes supporting such work as AI existential safety research and investigations into the humanitarian impacts of nuclear war. This current request for proposals is part of FLI’s Futures program, which aims to guide humanity towards the beneficial outcomes made possible by transformative technologies. The program seeks to engage a diverse group of stakeholders from different professions, communities, and regions to shape our shared future together. II. Request for Proposal Call for proposed designs for global institutions governing AI FLI is calling f"
impact-of-ai-on-sdgs,fli/impact-of-ai-on-sdgs/0,2024,intro,AI and education on climate change mitigation – from King Midas problem to a golden opportunity?,15000.0,"Uroš Ćemalović, a Serbian lawyer and researcher at the Center for Ecology and Sustainability, will evaluate the impact of AI on the achievement of SDG target 13.3, with a focus on education on climate change mitigation. Two questionnaires will gather data on the level of inclusion of AI-based educational tools at universities, the level of interoperability of these tools in natural and social sciences and how educators feel about it. The main observed tendencies will then be extrapolated for the period 2024-2030."
impact-of-ai-on-sdgs,fli/impact-of-ai-on-sdgs/1,2024,intro,AI for Climate Resilience,15000.0,"At the Energy and Resources Institute in New Delhi, Reeta Sharma and her team will conduct a thorough examination of existing literature to identify AI applications utilised in climate change mitigation and adaptation efforts, as well as a qualitative analysis to discern trends, patterns, and potential challenges associated with employing AI for climate action. The team will then employ a range of analytical methods, including scenario planning, modelling and simulation, to project AI's impact on achieving this SDG (13)."
impact-of-ai-on-sdgs,fli/impact-of-ai-on-sdgs/2,2024,intro,An AI-driven Observatory Against Poverty,15000.0,"A research team at the International Research Centre on Artificial Intelligence (IRCAI), under the auspices of UNESCO, led by Marko Grobelnik and Joao Pita Costa, seeks to evaluate the impact of AI on poverty alleviation efforts, under SDG 1.5. To do so, the IRCAI will build on the knowledge and experience gained with the OECD AI Policy Observatory, with a comprehensive framework encompassing three key metrics: access to essential services; income levels and economic activity; and social equity and inclusion. Further analysis will then integrate predictive modeling, scenario analysis, and policy impact simulations to offer insights into future trajectories of AI's role in poverty alleviation."
impact-of-ai-on-sdgs,fli/impact-of-ai-on-sdgs/3,2024,intro,Assessing the role of AI in heat mitigation and adaptation,15000.0,"Surekha Tetali, professor at Mahindra University in Hyderabad, India, will conduct a meta-analysis of existing AI applications, research, reports, and case studies demonstrating the direct or indirect impact of AI on temperatures, as part of SDG 13 on climate action. The will involve examining AI interventions across various temperature regulation and climate change mitigation domains, including energy management and industry, as well as the role of AI in temperature and heat hazard forecasting. A regression study, a cost benefit analysis, and a policy study will then estimate the projected benefits or disadvantages of AI in heat mitigation in the future."
impact-of-ai-on-sdgs,fli/impact-of-ai-on-sdgs/4,2024,intro,Evaluating Impact and Scaling Progress through Multi-Stakeholder Partnerships,15000.0,"Sumaya Adan, an Oxford Martin AI Initiative researcher from Kenya, asks ‘How has AI impacted SDG 1, poverty alleviation in low-resource contexts, over the past decade, and what lessons can inform prioritising and scaling AI solutions through public-private-people partnerships to accelerate progress by 2030?’ To answer these questions, Adan will develop a framework of relevant AI capabilities, review low-resource, AI-based poverty alleviation interventions between 2010-2020, identify key success factors, challenges and unintended consequences, and engage diverse stakeholders. She will then develop a set of plausible scenarios for the future of AI in poverty alleviation, assess the potential interactions and dependencies between AI capabilities, SDG 1 targets, and external factors, identify the most promising AI applications and partnership models for accelerating progress, and recommend policies for scaling them."
impact-of-ai-on-sdgs,fli/impact-of-ai-on-sdgs/5,2024,intro,Evaluating the Impact of Artificial Intelligence on Health Outcomes in Nigeria,15000.0,"A team at the Nigerian Academy of Science (NAS) led by Oladoyin Odubanjo will conduct a consensus study aimed at exploring the current applications of AI in Nigerian healthcare, their benefits and side effects, ethical, regulatory and legal issues, and how AI can be explored in the near future to bring about improved health outcomes in Nigeria. An expert panel will then review the evidence as to how AI can accelerate or inhibit the attainment of universal health coverage, and advise the health sector accordingly."
impact-of-ai-on-sdgs,fli/impact-of-ai-on-sdgs/6,2024,intro,Maternal Mortality impacts of AI,15000.0,"Nicholas Ngepah, a professor at the African Institute for Inclusive Growth from Cameroon, will assess how AI is helping to achieve SDG Target 3.1, on the reduction of maternal mortality, through the early detection of pregnancy-related complications and the improvement of maternal healthcare access in low-income countries. After analysing AI’s impact across different maternal mortality distribution quantiles from 2000-2022, Ngepah will then project future scenarios for varying levels of AI adoption."
impact-of-ai-on-sdgs,fli/impact-of-ai-on-sdgs/7,2024,intro,The future of work and inequality: How AI is shaping labor market dynamics and its impact on poverty,15000.0,"Researchers at the Universidad del Rosario in Bogotá, Colombia aims to address the heterogeneities of AI integration between and within countries, and examine how AI adoption affects poverty through an analysis of labor market dynamics in Colombia, a developing country with high unemployment and informality rates. Once the level of AI exposure for different occupations is identified, a temporal analysis from 2018 to 2023 will be conducted to assess the evolution of occupational structures and diagnose to what extent AI generates, complements and substitutes jobs. Households of workers will then be characterised based on their level of AI exposure and other sociodemographic characteristics to evaluate their impact on total incomes, before projecting these findings forward to 2030."
impact-of-ai-on-sdgs,fli/impact-of-ai-on-sdgs/8,2024,intro,The Impact of AI on Health,15000.0,"Surafel Tilahun, researcher at the Addis Ababa Science and Technology University, will employ a combination of quantitative metrics, qualitative assessments, and stakeholder perspectives, including data from the Ethiopian ministry of health, to assess and project the nature of AI's impact on key aspects of SDG 3, including healthy pregnancies, healthy childhoods, and monitoring of universal health coverage (UHC). The challenges arising from data issues, bias issues, ethics issues and more will be explored with possible mitigation approaches, taking into account broader regional and global experiences of AI utilisation and policy in this field."
impact-of-ai-on-sdgs,fli/impact-of-ai-on-sdgs/9,2024,intro,The Role of AI in Reducing Maternal Mortality: Current Impacts and Future Potentials,15000.0,"A study from Kibabii University, Kenya led by Patrick Owoche will explore the role of AI in enhancing maternal healthcare (MH), to determine how has AI contributed to the reduction of maternal mortality rates (MMR), which fall under SDG Target 3.1. The study will pinpoint and evaluate the specific AI applications that have shown the greatest efficacy, from predictive analytics for forecasting health complications to AI-powered tele-health services that broaden care accessibility. It will also address the challenges and limitations of AI technology deployment in healthcare such as ethical dilemmas, data privacy issues, the necessity for vast and accurate training datasets, and the integration challenges within existing healthcare frameworks as well as cost factors. Trend analysis and predictive modelling will then project future potential up to 2030. Results Here is a selection of results from this grant program: Assessing the Unequal Impacts of AI on the Colombian Labor Market, by Andrés Garcia-Suaza and colleagues.  Download An AI-driven Observatory Against Poverty, by J. Pita Costa and colleagues.  Download The impact of artificial intelligence (AI) on maternal mortality: Evidence from global, developed and developing countries, by Nicholas Ngepah and colleagues.  Download The Role of AI in Reducing Maternal Mortality - Current Impacts and Future Potentials, by Patrick Owoche and colleagues.  Download Artificial Intelligence in Climate Resilience: Evaluating Contributions to SDG 13, by Reeta Sharma.  Download Scaling AI Solutions for Poverty Reduction: A Cross-Sectoral Analysis of Implementation Success Factors and Barriers (2010-2020), by Sumaya Nur Adan.  Download Assessing the role of AI in Heat Mitigation and Adaptation, by Surekha Tetali.  Download AI and Education on Climate Change Mitigation - From King Midas Problem to a Golden Opportunity?, by Uros Cemalovic.  Download Request for Proposal I. Background on FLI The Future of Life Institute (FLI) is an inde"
mitigate-ai-driven-power-concentration,fli/mitigate-ai-driven-power-concentration/0,2024,assumed,Bulletin of the Atomic Scientists,315975.0,"The Bulletin of the Atomic Scientists will produce articles investigating how AI developers gain influence and power in politics, information control, and military systems."
mitigate-ai-driven-power-concentration,fli/mitigate-ai-driven-power-concentration/1,2024,assumed,CalMatters,350000.0,CalMatters + The Markup will publish investigative projects exploring who controls AI development and its effects. They will create datasets that map patterns of influence and control in AI development and expand their  Digital Democracy  tools to track campaign contributions and lobbying efforts from AI companies to show how these organizations shape legislation.
mitigate-ai-driven-power-concentration,fli/mitigate-ai-driven-power-concentration/2,2024,assumed,Cambridge Existential Risk Initiative,157565.0,"This project will develop a risk index measuring how AI enables power concentration across all types of governments. The team will create a framework for measuring authoritarian AI risks and documenting AI's role in autocratization. Their work will include research on the full spectrum of political systems, including mature democracies."
mitigate-ai-driven-power-concentration,fli/mitigate-ai-driven-power-concentration/3,2024,assumed,Center for AI Safety (CAIS),500000.0,"AI development requires massive resources that create high barriers to entry, concentrating economic power among a few organizations and corporations. Open-sourcing AI models could democratize access, but this approach carries risks; safeguards can be  easily removed from models through fine-tuning, potentially enabling misuse. Building on  previous work , CAIS will create a Request for Proposals soliciting research on tamper-resistant safeguards for open-weight language models. Project title Center for Collective Intelligence Design Amount recommended $460,096.00 Primary investigator Kathy Peach No details available Project title Collective Intelligence Project Amount recommended $400,000.00 Primary investigator Joal Stein No details available Project title Convergence Analysis Amount recommended $280,000.00 Primary investigator David Kristoffersson No details available"
mitigate-ai-driven-power-concentration,fli/mitigate-ai-driven-power-concentration/4,2024,assumed,Formation Research,80300.0,"AI development risks creating scenarios where power structures become permanently fixed or ""locked in"" for long periods. Formation Research will create a predictive model to forecast the probability of different lock-in scenarios, construct and prioritize specific threat models, and develop interventions. They will build an evaluation framework and benchmark for assessing the lock-in risk of AI systems."
mitigate-ai-driven-power-concentration,fli/mitigate-ai-driven-power-concentration/5,2024,assumed,Institute for Security and Technology,242981.0,"Guidance for how agencies like the Federal Trade Commission, Department of Justice, and Department of Defense should balance competition concerns with national security implications when making antitrust decisions related to AI companies and systems is currently inadequate. The Institute for Security and Technology (IST), working with the Institute for Law & AI (LawAI), will create a framework to determine when and how federal agencies should consider national security concerns in AI-related antitrust enforcement."
mitigate-ai-driven-power-concentration,fli/mitigate-ai-driven-power-concentration/6,2024,assumed,Mila,446762.0,"AI systems can manipulate public discourse, particularly in pre-election social media discussions. Those controlling manipulation capabilities and platforms they are deployed onto can disproportionately influence democratic processes and social decision-making. Mila will create simulations of social contexts with a critical need for robustness to test defenses against AI-powered manipulation."
mitigate-ai-driven-power-concentration,fli/mitigate-ai-driven-power-concentration/7,2024,assumed,OpenMined Foundation,1661750.0,"AI companies depend on millions of data sources to train their models. Many data providers (news organizations, research institutions, content platforms) are taking  defensive measures like filing lawsuits or restricting access, but lack the infrastructure to maintain control or receive compensation. At the same time, AI companies build billion-dollar valuations from their data. OpenMined will create a proof-of-concept demonstrating federated infrastructure where data providers control their content while receiving per-query payments. Data providers will host content, process queries locally, and maintain decision rights over usage. Project title Peace Research and Education Program Amount recommended $350,000.00 Primary investigator Marine Ragnet No details available"
mitigate-ai-driven-power-concentration,fli/mitigate-ai-driven-power-concentration/8,2024,assumed,Project Libertas,395600.0,"This project will review laws and programs related to AI-enabled mass surveillance. Through literature review and expert interviews, they will integrate findings across terrorism studies, security research, and emergency powers research. The work will map the most likely scenarios for AI-enabled power concentration, identifying specific vulnerabilities in current governance systems and potential interventions that could prevent or limit abuses. Request for Proposal I. FLI launching new grants to oppose and mitigate AI-driven power concentration AI development is on course to concentrate power within a small number of groups, organizations, corporations, and individuals. Whether this entails the hoarding of resources, media control, or political authority, such concentration would be disastrous for everyone. We risk governments tyrannising with Orwellian surveillance, corporate monopolies crushing economic freedom, and rampant decision automation subverting meaningful individual agency. To combat these threats, FLI is launching a new grants program of up to $4M to support projects that work to mitigate the dangers of AI-driven power concentration and move towards a better world of meaningful human agency. Apply Here II. FLI’s position on power concentration The ungoverned  acceleration of AI development is on course to  concentrate further the bulk of power amongst a  very small number of organizations, corporations, and individuals . This would be disastrous for everyone. Power here could mean several things. It could mean the ownership of a decisive proportion of the world’s  financial ,  labor or  material resources , or at least the ability to exploit them. It could be control of  public attention ,  media narratives , or the  algorithms that decide what information we receive . It could simply be a  firm grip on political authority. Historically, power has entailed some combination of all three. A world where the transformative capabilities of AI are rolled out "
multistakeholder-engagement-for-safe-and-prosperous-ai,fli/multistakeholder-engagement-for-safe-and-prosperous-ai/0,2025,assumed,AI Objectives Institute,206000.0,Support for work with labor unions through their Talk to the City (T3C) platform.
multistakeholder-engagement-for-safe-and-prosperous-ai,fli/multistakeholder-engagement-for-safe-and-prosperous-ai/1,2025,assumed,Blueprint for Free Speech,345000.0,"Support to mobilize trade unions in Germany (Ver.di, IG Metall) and Greece (GSEE, ADEDY) to defend workers and society against AI misuse."
multistakeholder-engagement-for-safe-and-prosperous-ai,fli/multistakeholder-engagement-for-safe-and-prosperous-ai/2,2025,assumed,Common Sense Media,500000.0,"Support for ""Building Parent Power for AI Safety,"" which investigates children's AI usage concerns, develops safety resources, and drives legislative and corporate AI safety actions."
multistakeholder-engagement-for-safe-and-prosperous-ai,fli/multistakeholder-engagement-for-safe-and-prosperous-ai/3,2025,assumed,Economic Security Project Inc.,500000.0,Support for a project in Sacramento California to challenge Big Tech's dominance and advocate for public-serving technology governance through strategic policy fights and coalition building.
multistakeholder-engagement-for-safe-and-prosperous-ai,fli/multistakeholder-engagement-for-safe-and-prosperous-ai/4,2025,assumed,Ekō,500000.0,Support for an AI Corporate Accountability Hub.
multistakeholder-engagement-for-safe-and-prosperous-ai,fli/multistakeholder-engagement-for-safe-and-prosperous-ai/5,2025,assumed,Evitable,100000.0,Support for their work to prevent superintelligence advancement and normalize an international AI scaling moratorium.
multistakeholder-engagement-for-safe-and-prosperous-ai,fli/multistakeholder-engagement-for-safe-and-prosperous-ai/6,2025,assumed,Institute for Security and Technology (IST),484050.0,Support for a collaboration between the Institute for Security and Technology and AI and Faith to develop educational resources helping religious communities understand the ethical implications of AI development.
multistakeholder-engagement-for-safe-and-prosperous-ai,fli/multistakeholder-engagement-for-safe-and-prosperous-ai/7,2025,assumed,International Nuclear Heuristics Research (INHR),150000.0,Support for a U.S.-China-EU AI Safety Dialogue project aimed at developing comprehensive AI military safety policy recommendations.
multistakeholder-engagement-for-safe-and-prosperous-ai,fli/multistakeholder-engagement-for-safe-and-prosperous-ai/8,2025,assumed,Mindstream Project Ltd.,60000.0,"Support for the """"Engaged Buddhists for Responsible AI Initiative"""" to map the Buddhist landscape's potential for AI safety engagement."
multistakeholder-engagement-for-safe-and-prosperous-ai,fli/multistakeholder-engagement-for-safe-and-prosperous-ai/9,2025,assumed,National Association of Voice Actors,300000.0,Support for a Global Creatives AI Summit focusing on the impact of AI on the creative economy and promoting humans at the center of art and creativity.
multistakeholder-engagement-for-safe-and-prosperous-ai,fli/multistakeholder-engagement-for-safe-and-prosperous-ai/10,2025,assumed,Palisade Research,500000.0,Support for raising awareness about potential strategic risks from superhuman AI systems.
multistakeholder-engagement-for-safe-and-prosperous-ai,fli/multistakeholder-engagement-for-safe-and-prosperous-ai/11,2025,assumed,PauseAI US,200000.0,"Support to raise public awareness and build community engagement for responsible AI development, emphasizing the message: ""Don't build powerful AI systems until we know how to keep them safe."""
multistakeholder-engagement-for-safe-and-prosperous-ai,fli/multistakeholder-engagement-for-safe-and-prosperous-ai/12,2025,assumed,Stichting PauseAI,500000.0,Support for the Catalyst Project to train university students and workers in AI-disrupted fields to build grassroots organizing networks.
multistakeholder-engagement-for-safe-and-prosperous-ai,fli/multistakeholder-engagement-for-safe-and-prosperous-ai/13,2025,assumed,Young People’s Alliance Education Fund,498114.0,"Support for a bipartisan youth-led AI framework and building a civil society coalition. Request for Proposal In summary, this grant program: Seeks to fund projects that either: Educate and engage specific stakeholder groups on AI issues; Deliver grassroots outreach and organization with the public. Projects funded are likely to be in the $100k-$500k range, and the total value of the grant program will be up to $5M. Projects can be funded for up to three years in duration. Multi-year grant applications are welcome, but if approved, only the first year will be officially awarded and payed out initially, with future payments contingent on satisfactory progress. Individuals, groups or entities working in academic and other non-profit institutions are eligible (if you are not affiliated with a non-profit institution, there are many fiscal sponsors that can help administer your grant). Anybody can apply, but applications must be in English. There is an  open call for Letters of Intent (LOI). The deadline for these LOI is  Tuesday, February 4, 2025 at 11:59pm Eastern Time. This must include: A 200-word project summary; A 200-word impact statement; A 200-word statement on track record. Applicants will be informed by Monday, February 24, 2025 if they are invited to submit a full proposal. See below for our project priorities and full eligibility criteria. Please direct any questions about this grant program to grants@futureoflife.org. I. Summary According to leading experts and the CEOs of AI corporations, capability advancements over next five years will see the creation of incredibly powerful systems—systems that outpace humans at virtually every task. It is almost certain that these will completely transform our society, our economy, and our very lives, for better or worse. Polls repeatedly reveal that industry, different communities, civil society, and the general public are rightly alarmed at the scale and speed of this transformation, and are anxious to make sure that "
nuclear-war-research,fli/nuclear-war-research/0,2022,assumed,Advanced ensemble projections for indirect impacts of nuclear war in global food systems,462024.0,
nuclear-war-research,fli/nuclear-war-research/1,2022,assumed,Constraining Nuclear War Fire Emissions and their Impacts on the Climate System,450000.0,
nuclear-war-research,fli/nuclear-war-research/2,2022,assumed,Halogen-catalyzed reactions on smoke destroy the ozone layer after regional nuclear war,283857.0,"The potential destruction of the ozone layer by nuclear war poses grave dangers to humanity and ecosystems. In addition to direct effects on surface climate, previous studies of regional scale nuclear exchanges and associated fires have considered how injection of reactive nitrogen and smoke heating could deplete stratospheric ozone. However, studies of urban fires provide evidence for substantial emissions of chlorine, bromine and possibly iodine compounds (for example, from the burning of plastics, flame retardants, home insulation, medical materials, etc.). We propose to evaluate how much these potent ozone-destroying chemicals would add to current estimates of ozone loss following nuclear exchanges. Further, new studies in our group have altered the fundamental understanding of atmospheric chemistry impacts of fire smoke, and are highly likely to increase expected stratospheric ozone losses following nuclear war from these emissions. We have shown that greatly enhanced solubility of hydrochloric acid in oxidized organic smoke particles enhances chlorine-catalyzed ozone destruction. While the Antarctic ozone hole is currently slated to recover by the 2060s, we will probe the extent to which a nuclear exchange could not only bring it back but make it global, i.e., reversing one of humanity's great environmental achievements and driving widespread devastation."
nuclear-war-research,fli/nuclear-war-research/3,2022,assumed,Impacts of Nuclear War on Agriculture and Global Food Security,500000.0,
nuclear-war-research,fli/nuclear-war-research/4,2022,assumed,Improving the representation of crop production losses due to nuclear conflict (CODEC),500000.0,
nuclear-war-research,fli/nuclear-war-research/5,2022,assumed,StratospHeric aerosol Impacts under Various nuclEaR conflict scenarios (SHIVER),272000.0,
nuclear-war-research,fli/nuclear-war-research/6,2022,assumed,Studies of Environmental Impacts of Nuclear Conflicts,500000.0,
nuclear-war-research,fli/nuclear-war-research/7,2022,assumed,TARGETMAP: A Tool for Generating Nuclear War Scenarios,144992.0,
nuclear-war-research,fli/nuclear-war-research/8,2022,assumed,The cascading impacts of postnuclear ultraviolet radiation on photosynthesizers in the Earth system,494534.0,
nuclear-war-research,fli/nuclear-war-research/9,2022,assumed,WUDAPT-based framework for numerical simulations of nuclear urban fires and pyroconvective plumes,450127.0,
rfp-on-religious-projects,fli/rfp-on-religious-projects/0,2025,assumed,American Shield,56980.0,"This project will create media resources and offer monthly online sessions to engage Presbyterian and other Christian clergy, theologians, and church congregations in the United States on a range of AI impacts, from child safety to existential questions."
rfp-on-religious-projects,fli/rfp-on-religious-projects/1,2025,assumed,Facta est Lux,50000.0,"Eastern Orthodox scholars - from the Ecumenical Patriarchate, and Serbian, Romanian, Bulgarian, and Polish Orthodox Churches - will examine AI's impact on human persons, children, and family."
rfp-on-religious-projects,fli/rfp-on-religious-projects/2,2025,assumed,Faith Matters,125000.0,"This project will support the Latter-day Saint hosted Organized Intelligence conference on AI for Human Flourishing, work towards a Magna Carta of AI, and seed a new Multifaith AI Council in Utah."
rfp-on-religious-projects,fli/rfp-on-religious-projects/3,2025,assumed,Gospel Coalition,200000.0,"The Gospel Coalition, a leading evangelical Christian website, will address theologically sound use of AI in its “Silicon Spiritualities” podcast, Keller Center Annual Fellows retreat, TGC Women’s Conference, and ministry leader training sessions."
rfp-on-religious-projects,fli/rfp-on-religious-projects/4,2025,assumed,Greek Orthodox Archdiocese of America,105000.0,"Orthodox Christian scholars and church leaders will offer a perspective on AI grounded in Orthodox theology, Scripture, Tradition, and the Patristics. Their work, emphasizing human dignity and moral boundaries, will provide education and formation for the faithful."
rfp-on-religious-projects,fli/rfp-on-religious-projects/5,2025,assumed,IBA Karachi,50000.0,This initiative in Pakistan will bridge traditional Islamic knowledge with contemporary technological insights to provide ethical guidance and social-moral implications on AI's future development and impact.
rfp-on-religious-projects,fli/rfp-on-religious-projects/6,2025,assumed,ILINA Project,90671.0,The African Faith & AI Initiative focuses on engaging religious leaders from Christianity and Islam in addressing AI challenges and equipping them to respond in their own contexts.
rfp-on-religious-projects,fli/rfp-on-religious-projects/7,2025,assumed,Impact Academy,201105.0,"Based in India, this initiative will create pro-human AI visions, establish moral boundaries for AI development, and generate a consensus statement reflecting the perspectives of Hinduism and Indian spirituality more broadly."
rfp-on-religious-projects,fli/rfp-on-religious-projects/8,2025,assumed,Lausanne Movement,50000.0,This project seeks to engage evangelical Christian leadership in critical discussions about AI development and provide moral guidance on emerging technologies for the worldwide evangelical movement.
rfp-on-religious-projects,fli/rfp-on-religious-projects/9,2025,assumed,MOUATANA,128970.0,"A coalition of Islamic scholars from across the Middle East and North Africa will produce a declaration on Islamic principles for AI, enhance religious leadership's technological understanding, provide moral guidance for Muslim communities, and contribute to global AI discourse."
rfp-on-religious-projects,fli/rfp-on-religious-projects/10,2025,assumed,New Polity,100000.0,"New Polity, a leading Catholic media organisation in the United States, will host a landmark event in the US capital to celebrate “Magnificent Humanity” and unite Catholics opposed to inhuman powerful AI serving an unjust technocratic paradigm."
rfp-on-religious-projects,fli/rfp-on-religious-projects/11,2025,assumed,Project Imago Dei,47500.0,This project will educate evangelical Christian churches in the US about AI's current capabilities and potential risks by means of small-group sessions and a media presence.
rfp-on-religious-projects,fli/rfp-on-religious-projects/12,2025,assumed,Sinai and Synapses,100000.0,"This Reform Jewish project will inform rabbis on AI, examine social justice impacts and political education opportunities, and plan interfaith partnerships to promote a human future."
rfp-on-religious-projects,fli/rfp-on-religious-projects/13,2025,assumed,The World Council of Churches,100000.0,This network of around 350 Christian churches from over 120 countries will establish key red lines for AI and aim to guide global AI governance that mitigates the risks of advanced AI and democratises its benefits.
rfp-on-religious-projects,fli/rfp-on-religious-projects/14,2025,assumed,University of Ljubljana,100050.0,This Europe-based project will help Catholic leaders understand AI technological developments while protecting human dignity and moral agency.
rfp-on-religious-projects,fli/rfp-on-religious-projects/15,2025,assumed,Wheaton College,55000.0,"This project out of Wheaton College will develop a curriculum to educate pastors on the spiritual and psychological dangers of social AI. Request for Proposal I.  Executive  Summary The major artificial intelligence corporations are racing to develop systems that not merely exceed humans at particular cognitive tasks, but which are also general-purpose, superhuman at most tasks, and, crucially, autonomous enough to erode meaningful human control and replace human labour. This race is soaking up unprecedented amounts of capital, data and energy, and concentrating power in ever fewer hands; fewer and fewer people are getting a say in what the future will look like. Meanwhile, as new capability benchmarks and levels of agency are reached, myriad new risks to humanity are introduced, for which the world is almost entirely unprepared. The need has never been greater for wiser leadership, to provide moral red lines in order to avert peril. Religious leaders can provide this in unique ways. Equally, different groups with deeply held and fundamentally distinctive worldviews must get moving now to ensure that they can continue to pursue and protect their own particular visions of the good into the future. The time for religious groups to step up is now. Initiatives supported by this program might involve academic research, policy efforts, public awareness campaigns, detailed surveying and polling of religious opinion on AI, the creation of resources and projects to equip leaders, policy efforts, public awareness campaigns, workshops, debates, forums or other convenings of academics and faith leaders at local, national and even regional levels. Responding to the speed of AI developments, FLI will look to support fast-moving initiatives whose early  results can be seen within a year. We are looking to support projects that focus on either: Working to educate and engage different specific religious groups, bringing them to the table in the fight for a positive AI future. Public"
